	chrI	1	0	0.5	136
	chrI	19	0	0.5	27
	chrI	31	0	0.5	30
	chrI	32	0	0.5	151
	chrI	49	1	0.5	29
	chrI	50	0	0.5	74
	chrI	52	0	0.5	115
	chrI	62	1	0.5	30
	chrI	77	0	0.5	84
	chrI	77	0	0.5	117
	chrI	86	0	0.5	58
	chrI	111	0	0.5	87
	chrI	114	0	0.5	122
	chrI	115	0	0.5	151
	chrI	118	0	0.5	144
	chrI	120	0	0.5	115
	chrI	126	1	0.5	74
	chrI	140	0	0.5	51
	chrI	145	1	0.5	58
	chrI	163	1	0.5	84
	chrI	168	1	0.5	115
	chrI	172	0	1.0	147
	chrI	186	0	0.5	145
	chrI	187	1	0.5	151
	chrI	188	1	0.5	151
	chrI	190	0	0.5	151
	chrI	193	1	0.5	51
	chrI	196	1	0.5	117
	chrI	199	1	0.5	87
	chrI	201	0	0.5	151
	chrI	201	0	0.5	105
	chrI	222	0	0.5	139
	chrI	236	0	0.5	67
	chrI	236	1	0.5	115
	chrI	237	1	0.5	122
	chrI	238	0	0.5	151
	chrI	238	0	0.5	51
	chrI	261	1	0.5	144
	chrI	266	0	0.5	121
	chrI	278	0	0.5	59
	chrI	290	1	0.5	51
	chrI	307	1	0.5	67
	chrI	309	1	0.5	105
	chrI	310	1	0.5	151
	chrI	318	1	1.0	147
	chrI	330	1	0.5	145
	chrI	331	0	0.5	70
	chrI	332	0	0.5	99
	chrI	339	1	0.5	59
	chrI	347	0	0.5	151
	chrI	349	0	0.5	120
	chrI	349	0	0.5	123
	chrI	360	1	0.5	139
	chrI	372	1	0.5	151
	chrI	388	1	0.5	121
	chrI	397	1	0.5	151
	chrI	403	1	0.5	70
	chrI	428	0	0.5	136
	chrI	431	1	0.5	99
	chrI	445	1	0.5	151
	chrI	448	0	0.5	99
	chrI	448	0	0.5	113
	chrI	449	0	0.5	131
	chrI	450	0	0.5	125
	chrI	471	1	0.5	120
	chrI	471	1	0.5	123
	chrI	492	0	0.5	60
	chrI	504	0	0.5	73
	chrI	510	0	0.5	58
	chrI	514	1	0.5	151
	chrI	521	0	0.5	151
	chrI	549	1	0.5	99
	chrI	554	1	0.5	60
	chrI	563	1	0.5	136
	chrI	563	1	0.5	113
	chrI	569	1	0.5	58
	chrI	576	1	0.5	125
	chrI	577	1	0.5	73
	chrI	579	0	1.0	122
	chrI	579	1	0.5	131
	chrI	636	0	0.5	84
	chrI	644	0	1.5	78
	chrI	646	0	0.5	77
	chrI	676	0	1.5	151
	chrI	679	0	0.5	151
	chrI	702	1	0.5	151
	chrI	702	1	1.0	122
	chrI	708	0	0.5	106
	chrI	708	0	1.5	124
	chrI	709	0	0.5	74
	chrI	709	0	0.5	85
	chrI	709	0	0.5	94
	chrI	709	0	1.0	107
	chrI	710	0	0.5	74
	chrI	716	0	0.5	59
	chrI	716	0	0.5	115
	chrI	717	0	0.5	63
	chrI	722	0	0.5	53
	chrI	722	1	1.5	78
	chrI	723	1	0.5	84
	chrI	724	1	0.5	77
	chrI	725	0	0.5	151
	chrI	727	0	0.5	55
	chrI	744	0	0.5	72
	chrI	776	1	0.5	59
	chrI	778	1	0.5	53
	chrI	781	1	0.5	63
	chrI	784	0	0.5	151
	chrI	784	1	0.5	55
	chrI	784	1	0.5	74
	chrI	785	0	0.5	151
	chrI	786	1	0.5	74
	chrI	787	0	1.5	151
	chrI	789	0	0.5	72
	chrI	793	0	1.0	151
	chrI	795	1	0.5	85
	chrI	799	0	0.5	151
	chrI	804	0	0.5	151
	chrI	804	1	0.5	94
	chrI	807	0	1.0	124
	chrI	816	1	0.5	106
	chrI	818	1	0.5	72
	chrI	818	1	1.0	107
	chrI	832	1	0.5	115
	chrI	833	1	1.5	124
	chrI	835	1	1.5	151
	chrI	847	0	0.5	47
	chrI	854	0	1.0	60
	chrI	862	1	0.5	151
	chrI	863	1	0.5	72
	chrI	866	0	0.5	120
	chrI	874	0	0.5	104
	chrI	874	0	0.5	106
	chrI	882	0	0.5	64
	chrI	894	1	0.5	47
	chrI	907	1	0.5	151
	chrI	911	0	0.5	132
	chrI	914	0	0.5	124
	chrI	915	1	1.0	60
	chrI	932	1	1.0	124
	chrI	947	1	1.0	151
	chrI	949	1	0.5	64
	chrI	954	0	0.5	151
	chrI	961	1	2.0	151
	chrI	962	1	0.5	151
	chrI	964	1	0.5	151
	chrI	971	1	0.5	151
	chrI	974	0	0.5	151
	chrI	980	1	0.5	104
	chrI	980	1	0.5	106
	chrI	987	0	0.5	88
	chrI	987	1	0.5	120
	chrI	997	0	1.0	92
	chrI	997	0	1.0	93
	chrI	1003	0	0.5	107
	chrI	1013	0	0.5	109
	chrI	1013	0	0.5	110
	chrI	1017	0	0.5	110
	chrI	1027	0	0.5	113
	chrI	1037	1	0.5	124
	chrI	1042	1	0.5	132
	chrI	1066	0	1.0	91
	chrI	1076	1	0.5	88
	chrI	1091	1	1.0	92
	chrI	1091	1	1.0	93
	chrI	1105	1	0.5	151
	chrI	1107	0	0.5	151
	chrI	1113	1	0.5	107
	chrI	1123	1	0.5	109
	chrI	1123	1	0.5	110
	chrI	1128	1	0.5	151
	chrI	1129	1	0.5	110
	chrI	1132	0	1.0	151
	chrI	1143	1	0.5	113
	chrI	1157	1	1.0	91
	chrI	1225	0	0.5	151
	chrI	1236	0	0.5	38
	chrI	1253	0	0.5	118
	chrI	1262	0	0.5	139
	chrI	1264	0	0.5	151
	chrI	1268	0	0.5	151
	chrI	1274	1	0.5	38
	chrI	1276	1	0.5	151
	chrI	1284	1	1.0	151
	chrI	1300	0	1.0	124
	chrI	1323	0	0.5	92
	chrI	1354	0	0.5	128
	chrI	1372	1	0.5	118
	chrI	1400	1	0.5	139
	chrI	1403	0	0.5	150
	chrI	1416	1	0.5	92
	chrI	1419	0	0.5	84
	chrI	1423	0	0.5	70
	chrI	1428	1	1.0	124
	chrI	1429	0	0.5	75
	chrI	1430	0	0.5	151
	chrI	1430	0	0.5	73
	chrI	1430	0	0.5	78
	chrI	1430	0	0.5	84
	chrI	1430	1	0.5	151
	chrI	1433	0	0.5	29
	chrI	1442	1	0.5	151
	chrI	1445	0	0.5	151
	chrI	1447	1	0.5	151
	chrI	1448	0	0.5	63
	chrI	1449	0	0.5	151
	chrI	1457	0	0.5	116
	chrI	1462	1	0.5	29
	chrI	1482	1	0.5	128
	chrI	1487	0	0.5	65
	chrI	1492	0	0.5	74
	chrI	1495	1	0.5	70
	chrI	1499	1	0.5	66
	chrI	1505	1	0.5	75
	chrI	1506	0	0.5	151
	chrI	1506	1	0.5	84
	chrI	1507	1	0.5	78
	chrI	1508	0	2.0	151
	chrI	1508	0	0.5	51
	chrI	1513	1	0.5	63
	chrI	1513	1	0.5	84
	chrI	1515	0	0.5	123
	chrI	1519	0	2.5	151
	chrI	1552	1	0.5	65
	chrI	1556	0	0.5	112
	chrI	1561	1	0.5	51
	chrI	1568	1	0.5	74
	chrI	1573	1	0.5	116
	chrI	1585	0	0.5	84
	chrI	1600	1	0.5	151
	chrI	1602	0	0.5	151
	chrI	1602	1	0.5	151
	chrI	1611	1	0.5	151
	chrI	1624	0	0.5	151
	chrI	1633	0	0.5	151
	chrI	1634	0	0.5	151
	chrI	1639	0	0.5	151
	chrI	1639	1	0.5	123
	chrI	1645	0	0.5	83
	chrI	1649	0	0.5	98
	chrI	1663	1	1.0	151
	chrI	1664	1	1.0	151
	chrI	1669	1	0.5	112
	chrI	1670	0	0.5	139
	chrI	1671	1	0.5	84
	chrI	1673	0	1.0	146
	chrI	1678	1	2.5	151
	chrI	1683	0	0.5	136
	chrI	1683	0	0.5	151
	chrI	1687	1	0.5	151
	chrI	1688	0	1.0	151
	chrI	1695	0	0.5	96
	chrI	1713	0	0.5	126
	chrI	1714	0	0.5	88
	chrI	1728	1	0.5	83
	chrI	1749	1	0.5	98
	chrI	1773	1	0.5	151
	chrI	1785	1	0.5	151
	chrI	1786	0	0.5	119
	chrI	1786	0	0.5	120
	chrI	1789	1	0.5	151
	chrI	1791	1	0.5	96
	chrI	1800	1	0.5	151
	chrI	1802	1	0.5	88
	chrI	1808	1	0.5	139
	chrI	1817	1	0.5	151
	chrI	1818	1	0.5	136
	chrI	1818	1	1.0	146
	chrI	1828	0	0.5	79
	chrI	1839	1	0.5	126
	chrI	1840	1	0.5	151
	chrI	1841	1	1.0	151
	chrI	1843	0	0.5	48
	chrI	1854	1	0.5	151
	chrI	1891	0	0.5	151
	chrI	1893	1	0.5	48
	chrI	1906	1	0.5	119
	chrI	1906	1	0.5	120
	chrI	1909	1	0.5	79
	chrI	1944	0	0.5	113
	chrI	1965	0	1.0	147
	chrI	1967	0	0.5	42
	chrI	1992	0	1.5	140
	chrI	1993	0	0.5	151
	chrI	2009	1	0.5	42
	chrI	2057	1	0.5	151
	chrI	2059	1	0.5	113
	chrI	2064	0	0.5	137
	chrI	2066	0	0.5	109
	chrI	2111	1	1.0	147
	chrI	2116	0	0.5	81
	chrI	2131	1	1.5	140
	chrI	2151	0	0.5	96
	chrI	2172	1	0.5	151
	chrI	2175	1	0.5	109
	chrI	2176	0	2.5	151
	chrI	2180	0	0.5	98
	chrI	2197	1	0.5	81
	chrI	2200	1	0.5	137
	chrI	2246	0	0.5	151
	chrI	2247	0	0.5	95
	chrI	2247	0	0.5	98
	chrI	2247	1	0.5	96
	chrI	2279	0	0.5	62
	chrI	2279	1	0.5	98
	chrI	2300	0	0.5	140
	chrI	2301	0	1.0	104
	chrI	2327	0	0.5	127
	chrI	2333	1	1.5	151
	chrI	2334	0	1.0	115
	chrI	2334	0	0.5	116
	chrI	2335	0	0.5	79
	chrI	2336	0	0.5	125
	chrI	2340	1	1.0	151
	chrI	2341	0	0.5	151
	chrI	2341	1	0.5	62
	chrI	2342	0	0.5	151
	chrI	2343	0	1.0	151
	chrI	2346	1	0.5	95
	chrI	2346	1	0.5	98
	chrI	2361	0	0.5	148
	chrI	2410	1	1.0	104
	chrI	2415	1	0.5	79
	chrI	2416	0	0.5	151
	chrI	2424	1	0.5	151
	chrI	2426	0	0.5	133
	chrI	2439	1	0.5	140
	chrI	2442	0	0.5	151
	chrI	2450	0	0.5	125
	chrI	2450	1	1.0	115
	chrI	2450	1	0.5	116
	chrI	2456	0	0.5	103
	chrI	2456	1	0.5	127
	chrI	2462	1	0.5	125
	chrI	2464	0	0.5	151
	chrI	2469	0	0.5	90
	chrI	2481	0	0.5	151
	chrI	2486	0	0.5	110
	chrI	2491	0	0.5	68
	chrI	2491	0	0.5	111
	chrI	2492	0	1.0	114
	chrI	2502	0	0.5	78
	chrI	2508	1	0.5	148
	chrI	2508	1	0.5	151
	chrI	2509	1	1.0	151
	chrI	2511	0	0.5	85
	chrI	2515	0	0.5	86
	chrI	2558	1	0.5	133
	chrI	2560	1	0.5	68
	chrI	2560	1	0.5	103
	chrI	2561	0	0.5	151
	chrI	2562	1	0.5	90
	chrI	2572	0	1.0	151
	chrI	2574	1	0.5	151
	chrI	2575	1	0.5	151
	chrI	2576	1	0.5	125
	chrI	2577	0	1.5	151
	chrI	2581	0	0.5	89
	chrI	2581	1	0.5	78
	chrI	2590	0	1.0	151
	chrI	2593	0	1.0	47
	chrI	2597	1	0.5	85
	chrI	2597	1	0.5	110
	chrI	2601	0	0.5	46
	chrI	2604	1	0.5	86
	chrI	2604	1	0.5	111
	chrI	2606	1	1.0	114
	chrI	2612	1	0.5	151
	chrI	2615	0	1.0	151
	chrI	2624	1	0.5	151
	chrI	2641	1	1.0	47
	chrI	2644	0	0.5	113
	chrI	2648	1	0.5	46
	chrI	2671	1	0.5	89
	chrI	2677	0	0.5	56
	chrI	2688	0	0.5	151
	chrI	2707	0	1.5	99
	chrI	2708	0	0.5	44
	chrI	2713	0	0.5	135
	chrI	2715	1	0.5	151
	chrI	2720	0	0.5	146
	chrI	2735	1	0.5	56
	chrI	2741	1	2.5	151
	chrI	2742	0	0.5	39
	chrI	2748	1	1.0	151
	chrI	2749	0	0.5	151
	chrI	2750	1	0.5	151
	chrI	2751	0	1.0	151
	chrI	2752	0	1.0	151
	chrI	2753	0	0.5	61
	chrI	2753	1	0.5	44
	chrI	2757	1	0.5	113
	chrI	2782	1	0.5	39
	chrI	2783	0	1.0	151
	chrI	2799	0	3.5	132
	chrI	2807	1	1.5	99
	chrI	2817	1	0.5	61
	chrI	2818	0	0.5	142
	chrI	2838	1	0.5	151
	chrI	2843	0	0.5	62
	chrI	2847	1	0.5	135
	chrI	2849	1	1.0	151
	chrI	2865	1	0.5	146
	chrI	2875	0	0.5	137
	chrI	2906	1	0.5	62
	chrI	2913	0	0.5	151
	chrI	2915	0	0.5	142
	chrI	2925	0	0.5	75
	chrI	2925	1	0.5	151
	chrI	2929	1	1.5	151
	chrI	2930	0	3.0	151
	chrI	2930	1	3.5	132
	chrI	2931	0	0.5	151
	chrI	2949	0	0.5	151
	chrI	2951	1	0.5	151
	chrI	2959	1	0.5	142
	chrI	2964	0	0.5	151
	chrI	2969	1	1.0	151
	chrI	2986	0	0.5	151
	chrI	3001	1	0.5	75
	chrI	3011	1	0.5	137
	chrI	3018	0	0.5	151
	chrI	3031	0	0.5	60
	chrI	3040	0	0.5	105
	chrI	3056	1	0.5	142
	chrI	3085	0	0.5	151
	chrI	3092	1	0.5	60
	chrI	3102	1	0.5	151
	chrI	3108	1	0.5	151
	chrI	3113	0	0.5	141
	chrI	3116	0	1.0	137
	chrI	3116	0	1.5	151
	chrI	3119	1	0.5	151
	chrI	3122	1	3.5	151
	chrI	3148	1	0.5	105
	chrI	3151	1	0.5	151
	chrI	3183	0	0.5	151
	chrI	3192	0	1.0	93
	chrI	3194	0	0.5	151
	chrI	3196	0	0.5	145
	chrI	3196	0	0.5	151
	chrI	3197	0	0.5	54
	chrI	3213	0	0.5	151
	chrI	3224	1	0.5	151
	chrI	3251	1	0.5	54
	chrI	3252	1	1.0	137
	chrI	3253	1	0.5	141
	chrI	3255	0	1.0	151
	chrI	3273	0	0.5	136
	chrI	3284	0	0.5	151
	chrI	3286	1	0.5	151
	chrI	3286	1	1.0	93
	chrI	3287	0	0.5	151
	chrI	3289	0	1.0	139
	chrI	3294	0	0.5	38
	chrI	3304	0	0.5	151
	chrI	3304	1	1.0	151
	chrI	3319	0	0.5	60
	chrI	3324	0	0.5	151
	chrI	3328	0	0.5	151
	chrI	3334	1	0.5	38
	chrI	3340	1	0.5	145
	chrI	3350	0	0.5	151
	chrI	3354	0	0.5	151
	chrI	3362	1	0.5	151
	chrI	3375	0	0.5	132
	chrI	3377	0	0.5	104
	chrI	3378	1	0.5	151
	chrI	3380	1	0.5	60
	chrI	3405	0	1.0	113
	chrI	3405	0	1.0	115
	chrI	3408	1	0.5	136
	chrI	3411	1	0.5	151
	chrI	3414	0	0.5	86
	chrI	3426	1	0.5	149
	chrI	3427	1	1.0	139
	chrI	3427	1	1.0	151
	chrI	3460	1	0.5	151
	chrI	3464	1	0.5	151
	chrI	3469	0	0.5	111
	chrI	3469	0	0.5	112
	chrI	3483	1	0.5	104
	chrI	3485	1	1.0	151
	chrI	3487	0	0.5	151
	chrI	3499	1	0.5	151
	chrI	3501	1	0.5	86
	chrI	3506	1	0.5	132
	chrI	3520	1	1.0	113
	chrI	3520	1	1.0	115
	chrI	3521	0	0.5	151
	chrI	3521	1	0.5	151
	chrI	3524	0	0.5	72
	chrI	3526	1	0.5	151
	chrI	3530	0	0.5	81
	chrI	3540	0	0.5	151
	chrI	3553	0	0.5	104
	chrI	3576	0	1.0	151
	chrI	3581	1	0.5	111
	chrI	3581	1	0.5	112
	chrI	3583	1	0.5	151
	chrI	3590	0	1.0	151
	chrI	3599	1	0.5	72
	chrI	3600	0	0.5	104
	chrI	3610	0	0.5	104
	chrI	3611	1	0.5	81
	chrI	3613	0	1.0	60
	chrI	3618	0	1.5	151
	chrI	3629	0	0.5	151
	chrI	3643	0	1.0	151
	chrI	3652	1	0.5	151
	chrI	3656	0	0.5	151
	chrI	3658	1	0.5	104
	chrI	3675	1	1.0	60
	chrI	3676	0	0.5	151
	chrI	3679	0	0.5	151
	chrI	3684	0	2.0	151
	chrI	3684	1	0.5	151
	chrI	3685	0	0.5	99
	chrI	3704	1	0.5	104
	chrI	3709	1	0.5	151
	chrI	3715	1	0.5	104
	chrI	3716	0	0.5	151
	chrI	3741	0	1.0	136
	chrI	3744	1	1.0	151
	chrI	3749	1	1.0	151
	chrI	3753	0	1.0	145
	chrI	3754	0	0.5	151
	chrI	3763	0	1.0	110
	chrI	3778	0	1.0	151
	chrI	3783	1	1.5	151
	chrI	3785	1	0.5	151
	chrI	3786	1	0.5	99
	chrI	3793	0	0.5	96
	chrI	3800	0	0.5	151
	chrI	3804	1	0.5	151
	chrI	3812	0	0.5	137
	chrI	3816	0	0.5	151
	chrI	3829	1	0.5	151
	chrI	3830	1	0.5	151
	chrI	3831	0	0.5	151
	chrI	3835	1	0.5	151
	chrI	3843	1	0.5	151
	chrI	3845	0	0.5	127
	chrI	3847	1	1.5	151
	chrI	3848	1	0.5	151
	chrI	3849	0	0.5	151
	chrI	3875	1	1.0	110
	chrI	3876	1	1.0	136
	chrI	3878	1	0.5	151
	chrI	3890	1	0.5	96
	chrI	3897	1	1.0	145
	chrI	3909	0	0.5	151
	chrI	3922	1	0.5	151
	chrI	3948	1	0.5	137
	chrI	3956	1	1.0	151
	chrI	3962	0	0.5	151
	chrI	3962	1	0.5	151
	chrI	3964	0	1.0	151
	chrI	3970	0	0.5	151
	chrI	3973	1	0.5	151
	chrI	3973	1	0.5	127
	chrI	3977	0	0.5	151
	chrI	3981	0	0.5	147
	chrI	3990	0	0.5	151
	chrI	3993	0	0.5	151
	chrI	3999	1	0.5	149
	chrI	4000	1	0.5	151
	chrI	4025	0	0.5	151
	chrI	4034	0	1.0	151
	chrI	4035	0	0.5	151
	chrI	4090	0	0.5	151
	chrI	4096	0	0.5	90
	chrI	4121	1	0.5	151
	chrI	4124	1	1.0	151
	chrI	4127	1	0.5	147
	chrI	4132	1	0.5	151
	chrI	4134	1	0.5	151
	chrI	4185	1	0.5	151
	chrI	4188	1	0.5	90
	chrI	4192	1	0.5	151
	chrI	4200	0	1.0	83
	chrI	4207	1	0.5	151
	chrI	4209	0	0.5	151
	chrI	4210	0	0.5	151
	chrI	4210	0	0.5	98
	chrI	4213	0	0.5	151
	chrI	4213	0	0.5	86
	chrI	4219	1	0.5	151
	chrI	4229	0	1.0	151
	chrI	4231	0	0.5	118
	chrI	4240	0	1.0	151
	chrI	4254	1	0.5	151
	chrI	4257	0	0.5	151
	chrI	4265	1	0.5	151
	chrI	4270	1	0.5	151
	chrI	4275	0	0.5	151
	chrI	4285	1	1.0	83
	chrI	4292	0	0.5	151
	chrI	4295	1	0.5	151
	chrI	4302	1	0.5	86
	chrI	4309	0	0.5	56
	chrI	4310	1	0.5	98
	chrI	4329	0	0.5	151
	chrI	4336	0	0.5	151
	chrI	4348	0	0.5	140
	chrI	4349	0	0.5	151
	chrI	4352	1	0.5	118
	chrI	4361	0	0.5	151
	chrI	4362	0	0.5	151
	chrI	4365	1	0.5	56
	chrI	4369	1	0.5	151
	chrI	4381	1	0.5	151
	chrI	4386	0	0.5	151
	chrI	4407	0	0.5	151
	chrI	4415	0	1.5	151
	chrI	4416	1	0.5	151
	chrI	4422	1	1.0	151
	chrI	4428	1	0.5	151
	chrI	4435	0	1.5	151
	chrI	4454	0	0.5	61
	chrI	4482	0	0.5	121
	chrI	4484	0	0.5	151
	chrI	4487	1	0.5	140
	chrI	4493	1	0.5	151
	chrI	4512	1	0.5	151
	chrI	4515	0	0.5	61
	chrI	4516	1	0.5	61
	chrI	4519	1	0.5	151
	chrI	4524	1	0.5	151
	chrI	4539	0	0.5	149
	chrI	4540	1	0.5	151
	chrI	4550	1	0.5	151
	chrI	4562	1	1.0	151
	chrI	4567	1	0.5	151
	chrI	4568	0	1.0	151
	chrI	4569	1	1.0	151
	chrI	4579	1	0.5	61
	chrI	4591	0	0.5	151
	chrI	4593	0	1.0	87
	chrI	4595	1	0.5	151
	chrI	4596	0	0.5	151
	chrI	4602	1	0.5	121
	chrI	4611	0	0.5	94
	chrI	4614	1	1.5	151
	chrI	4624	0	0.5	151
	chrI	4627	0	0.5	125
	chrI	4652	0	0.5	151
	chrI	4662	0	0.5	103
	chrI	4665	1	0.5	151
	chrI	4670	0	0.5	151
	chrI	4677	1	0.5	151
	chrI	4680	1	1.0	87
	chrI	4687	1	0.5	149
	chrI	4690	0	0.5	55
	chrI	4691	0	1.0	151
	chrI	4706	1	0.5	94
	chrI	4729	1	1.0	151
	chrI	4741	0	0.5	151
	chrI	4746	1	0.5	55
	chrI	4749	1	0.5	151
	chrI	4750	0	1.0	145
	chrI	4751	0	0.5	69
	chrI	4751	1	0.5	151
	chrI	4752	1	0.5	125
	chrI	4755	0	0.5	151
	chrI	4756	0	1.0	87
	chrI	4757	1	0.5	151
	chrI	4763	0	0.5	140
	chrI	4767	1	0.5	103
	chrI	4784	1	0.5	151
	chrI	4816	1	0.5	151
	chrI	4823	1	0.5	69
	chrI	4834	1	0.5	151
	chrI	4844	1	1.0	87
	chrI	4857	0	0.5	97
	chrI	4894	1	1.0	145
	chrI	4894	1	1.0	151
	chrI	4896	0	1.0	150
	chrI	4898	1	0.5	151
	chrI	4899	0	0.5	148
	chrI	4902	1	0.5	140
	chrI	4905	1	0.5	151
	chrI	4906	0	0.5	145
	chrI	4910	0	1.0	145
	chrI	4921	0	0.5	89
	chrI	4927	0	1.0	151
	chrI	4955	0	0.5	141
	chrI	4955	1	0.5	97
	chrI	4961	0	0.5	43
	chrI	4966	0	0.5	127
	chrI	4977	0	0.5	52
	chrI	4986	0	0.5	81
	chrI	4989	0	0.5	151
	chrI	5005	1	0.5	43
	chrI	5013	1	0.5	89
	chrI	5030	1	0.5	52
	chrI	5044	0	0.5	96
	chrI	5045	1	1.0	150
	chrI	5046	0	0.5	67
	chrI	5046	1	0.5	148
	chrI	5050	1	0.5	145
	chrI	5054	1	1.0	145
	chrI	5062	0	0.5	151
	chrI	5067	1	0.5	81
	chrI	5087	0	0.5	151
	chrI	5096	1	0.5	127
	chrI	5100	0	0.5	151
	chrI	5102	0	1.5	151
	chrI	5111	1	1.0	151
	chrI	5115	1	0.5	67
	chrI	5134	0	0.5	73
	chrI	5135	0	0.5	151
	chrI	5136	0	0.5	151
	chrI	5141	1	0.5	96
	chrI	5148	0	0.5	75
	chrI	5151	1	0.5	151
	chrI	5157	0	0.5	72
	chrI	5177	0	0.5	151
	chrI	5186	0	1.0	72
	chrI	5187	1	0.5	151
	chrI	5209	1	0.5	73
	chrI	5212	0	1.0	115
	chrI	5212	0	0.5	117
	chrI	5223	1	0.5	75
	chrI	5230	1	0.5	72
	chrI	5250	1	0.5	151
	chrI	5252	1	0.5	151
	chrI	5253	1	0.5	151
	chrI	5256	0	1.0	150
	chrI	5260	1	1.0	72
	chrI	5262	0	1.5	127
	chrI	5265	0	0.5	143
	chrI	5265	1	1.0	151
	chrI	5271	0	0.5	151
	chrI	5286	1	0.5	151
	chrI	5304	0	1.5	122
	chrI	5318	0	0.5	151
	chrI	5320	0	0.5	94
	chrI	5328	1	1.0	115
	chrI	5328	1	0.5	117
	chrI	5334	1	0.5	151
	chrI	5354	0	0.5	151
	chrI	5376	1	0.5	151
	chrI	5383	0	1.0	151
	chrI	5391	1	1.5	127
	chrI	5397	0	0.5	101
	chrI	5400	0	0.5	150
	chrI	5405	1	1.0	150
	chrI	5407	1	0.5	143
	chrI	5415	1	0.5	94
	chrI	5423	0	0.5	97
	chrI	5428	1	1.5	122
	chrI	5430	0	1.0	45
	chrI	5433	0	1.0	151
	chrI	5433	1	0.5	151
	chrI	5440	0	0.5	118
	chrI	5441	0	0.5	151
	chrI	5455	0	0.5	151
	chrI	5473	1	0.5	151
	chrI	5476	1	1.0	45
	chrI	5478	0	0.5	121
	chrI	5493	0	0.5	151
	chrI	5499	1	0.5	101
	chrI	5502	0	0.5	140
	chrI	5518	0	0.5	151
	chrI	5521	1	0.5	97
	chrI	5525	0	0.5	35
	chrI	5532	0	0.5	66
	chrI	5534	1	0.5	151
	chrI	5541	1	1.0	151
	chrI	5542	0	0.5	151
	chrI	5542	0	0.5	94
	chrI	5549	1	0.5	150
	chrI	5550	1	0.5	151
	chrI	5559	0	1.5	151
	chrI	5561	1	0.5	118
	chrI	5562	1	0.5	36
	chrI	5564	0	0.5	58
	chrI	5585	0	0.5	57
	chrI	5594	0	0.5	149
	chrI	5594	0	1.0	151
	chrI	5597	0	0.5	151
	chrI	5599	1	0.5	121
	chrI	5600	1	0.5	66
	chrI	5605	1	1.0	151
	chrI	5608	1	0.5	151
	chrI	5616	1	0.5	151
	chrI	5622	1	0.5	58
	chrI	5638	1	0.5	94
	chrI	5641	1	0.5	140
	chrI	5643	1	0.5	57
	chrI	5649	1	0.5	151
	chrI	5669	0	0.5	82
	chrI	5674	0	1.0	42
	chrI	5687	1	0.5	151
	chrI	5688	0	0.5	140
	chrI	5698	0	0.5	151
	chrI	5701	0	0.5	138
	chrI	5713	1	0.5	151
	chrI	5719	1	1.0	42
	chrI	5723	1	1.5	151
	chrI	5732	0	1.0	95
	chrI	5733	0	0.5	109
	chrI	5734	0	0.5	143
	chrI	5752	1	1.5	151
	chrI	5752	1	0.5	82
	chrI	5754	1	0.5	151
	chrI	5761	0	1.0	151
	chrI	5802	0	0.5	151
	chrI	5827	1	0.5	140
	chrI	5832	1	1.0	95
	chrI	5838	1	0.5	138
	chrI	5844	1	0.5	109
	chrI	5859	0	0.5	151
	chrI	5863	1	0.5	151
	chrI	5872	0	0.5	110
	chrI	5876	1	0.5	143
	chrI	5880	0	1.0	93
	chrI	5911	0	0.5	138
	chrI	5974	1	1.0	93
	chrI	5975	1	0.5	151
	chrI	5985	1	0.5	110
	chrI	6001	1	1.0	151
	chrI	6027	0	0.5	151
	chrI	6042	1	0.5	151
	chrI	6048	1	0.5	138
	chrI	6051	0	0.5	108
	chrI	6052	0	0.5	113
	chrI	6060	0	0.5	151
	chrI	6070	0	0.5	146
	chrI	6134	0	0.5	73
	chrI	6161	1	0.5	108
	chrI	6165	1	0.5	113
	chrI	6185	0	0.5	110
	chrI	6186	0	1.0	120
	chrI	6195	0	0.5	151
	chrI	6198	0	0.5	151
	chrI	6199	0	0.5	150
	chrI	6199	0	0.5	151
	chrI	6206	0	0.5	151
	chrI	6206	1	0.5	151
	chrI	6207	0	1.0	151
	chrI	6208	0	0.5	151
	chrI	6209	1	0.5	73
	chrI	6214	0	0.5	85
	chrI	6215	1	0.5	146
	chrI	6221	0	0.5	77
	chrI	6227	0	0.5	151
	chrI	6230	0	0.5	151
	chrI	6235	0	0.5	151
	chrI	6236	0	0.5	90
	chrI	6246	0	1.0	91
	chrI	6247	0	0.5	151
	chrI	6248	0	0.5	121
	chrI	6253	0	0.5	151
	chrI	6263	0	0.5	151
	chrI	6269	0	0.5	134
	chrI	6269	0	0.5	94
	chrI	6269	0	0.5	111
	chrI	6293	0	0.5	113
	chrI	6295	0	0.5	133
	chrI	6296	1	0.5	110
	chrI	6297	1	0.5	84
	chrI	6301	1	0.5	77
	chrI	6302	0	0.5	102
	chrI	6303	0	0.5	151
	chrI	6308	1	1.0	120
	chrI	6311	0	0.5	58
	chrI	6323	1	0.5	150
	chrI	6325	0	0.5	139
	chrI	6327	1	0.5	90
	chrI	6328	0	0.5	151
	chrI	6337	1	1.0	91
	chrI	6347	1	0.5	151
	chrI	6349	0	0.5	42
	chrI	6359	1	1.0	151
	chrI	6362	0	0.5	149
	chrI	6362	0	0.5	151
	chrI	6362	0	0.5	117
	chrI	6363	0	0.5	147
	chrI	6364	1	0.5	94
	chrI	6369	0	0.5	103
	chrI	6370	0	0.5	140
	chrI	6370	0	0.5	141
	chrI	6370	0	1.0	54
	chrI	6370	1	0.5	58
	chrI	6370	1	0.5	121
	chrI	6371	0	1.0	78
	chrI	6371	0	0.5	100
	chrI	6372	0	0.5	138
	chrI	6372	0	0.5	139
	chrI	6372	0	0.5	107
	chrI	6378	1	1.0	151
	chrI	6381	1	1.0	151
	chrI	6382	0	0.5	94
	chrI	6382	1	0.5	111
	chrI	6385	0	0.5	95
	chrI	6386	0	0.5	115
	chrI	6387	0	0.5	131
	chrI	6388	0	0.5	134
	chrI	6388	0	0.5	122
	chrI	6391	1	0.5	151
	chrI	6393	1	0.5	151
	chrI	6393	1	0.5	42
	chrI	6394	0	0.5	115
	chrI	6395	0	0.5	84
	chrI	6395	0	0.5	101
	chrI	6395	0	0.5	108
	chrI	6395	0	0.5	113
	chrI	6395	0	0.5	114
	chrI	6395	0	0.5	123
	chrI	6402	0	0.5	71
	chrI	6402	1	0.5	134
	chrI	6402	1	0.5	151
	chrI	6403	0	0.5	78
	chrI	6403	0	0.5	106
	chrI	6405	1	0.5	102
	chrI	6408	1	0.5	113
	chrI	6410	0	0.5	97
	chrI	6411	0	0.5	148
	chrI	6411	0	1.0	90
	chrI	6416	0	0.5	104
	chrI	6427	1	0.5	133
	chrI	6427	1	1.0	54
	chrI	6432	0	0.5	65
	chrI	6433	1	0.5	151
	chrI	6446	1	1.0	151
	chrI	6447	0	0.5	151
	chrI	6447	0	0.5	92
	chrI	6450	1	1.0	78
	chrI	6463	1	0.5	139
	chrI	6472	1	0.5	100
	chrI	6473	1	0.5	103
	chrI	6474	1	0.5	71
	chrI	6476	1	0.5	151
	chrI	6476	1	0.5	94
	chrI	6480	1	0.5	151
	chrI	6480	1	0.5	84
	chrI	6480	1	0.5	117
	chrI	6482	1	0.5	78
	chrI	6482	1	0.5	95
	chrI	6482	1	0.5	107
	chrI	6483	0	0.5	70
	chrI	6490	0	0.5	94
	chrI	6496	1	0.5	101
	chrI	6498	1	0.5	65
	chrI	6502	1	1.0	90
	chrI	6502	1	0.5	115
	chrI	6503	0	0.5	151
	chrI	6505	1	0.5	108
	chrI	6509	1	0.5	138
	chrI	6509	1	0.5	140
	chrI	6509	1	0.5	147
	chrI	6510	1	0.5	139
	chrI	6510	1	0.5	141
	chrI	6510	1	0.5	149
	chrI	6510	1	0.5	106
	chrI	6510	1	0.5	113
	chrI	6510	1	0.5	114
	chrI	6510	1	0.5	115
	chrI	6511	0	1.0	151
	chrI	6511	1	0.5	97
	chrI	6511	1	0.5	122
	chrI	6514	0	1.0	151
	chrI	6515	0	0.5	141
	chrI	6515	1	0.5	151
	chrI	6517	1	0.5	131
	chrI	6520	1	0.5	123
	chrI	6521	0	0.5	150
	chrI	6521	1	0.5	134
	chrI	6521	1	0.5	104
	chrI	6522	0	0.5	62
	chrI	6523	0	0.5	151
	chrI	6526	0	0.5	145
	chrI	6526	0	0.5	151
	chrI	6528	0	1.0	151
	chrI	6535	0	0.5	138
	chrI	6538	0	0.5	151
	chrI	6541	0	0.5	151
	chrI	6541	1	0.5	92
	chrI	6556	1	0.5	151
	chrI	6556	1	0.5	70
	chrI	6558	1	0.5	148
	chrI	6585	1	0.5	94
	chrI	6587	1	0.5	62
	chrI	6594	0	0.5	136
	chrI	6604	0	0.5	60
	chrI	6655	1	0.5	141
	chrI	6655	1	0.5	151
	chrI	6666	1	1.0	151
	chrI	6666	1	0.5	60
	chrI	6670	1	0.5	145
	chrI	6670	1	0.5	150
	chrI	6670	1	0.5	151
	chrI	6672	1	0.5	138
	chrI	6691	1	1.5	151
	chrI	6695	1	0.5	151
	chrI	6714	1	0.5	151
	chrI	6721	1	1.0	151
	chrI	6724	1	0.5	151
	chrI	6729	1	0.5	136
	chrI	6739	0	0.5	151
	chrI	6751	0	0.5	65
	chrI	6755	0	0.5	111
	chrI	6757	0	0.5	125
	chrI	6763	0	0.5	103
	chrI	6799	0	1.0	132
	chrI	6804	0	1.0	143
	chrI	6811	0	0.5	87
	chrI	6818	1	0.5	65
	chrI	6819	0	0.5	103
	chrI	6829	0	0.5	130
	chrI	6833	0	1.0	81
	chrI	6836	0	1.0	88
	chrI	6838	0	0.5	118
	chrI	6838	0	0.5	121
	chrI	6839	0	0.5	145
	chrI	6859	0	0.5	151
	chrI	6862	0	0.5	151
	chrI	6867	1	0.5	103
	chrI	6870	0	0.5	151
	chrI	6870	1	0.5	111
	chrI	6871	0	0.5	151
	chrI	6883	0	0.5	151
	chrI	6884	1	0.5	125
	chrI	6887	0	0.5	151
	chrI	6895	0	0.5	151
	chrI	6897	1	0.5	87
	chrI	6898	1	0.5	151
	chrI	6899	0	0.5	151
	chrI	6908	0	0.5	95
	chrI	6917	1	1.0	81
	chrI	6923	1	0.5	103
	chrI	6925	1	1.0	88
	chrI	6930	1	1.0	132
	chrI	6934	0	0.5	14
	chrI	6941	0	1.0	151
	chrI	6946	1	1.0	143
	chrI	6958	1	0.5	130
	chrI	6958	1	0.5	118
	chrI	6958	1	0.5	121
	chrI	6970	0	0.5	85
	chrI	6982	0	0.5	49
	chrI	6983	1	0.5	145
	chrI	6996	0	0.5	58
	chrI	7003	1	0.5	95
	chrI	7016	1	0.5	151
	chrI	7026	0	0.5	141
	chrI	7027	0	0.5	151
	chrI	7033	1	0.5	49
	chrI	7038	0	1.0	151
	chrI	7044	0	0.5	75
	chrI	7044	1	0.5	151
	chrI	7048	1	0.5	151
	chrI	7049	1	0.5	151
	chrI	7050	0	0.5	151
	chrI	7057	0	0.5	90
	chrI	7057	1	0.5	151
	chrI	7057	1	0.5	58
	chrI	7057	1	0.5	85
	chrI	7058	0	0.5	137
	chrI	7058	0	0.5	151
	chrI	7058	1	0.5	151
	chrI	7059	1	0.5	151
	chrI	7061	0	0.5	151
	chrI	7071	1	0.5	151
	chrI	7076	0	1.0	151
	chrI	7090	0	0.5	151
	chrI	7095	0	0.5	79
	chrI	7108	0	0.5	108
	chrI	7113	1	0.5	151
	chrI	7118	0	0.5	57
	chrI	7119	1	0.5	75
	chrI	7135	1	1.0	151
	chrI	7140	0	0.5	151
	chrI	7141	0	0.5	151
	chrI	7145	0	0.5	151
	chrI	7147	0	0.5	151
	chrI	7150	1	0.5	90
	chrI	7151	0	0.5	53
	chrI	7159	0	0.5	74
	chrI	7166	1	0.5	141
	chrI	7176	1	0.5	57
	chrI	7177	1	0.5	151
	chrI	7177	1	0.5	79
	chrI	7194	1	0.5	137
	chrI	7205	1	0.5	151
	chrI	7205	1	0.5	53
	chrI	7208	1	1.0	151
	chrI	7216	1	0.5	108
	chrI	7222	1	0.5	151
	chrI	7233	1	0.5	151
	chrI	7235	1	0.5	74
	chrI	7244	1	0.5	151
	chrI	7247	1	0.5	151
	chrI	7249	1	0.5	151
	chrI	7269	0	1.0	94
	chrI	7273	0	0.5	151
	chrI	7274	0	0.5	151
	chrI	7274	0	0.5	105
	chrI	7276	0	0.5	95
	chrI	7295	1	0.5	151
	chrI	7309	1	0.5	151
	chrI	7316	1	0.5	151
	chrI	7318	0	0.5	150
	chrI	7319	0	0.5	143
	chrI	7319	0	0.5	123
	chrI	7339	0	0.5	151
	chrI	7352	1	0.5	151
	chrI	7363	1	1.0	94
	chrI	7370	1	0.5	95
	chrI	7374	0	0.5	151
	chrI	7381	1	0.5	105
	chrI	7384	0	0.5	151
	chrI	7389	0	0.5	151
	chrI	7397	0	0.5	57
	chrI	7427	1	1.0	151
	chrI	7430	0	0.5	151
	chrI	7445	1	0.5	123
	chrI	7456	1	0.5	57
	chrI	7461	1	0.5	143
	chrI	7467	1	0.5	150
	chrI	7475	0	1.0	151
	chrI	7496	1	0.5	151
	chrI	7502	0	0.5	102
	chrI	7510	0	0.5	151
	chrI	7511	0	0.5	47
	chrI	7512	0	0.5	151
	chrI	7514	0	0.5	151
	chrI	7518	0	0.5	151
	chrI	7525	0	0.5	151
	chrI	7525	1	0.5	151
	chrI	7526	0	0.5	139
	chrI	7546	1	0.5	151
	chrI	7554	0	0.5	117
	chrI	7556	0	0.5	104
	chrI	7560	1	0.5	47
	chrI	7562	0	2.0	101
	chrI	7567	0	0.5	151
	chrI	7569	1	0.5	151
	chrI	7575	0	0.5	84
	chrI	7581	1	0.5	151
	chrI	7583	0	1.0	151
	chrI	7604	0	1.0	151
	chrI	7604	1	0.5	102
	chrI	7638	1	1.0	151
	chrI	7640	0	0.5	151
	chrI	7653	0	0.5	151
	chrI	7660	1	0.5	104
	chrI	7661	1	0.5	84
	chrI	7664	1	0.5	139
	chrI	7664	1	0.5	151
	chrI	7664	1	2.0	101
	chrI	7666	0	0.5	125
	chrI	7669	1	1.0	151
	chrI	7672	1	0.5	117
	chrI	7679	0	0.5	94
	chrI	7689	0	0.5	121
	chrI	7689	1	0.5	151
	chrI	7691	0	0.5	151
	chrI	7712	1	0.5	151
	chrI	7724	1	0.5	151
	chrI	7725	0	0.5	151
	chrI	7730	0	0.5	151
	chrI	7736	0	0.5	88
	chrI	7760	0	0.5	151
	chrI	7769	0	0.5	110
	chrI	7769	0	0.5	113
	chrI	7769	1	1.0	151
	chrI	7774	1	0.5	94
	chrI	7792	1	0.5	125
	chrI	7798	0	1.0	81
	chrI	7812	1	0.5	121
	chrI	7818	0	0.5	151
	chrI	7825	1	0.5	88
	chrI	7826	1	0.5	151
	chrI	7827	0	1.0	151
	chrI	7836	1	1.0	151
	chrI	7840	0	0.5	141
	chrI	7860	1	0.5	151
	chrI	7880	0	0.5	151
	chrI	7880	1	1.0	81
	chrI	7882	0	0.5	100
	chrI	7882	1	0.5	110
	chrI	7882	1	0.5	113
	chrI	7883	0	0.5	150
	chrI	7893	1	0.5	151
	chrI	7894	0	1.0	136
	chrI	7895	0	0.5	151
	chrI	7900	0	0.5	113
	chrI	7904	0	0.5	151
	chrI	7907	0	0.5	66
	chrI	7909	0	0.5	151
	chrI	7909	1	0.5	151
	chrI	7915	0	1.0	85
	chrI	7930	1	0.5	151
	chrI	7941	0	0.5	66
	chrI	7941	0	0.5	105
	chrI	7946	0	0.5	148
	chrI	7974	1	0.5	66
	chrI	7980	1	0.5	141
	chrI	7983	1	1.5	151
	chrI	7983	1	0.5	100
	chrI	8000	1	1.0	85
	chrI	8009	1	0.5	66
	chrI	8014	1	0.5	113
	chrI	8019	0	0.5	151
	chrI	8027	0	0.5	151
	chrI	8029	1	1.0	136
	chrI	8030	1	0.5	151
	chrI	8031	0	0.5	128
	chrI	8032	1	0.5	150
	chrI	8034	0	0.5	139
	chrI	8034	0	0.5	36
	chrI	8041	0	0.5	59
	chrI	8042	0	0.5	151
	chrI	8047	1	0.5	105
	chrI	8050	0	1.0	124
	chrI	8050	0	0.5	126
	chrI	8069	1	0.5	151
	chrI	8071	0	0.5	151
	chrI	8071	1	0.5	36
	chrI	8081	1	0.5	151
	chrI	8093	1	0.5	148
	chrI	8096	0	1.5	91
	chrI	8096	0	1.0	93
	chrI	8096	0	1.0	98
	chrI	8102	1	0.5	59
	chrI	8108	0	0.5	151
	chrI	8108	1	0.5	151
	chrI	8110	0	0.5	141
	chrI	8124	0	0.5	109
	chrI	8137	0	0.5	77
	chrI	8157	0	1.0	88
	chrI	8160	0	0.5	85
	chrI	8160	1	0.5	128
	chrI	8172	1	0.5	139
	chrI	8175	1	1.0	124
	chrI	8175	1	0.5	126
	chrI	8188	0	0.5	42
	chrI	8189	1	0.5	151
	chrI	8189	1	1.5	91
	chrI	8189	1	1.0	93
	chrI	8192	0	0.5	51
	chrI	8195	0	0.5	83
	chrI	8195	1	1.0	98
	chrI	8198	0	0.5	150
	chrI	8198	1	0.5	151
	chrI	8200	0	0.5	138
	chrI	8200	1	0.5	151
	chrI	8212	0	0.5	138
	chrI	8213	0	1.0	93
	chrI	8215	1	0.5	77
	chrI	8217	0	1.0	132
	chrI	8219	0	0.5	151
	chrI	8232	1	0.5	42
	chrI	8234	1	0.5	109
	chrI	8240	1	0.5	151
	chrI	8246	1	0.5	51
	chrI	8246	1	0.5	85
	chrI	8246	1	1.0	88
	chrI	8250	1	0.5	141
	chrI	8252	0	0.5	141
	chrI	8253	0	0.5	128
	chrI	8265	0	0.5	66
	chrI	8266	1	0.5	151
	chrI	8275	0	0.5	151
	chrI	8275	0	0.5	126
	chrI	8279	1	0.5	83
	chrI	8300	0	0.5	151
	chrI	8306	1	1.0	93
	chrI	8318	0	0.5	112
	chrI	8334	1	0.5	66
	chrI	8337	1	0.5	138
	chrI	8348	1	1.0	132
	chrI	8349	1	0.5	138
	chrI	8361	0	0.5	151
	chrI	8373	1	0.5	151
	chrI	8382	0	1.0	151
	chrI	8382	1	0.5	128
	chrI	8392	1	0.5	141
	chrI	8398	0	0.5	151
	chrI	8402	1	0.5	126
	chrI	8404	0	0.5	128
	chrI	8409	0	1.0	151
	chrI	8411	0	0.5	150
	chrI	8411	0	0.5	98
	chrI	8421	1	0.5	151
	chrI	8424	0	0.5	151
	chrI	8431	1	0.5	112
	chrI	8440	0	0.5	121
	chrI	8447	1	0.5	151
	chrI	8450	1	0.5	150
	chrI	8498	0	0.5	56
	chrI	8510	1	0.5	98
	chrI	8517	0	0.5	58
	chrI	8535	1	0.5	128
	chrI	8537	0	0.5	151
	chrI	8537	0	0.5	37
	chrI	8543	0	0.5	61
	chrI	8547	1	0.5	151
	chrI	8548	1	1.0	151
	chrI	8552	0	0.5	114
	chrI	8555	1	0.5	56
	chrI	8558	0	0.5	134
	chrI	8559	1	0.5	151
	chrI	8562	1	0.5	121
	chrI	8575	1	0.5	37
	chrI	8575	1	0.5	58
	chrI	8578	1	0.5	151
	chrI	8582	1	1.0	151
	chrI	8584	0	0.5	151
	chrI	8585	1	0.5	151
	chrI	8593	1	0.5	151
	chrI	8599	0	0.5	84
	chrI	8602	0	1.5	151
	chrI	8604	1	0.5	61
	chrI	8606	0	0.5	111
	chrI	8617	0	0.5	91
	chrI	8621	0	1.0	151
	chrI	8622	0	0.5	67
	chrI	8624	0	0.5	126
	chrI	8626	0	1.0	149
	chrI	8628	0	0.5	110
	chrI	8638	0	0.5	151
	chrI	8662	0	0.5	121
	chrI	8667	1	0.5	114
	chrI	8683	1	0.5	84
	chrI	8691	1	0.5	134
	chrI	8691	1	0.5	67
	chrI	8708	1	0.5	91
	chrI	8711	1	0.5	151
	chrI	8718	1	0.5	111
	chrI	8719	0	1.5	147
	chrI	8740	1	0.5	110
	chrI	8753	1	0.5	126
	chrI	8755	1	1.5	151
	chrI	8756	0	0.5	151
	chrI	8757	1	0.5	151
	chrI	8760	0	0.5	141
	chrI	8765	0	0.5	126
	chrI	8768	0	1.0	151
	chrI	8770	0	0.5	151
	chrI	8784	1	0.5	121
	chrI	8785	0	1.0	151
	chrI	8789	1	1.0	151
	chrI	8791	0	2.0	151
	chrI	8792	1	1.0	151
	chrI	8800	1	0.5	151
	chrI	8803	0	0.5	151
	chrI	8814	0	0.5	88
	chrI	8865	1	1.5	147
	chrI	8871	0	0.5	150
	chrI	8875	0	0.5	151
	chrI	8882	0	0.5	151
	chrI	8884	0	0.5	135
	chrI	8887	0	0.5	141
	chrI	8891	0	1.0	151
	chrI	8892	1	0.5	126
	chrI	8894	0	0.5	138
	chrI	8900	1	0.5	141
	chrI	8902	1	0.5	88
	chrI	8904	0	0.5	151
	chrI	8909	0	1.0	151
	chrI	8909	0	0.5	106
	chrI	8934	0	0.5	112
	chrI	8946	1	2.0	151
	chrI	8947	1	1.0	151
	chrI	8949	0	1.0	131
	chrI	8949	0	0.5	101
	chrI	8949	0	0.5	115
	chrI	8977	0	1.0	148
	chrI	8979	0	0.5	113
	chrI	9016	0	0.5	151
	chrI	9016	0	0.5	127
	chrI	9018	1	0.5	135
	chrI	9018	1	0.5	106
	chrI	9023	0	0.5	151
	chrI	9024	1	0.5	151
	chrI	9027	1	0.5	141
	chrI	9030	0	0.5	85
	chrI	9030	0	1.0	95
	chrI	9031	1	0.5	138
	chrI	9032	0	0.5	151
	chrI	9039	0	0.5	56
	chrI	9046	1	3.0	151
	chrI	9046	1	0.5	112
	chrI	9048	0	1.0	72
	chrI	9050	1	0.5	151
	chrI	9051	1	0.5	101
	chrI	9052	0	1.0	151
	chrI	9059	1	0.5	151
	chrI	9061	1	0.5	151
	chrI	9064	1	0.5	151
	chrI	9065	1	0.5	115
	chrI	9068	0	1.0	151
	chrI	9068	1	0.5	151
	chrI	9074	1	0.5	151
	chrI	9079	1	1.0	131
	chrI	9080	0	0.5	151
	chrI	9094	1	0.5	113
	chrI	9099	1	0.5	56
	chrI	9102	0	0.5	137
	chrI	9104	0	0.5	148
	chrI	9107	0	0.5	151
	chrI	9116	0	1.0	151
	chrI	9117	0	0.5	151
	chrI	9118	1	0.5	85
	chrI	9124	1	1.0	148
	chrI	9124	1	1.0	72
	chrI	9127	0	0.5	151
	chrI	9127	1	1.0	95
	chrI	9130	0	0.5	151
	chrI	9131	0	0.5	151
	chrI	9132	0	1.0	151
	chrI	9132	0	1.5	95
	chrI	9144	1	0.5	127
	chrI	9145	0	0.5	72
	chrI	9146	0	0.5	85
	chrI	9154	0	0.5	66
	chrI	9154	0	0.5	74
	chrI	9155	0	0.5	47
	chrI	9157	0	1.5	119
	chrI	9157	0	0.5	120
	chrI	9165	0	0.5	151
	chrI	9166	0	0.5	138
	chrI	9167	0	0.5	122
	chrI	9191	1	0.5	151
	chrI	9196	0	1.0	137
	chrI	9203	1	0.5	47
	chrI	9208	0	0.5	112
	chrI	9217	1	0.5	151
	chrI	9220	1	0.5	72
	chrI	9222	1	0.5	151
	chrI	9224	1	0.5	66
	chrI	9229	1	0.5	74
	chrI	9229	1	1.5	95
	chrI	9232	1	0.5	85
	chrI	9235	0	0.5	63
	chrI	9238	1	0.5	137
	chrI	9238	1	1.0	151
	chrI	9240	1	1.0	151
	chrI	9242	0	0.5	64
	chrI	9244	0	0.5	133
	chrI	9246	0	0.5	137
	chrI	9248	1	0.5	151
	chrI	9251	1	0.5	148
	chrI	9252	0	1.0	131
	chrI	9255	0	0.5	151
	chrI	9255	0	0.5	113
	chrI	9271	1	0.5	151
	chrI	9277	1	0.5	151
	chrI	9277	1	1.5	119
	chrI	9277	1	0.5	120
	chrI	9278	0	0.5	151
	chrI	9284	0	0.5	151
	chrI	9287	1	1.0	151
	chrI	9289	0	0.5	151
	chrI	9289	1	1.0	151
	chrI	9289	1	0.5	122
	chrI	9292	0	0.5	53
	chrI	9298	1	0.5	63
	chrI	9299	1	0.5	151
	chrI	9301	1	0.5	151
	chrI	9303	1	0.5	138
	chrI	9303	1	0.5	151
	chrI	9309	1	0.5	64
	chrI	9310	0	1.5	151
	chrI	9311	0	0.5	151
	chrI	9316	0	1.0	151
	chrI	9316	0	0.5	58
	chrI	9317	0	0.5	151
	chrI	9319	0	0.5	151
	chrI	9320	0	0.5	151
	chrI	9321	0	0.5	151
	chrI	9321	1	0.5	112
	chrI	9332	1	1.0	137
	chrI	9336	0	0.5	63
	chrI	9347	1	0.5	53
	chrI	9348	0	1.0	70
	chrI	9348	0	0.5	76
	chrI	9353	0	0.5	151
	chrI	9353	1	0.5	151
	chrI	9361	0	1.0	151
	chrI	9370	1	0.5	113
	chrI	9376	1	0.5	133
	chrI	9376	1	0.5	58
	chrI	9380	0	0.5	151
	chrI	9382	1	1.0	131
	chrI	9382	1	0.5	137
	chrI	9384	0	0.5	136
	chrI	9391	0	0.5	68
	chrI	9399	1	0.5	63
	chrI	9401	0	0.5	124
	chrI	9404	0	0.5	151
	chrI	9406	0	1.0	76
	chrI	9419	1	1.0	70
	chrI	9427	1	0.5	76
	chrI	9428	0	1.0	61
	chrI	9433	0	0.5	151
	chrI	9433	1	0.5	151
	chrI	9439	0	0.5	140
	chrI	9444	1	0.5	151
	chrI	9446	0	0.5	139
	chrI	9459	1	0.5	68
	chrI	9461	0	0.5	139
	chrI	9463	0	0.5	58
	chrI	9468	1	0.5	151
	chrI	9471	1	0.5	151
	chrI	9474	1	0.5	151
	chrI	9476	1	0.5	151
	chrI	9483	1	1.0	151
	chrI	9483	1	1.0	76
	chrI	9484	1	1.0	151
	chrI	9485	0	0.5	151
	chrI	9490	1	1.0	61
	chrI	9491	0	0.5	114
	chrI	9505	0	0.5	151
	chrI	9506	1	0.5	151
	chrI	9509	0	2.0	151
	chrI	9518	0	0.5	151
	chrI	9518	1	1.5	151
	chrI	9519	1	0.5	136
	chrI	9521	1	0.5	151
	chrI	9522	1	0.5	58
	chrI	9527	1	0.5	124
	chrI	9536	1	0.5	151
	chrI	9540	0	0.5	112
	chrI	9540	0	0.5	114
	chrI	9541	0	0.5	124
	chrI	9542	0	1.0	103
	chrI	9553	0	0.5	151
	chrI	9559	0	0.5	151
	chrI	9563	0	0.5	123
	chrI	9563	0	0.5	126
	chrI	9567	0	1.0	151
	chrI	9577	1	0.5	151
	chrI	9578	1	0.5	140
	chrI	9579	1	0.5	150
	chrI	9583	0	0.5	105
	chrI	9584	1	0.5	139
	chrI	9589	1	0.5	151
	chrI	9591	0	0.5	88
	chrI	9599	1	0.5	139
	chrI	9601	0	0.5	151
	chrI	9607	0	1.5	151
	chrI	9612	1	0.5	114
	chrI	9624	0	0.5	151
	chrI	9633	0	0.5	111
	chrI	9646	1	1.0	103
	chrI	9652	0	0.5	144
	chrI	9652	0	0.5	109
	chrI	9655	1	0.5	112
	chrI	9655	1	0.5	114
	chrI	9661	1	0.5	151
	chrI	9665	0	0.5	117
	chrI	9665	1	1.5	151
	chrI	9667	1	0.5	124
	chrI	9668	0	0.5	132
	chrI	9668	0	0.5	151
	chrI	9668	0	0.5	84
	chrI	9668	0	0.5	114
	chrI	9672	0	0.5	151
	chrI	9672	0	0.5	56
	chrI	9672	1	0.5	151
	chrI	9684	1	0.5	151
	chrI	9685	0	0.5	110
	chrI	9685	1	0.5	151
	chrI	9686	1	0.5	88
	chrI	9688	1	0.5	123
	chrI	9688	1	0.5	126
	chrI	9689	1	0.5	151
	chrI	9689	1	0.5	105
	chrI	9690	0	1.0	151
	chrI	9691	0	0.5	151
	chrI	9694	0	1.0	151
	chrI	9696	0	0.5	149
	chrI	9712	1	0.5	151
	chrI	9721	1	1.0	151
	chrI	9722	1	0.5	151
	chrI	9731	1	0.5	56
	chrI	9745	0	0.5	151
	chrI	9745	1	0.5	111
	chrI	9756	1	0.5	84
	chrI	9757	0	0.5	151
	chrI	9762	1	0.5	109
	chrI	9777	1	1.5	151
	chrI	9783	1	0.5	114
	chrI	9783	1	0.5	117
	chrI	9786	0	0.5	151
	chrI	9786	0	0.5	112
	chrI	9786	0	0.5	113
	chrI	9792	1	0.5	151
	chrI	9795	1	0.5	144
	chrI	9796	1	0.5	110
	chrI	9799	1	0.5	132
	chrI	9813	0	0.5	111
	chrI	9830	1	0.5	151
	chrI	9831	1	0.5	151
	chrI	9832	0	0.5	142
	chrI	9838	0	1.0	151
	chrI	9844	1	0.5	151
	chrI	9845	0	0.5	151
	chrI	9859	1	1.5	151
	chrI	9860	0	0.5	151
	chrI	9861	0	0.5	151
	chrI	9864	0	0.5	151
	chrI	9870	1	1.0	151
	chrI	9890	0	0.5	122
	chrI	9895	0	1.0	151
	chrI	9898	1	0.5	112
	chrI	9898	1	0.5	113
	chrI	9915	1	0.5	151
	chrI	9920	0	0.5	105
	chrI	9924	1	0.5	111
	chrI	9928	1	0.5	151
	chrI	9937	1	0.5	151
	chrI	9938	0	1.5	88
	chrI	9940	0	0.5	71
	chrI	9958	0	0.5	148
	chrI	9958	0	0.5	151
	chrI	9969	0	0.5	99
	chrI	9973	1	0.5	142
	chrI	9997	0	0.5	151
	chrI	10000	0	0.5	56
	chrI	10000	1	0.5	151
	chrI	10002	1	1.0	151
	chrI	10013	1	1.0	151
	chrI	10013	1	0.5	122
	chrI	10015	1	0.5	71
	chrI	10029	1	1.5	88
	chrI	10029	1	0.5	105
	chrI	10032	0	1.5	151
	chrI	10044	1	0.5	151
	chrI	10049	1	1.0	151
	chrI	10050	0	0.5	151
	chrI	10059	0	0.5	150
	chrI	10059	1	0.5	56
	chrI	10061	0	1.0	151
	chrI	10071	1	0.5	99
	chrI	10088	0	0.5	66
	chrI	10102	0	1.0	151
	chrI	10104	0	0.5	151
	chrI	10105	1	0.5	148
	chrI	10109	0	1.0	132
	chrI	10109	0	1.0	151
	chrI	10112	0	0.5	111
	chrI	10115	0	2.0	151
	chrI	10117	0	0.5	143
	chrI	10124	0	0.5	64
	chrI	10127	0	0.5	60
	chrI	10129	0	1.0	151
	chrI	10132	1	0.5	151
	chrI	10136	0	0.5	151
	chrI	10154	0	1.0	68
	chrI	10155	0	0.5	151
	chrI	10155	1	0.5	66
	chrI	10163	0	0.5	122
	chrI	10163	0	0.5	123
	chrI	10175	0	0.5	151
	chrI	10176	0	0.5	149
	chrI	10176	0	0.5	126
	chrI	10183	0	1.0	143
	chrI	10185	0	0.5	100
	chrI	10188	1	0.5	60
	chrI	10188	1	0.5	64
	chrI	10193	0	0.5	143
	chrI	10201	1	1.0	151
	chrI	10204	1	0.5	151
	chrI	10205	0	0.5	131
	chrI	10208	0	0.5	109
	chrI	10208	1	0.5	150
	chrI	10214	1	0.5	151
	chrI	10216	1	1.0	151
	chrI	10223	1	1.0	68
	chrI	10223	1	0.5	111
	chrI	10224	0	1.0	107
	chrI	10225	0	0.5	128
	chrI	10225	0	1.0	151
	chrI	10238	0	0.5	151
	chrI	10238	1	0.5	130
	chrI	10239	0	0.5	151
	chrI	10240	1	0.5	132
	chrI	10245	1	1.0	151
	chrI	10247	0	0.5	149
	chrI	10259	1	0.5	143
	chrI	10266	1	2.0	151
	chrI	10274	1	0.5	151
	chrI	10285	1	0.5	100
	chrI	10285	1	0.5	122
	chrI	10285	1	0.5	123
	chrI	10300	1	1.0	151
	chrI	10305	1	0.5	126
	chrI	10310	1	1.0	151
	chrI	10312	1	0.5	151
	chrI	10318	1	0.5	109
	chrI	10324	1	0.5	149
	chrI	10325	1	1.0	143
	chrI	10329	1	1.0	151
	chrI	10332	1	1.0	107
	chrI	10334	1	0.5	151
	chrI	10335	1	0.5	131
	chrI	10335	1	0.5	143
	chrI	10337	0	0.5	151
	chrI	10340	0	0.5	151
	chrI	10342	0	1.0	151
	chrI	10344	1	0.5	151
	chrI	10354	1	0.5	128
	chrI	10355	0	0.5	126
	chrI	10358	0	0.5	86
	chrI	10362	0	0.5	103
	chrI	10367	0	1.0	151
	chrI	10369	0	0.5	128
	chrI	10384	1	1.0	151
	chrI	10391	1	0.5	151
	chrI	10393	0	0.5	151
	chrI	10393	1	0.5	151
	chrI	10395	1	0.5	149
	chrI	10398	0	0.5	151
	chrI	10398	0	1.0	97
	chrI	10411	0	0.5	78
	chrI	10414	0	0.5	127
	chrI	10419	0	0.5	132
	chrI	10445	1	0.5	86
	chrI	10469	0	0.5	144
	chrI	10469	0	0.5	151
	chrI	10470	1	0.5	103
	chrI	10483	1	0.5	126
	chrI	10484	0	0.5	151
	chrI	10487	1	0.5	151
	chrI	10491	1	0.5	78
	chrI	10498	1	1.0	97
	chrI	10501	1	0.5	128
	chrI	10521	1	0.5	151
	chrI	10522	0	1.0	112
	chrI	10522	0	0.5	115
	chrI	10522	1	2.0	151
	chrI	10535	0	0.5	97
	chrI	10543	1	0.5	127
	chrI	10548	1	0.5	151
	chrI	10550	1	0.5	132
	chrI	10562	0	0.5	90
	chrI	10568	0	0.5	72
	chrI	10588	1	0.5	151
	chrI	10612	1	0.5	144
	chrI	10633	1	0.5	97
	chrI	10636	1	0.5	151
	chrI	10637	1	1.0	112
	chrI	10637	1	0.5	115
	chrI	10638	1	0.5	151
	chrI	10640	1	0.5	72
	chrI	10641	0	1.0	151
	chrI	10655	1	0.5	90
	chrI	10678	0	1.0	87
	chrI	10687	0	1.0	151
	chrI	10698	0	0.5	90
	chrI	10698	0	0.5	92
	chrI	10706	0	0.5	151
	chrI	10718	0	0.5	127
	chrI	10723	0	0.5	124
	chrI	10738	0	0.5	151
	chrI	10766	1	1.0	87
	chrI	10790	1	0.5	90
	chrI	10790	1	0.5	92
	chrI	10794	1	1.0	151
	chrI	10799	0	0.5	135
	chrI	10802	0	0.5	151
	chrI	10815	0	0.5	150
	chrI	10815	0	0.5	151
	chrI	10838	0	0.5	151
	chrI	10843	0	0.5	140
	chrI	10846	1	0.5	127
	chrI	10850	1	0.5	124
	chrI	10854	1	0.5	151
	chrI	10868	1	0.5	151
	chrI	10871	0	0.5	151
	chrI	10879	0	0.5	151
	chrI	10879	1	0.5	151
	chrI	10901	0	0.5	58
	chrI	10913	0	0.5	70
	chrI	10922	0	0.5	151
	chrI	10928	0	0.5	81
	chrI	10933	1	0.5	135
	chrI	10941	0	1.0	57
	chrI	10944	1	0.5	151
	chrI	10960	1	0.5	58
	chrI	10969	1	1.0	151
	chrI	10981	0	0.5	151
	chrI	10982	1	0.5	140
	chrI	10984	1	0.5	70
	chrI	10997	0	0.5	151
	chrI	10999	1	1.0	57
	chrI	11007	0	0.5	119
	chrI	11010	1	0.5	81
	chrI	11013	0	0.5	151
	chrI	11020	0	0.5	139
	chrI	11020	0	0.5	151
	chrI	11030	0	0.5	151
	chrI	11030	1	0.5	151
	chrI	11034	0	0.5	151
	chrI	11034	1	0.5	151
	chrI	11036	0	0.5	134
	chrI	11036	0	0.5	151
	chrI	11037	0	1.0	151
	chrI	11038	0	1.5	151
	chrI	11047	1	0.5	151
	chrI	11049	0	0.5	137
	chrI	11053	0	0.5	142
	chrI	11054	0	0.5	117
	chrI	11078	0	0.5	95
	chrI	11119	1	0.5	151
	chrI	11124	0	0.5	71
	chrI	11126	1	0.5	151
	chrI	11128	1	0.5	119
	chrI	11139	1	0.5	151
	chrI	11140	0	0.5	53
	chrI	11140	0	1.0	123
	chrI	11144	0	0.5	144
	chrI	11146	0	0.5	108
	chrI	11158	1	0.5	139
	chrI	11167	0	0.5	58
	chrI	11169	1	0.5	134
	chrI	11173	1	0.5	117
	chrI	11175	1	0.5	151
	chrI	11175	1	0.5	95
	chrI	11176	0	0.5	110
	chrI	11177	0	0.5	117
	chrI	11183	1	0.5	151
	chrI	11184	0	0.5	62
	chrI	11184	0	0.5	79
	chrI	11185	0	0.5	151
	chrI	11185	0	0.5	109
	chrI	11185	1	0.5	137
	chrI	11194	1	0.5	142
	chrI	11194	1	1.0	151
	chrI	11194	1	0.5	53
	chrI	11196	1	1.0	151
	chrI	11196	1	0.5	71
	chrI	11197	0	0.5	73
	chrI	11198	0	1.5	151
	chrI	11198	0	0.5	91
	chrI	11206	1	0.5	151
	chrI	11212	1	1.5	151
	chrI	11213	0	0.5	151
	chrI	11213	0	1.0	81
	chrI	11213	0	0.5	86
	chrI	11214	0	1.0	151
	chrI	11225	1	0.5	58
	chrI	11229	0	0.5	64
	chrI	11240	1	0.5	149
	chrI	11247	1	0.5	62
	chrI	11248	0	0.5	151
	chrI	11254	1	0.5	108
	chrI	11262	0	0.5	44
	chrI	11264	0	0.5	151
	chrI	11264	1	0.5	79
	chrI	11265	1	1.0	123
	chrI	11267	0	0.5	151
	chrI	11268	0	0.5	151
	chrI	11270	1	0.5	73
	chrI	11272	0	1.5	148
	chrI	11279	0	0.5	151
	chrI	11286	0	0.5	151
	chrI	11287	0	0.5	53
	chrI	11287	1	0.5	144
	chrI	11287	1	0.5	110
	chrI	11291	1	0.5	91
	chrI	11295	1	0.5	64
	chrI	11295	1	1.0	81
	chrI	11295	1	0.5	109
	chrI	11295	1	0.5	117
	chrI	11296	0	1.5	151
	chrI	11300	1	0.5	86
	chrI	11304	0	1.0	134
	chrI	11307	1	0.5	44
	chrI	11313	0	0.5	151
	chrI	11324	0	0.5	66
	chrI	11341	1	0.5	53
	chrI	11342	0	0.5	151
	chrI	11342	0	1.5	95
	chrI	11345	1	0.5	151
	chrI	11350	0	0.5	102
	chrI	11375	0	0.5	151
	chrI	11378	0	0.5	42
	chrI	11391	1	0.5	66
	chrI	11406	1	1.5	151
	chrI	11413	0	0.5	126
	chrI	11416	0	0.5	101
	chrI	11419	1	1.5	148
	chrI	11422	1	0.5	42
	chrI	11424	1	0.5	151
	chrI	11430	0	0.5	151
	chrI	11437	1	1.0	134
	chrI	11437	1	1.5	151
	chrI	11438	0	0.5	133
	chrI	11438	0	0.5	151
	chrI	11438	1	0.5	151
	chrI	11438	1	1.5	95
	chrI	11439	0	0.5	151
	chrI	11446	1	0.5	151
	chrI	11450	0	0.5	151
	chrI	11453	1	0.5	102
	chrI	11454	1	2.0	151
	chrI	11463	0	0.5	151
	chrI	11466	0	0.5	151
	chrI	11466	1	0.5	151
	chrI	11472	1	0.5	151
	chrI	11474	0	0.5	122
	chrI	11477	1	0.5	151
	chrI	11478	0	1.0	97
	chrI	11478	0	0.5	126
	chrI	11482	0	1.5	151
	chrI	11488	0	0.5	122
	chrI	11507	0	0.5	122
	chrI	11519	1	0.5	151
	chrI	11519	1	0.5	101
	chrI	11520	0	1.0	125
	chrI	11523	0	0.5	151
	chrI	11524	0	0.5	126
	chrI	11530	0	0.5	85
	chrI	11532	0	0.5	89
	chrI	11540	1	0.5	126
	chrI	11562	0	0.5	151
	chrI	11562	0	0.5	69
	chrI	11570	1	0.5	133
	chrI	11570	1	0.5	151
	chrI	11571	0	0.5	43
	chrI	11576	1	1.0	97
	chrI	11593	1	0.5	151
	chrI	11596	1	0.5	122
	chrI	11597	0	0.5	150
	chrI	11598	1	1.0	151
	chrI	11606	1	0.5	126
	chrI	11611	1	0.5	122
	chrI	11615	0	1.0	126
	chrI	11615	1	0.5	151
	chrI	11615	1	0.5	43
	chrI	11618	0	0.5	151
	chrI	11618	1	0.5	85
	chrI	11619	0	1.5	151
	chrI	11623	1	0.5	89
	chrI	11628	0	0.5	100
	chrI	11630	1	0.5	122
	chrI	11632	1	0.5	69
	chrI	11637	1	1.0	151
	chrI	11638	1	0.5	151
	chrI	11647	1	1.0	125
	chrI	11648	1	0.5	151
	chrI	11650	1	0.5	126
	chrI	11661	1	0.5	151
	chrI	11670	0	0.5	151
	chrI	11680	0	0.5	103
	chrI	11686	0	1.0	88
	chrI	11707	0	0.5	151
	chrI	11719	0	0.5	99
	chrI	11729	1	0.5	100
	chrI	11742	1	1.0	126
	chrI	11746	0	0.5	81
	chrI	11752	1	0.5	151
	chrI	11767	1	0.5	151
	chrI	11775	1	1.0	88
	chrI	11783	1	0.5	103
	chrI	11784	0	0.5	111
	chrI	11786	0	0.5	80
	chrI	11799	1	2.0	151
	chrI	11814	0	0.5	56
	chrI	11817	1	0.5	99
	chrI	11829	1	0.5	81
	chrI	11832	0	0.5	151
	chrI	11852	0	0.5	149
	chrI	11866	0	1.0	151
	chrI	11867	1	0.5	80
	chrI	11868	1	1.0	151
	chrI	11871	1	0.5	56
	chrI	11896	1	0.5	111
	chrI	11914	0	0.5	151
	chrI	11940	0	0.5	128
	chrI	11956	0	0.5	133
	chrI	11960	0	0.5	139
	chrI	11962	0	0.5	151
	chrI	11968	0	0.5	151
	chrI	11987	0	0.5	109
	chrI	12000	1	0.5	149
	chrI	12010	0	0.5	111
	chrI	12011	1	0.5	151
	chrI	12013	0	0.5	143
	chrI	12023	1	1.0	151
	chrI	12047	0	0.5	143
	chrI	12052	0	0.5	72
	chrI	12068	1	0.5	128
	chrI	12083	1	0.5	151
	chrI	12088	1	0.5	133
	chrI	12096	1	0.5	109
	chrI	12098	1	0.5	139
	chrI	12123	1	0.5	111
	chrI	12125	1	0.5	72
	chrI	12126	0	1.5	151
	chrI	12129	1	0.5	151
	chrI	12134	1	1.0	151
	chrI	12155	1	0.5	143
	chrI	12156	0	0.5	119
	chrI	12157	0	0.5	58
	chrI	12177	0	1.0	151
	chrI	12183	0	1.0	115
	chrI	12185	0	0.5	149
	chrI	12186	0	0.5	47
	chrI	12189	1	0.5	143
	chrI	12191	0	0.5	151
	chrI	12192	0	0.5	136
	chrI	12217	1	0.5	58
	chrI	12226	0	0.5	61
	chrI	12230	0	1.0	151
	chrI	12233	1	0.5	47
	chrI	12239	0	0.5	151
	chrI	12240	0	1.0	151
	chrI	12242	0	0.5	99
	chrI	12242	0	0.5	101
	chrI	12253	0	0.5	94
	chrI	12255	0	0.5	151
	chrI	12256	0	0.5	59
	chrI	12275	1	0.5	119
	chrI	12288	1	0.5	61
	chrI	12300	1	1.0	115
	chrI	12310	1	1.5	151
	chrI	12317	1	0.5	59
	chrI	12321	0	0.5	71
	chrI	12327	1	0.5	136
	chrI	12333	1	0.5	149
	chrI	12342	0	0.5	151
	chrI	12344	0	1.5	147
	chrI	12344	1	0.5	99
	chrI	12344	1	0.5	101
	chrI	12348	1	0.5	151
	chrI	12349	1	0.5	151
	chrI	12349	1	0.5	94
	chrI	12353	0	0.5	123
	chrI	12370	0	0.5	151
	chrI	12386	1	0.5	151
	chrI	12393	1	0.5	71
	chrI	12396	0	0.5	151
	chrI	12405	1	0.5	150
	chrI	12406	1	0.5	151
	chrI	12419	1	1.0	151
	chrI	12477	1	0.5	123
	chrI	12490	1	1.5	147
	chrI	12529	0	0.5	151
	chrI	12531	0	0.5	151
	chrI	12544	0	0.5	78
	chrI	12548	1	0.5	151
	chrI	12566	0	0.5	151
	chrI	12590	0	0.5	151
	chrI	12594	0	1.0	151
	chrI	12605	1	1.0	151
	chrI	12607	0	1.0	151
	chrI	12610	0	0.5	118
	chrI	12622	1	0.5	78
	chrI	12623	0	0.5	121
	chrI	12624	0	0.5	117
	chrI	12641	0	0.5	41
	chrI	12642	0	0.5	95
	chrI	12645	0	0.5	136
	chrI	12645	0	0.5	67
	chrI	12645	0	0.5	101
	chrI	12652	0	0.5	127
	chrI	12660	0	0.5	151
	chrI	12674	0	0.5	111
	chrI	12679	0	0.5	119
	chrI	12683	1	0.5	41
	chrI	12687	0	0.5	151
	chrI	12692	0	0.5	151
	chrI	12693	1	0.5	151
	chrI	12697	0	0.5	48
	chrI	12698	0	0.5	97
	chrI	12705	0	0.5	44
	chrI	12714	1	0.5	67
	chrI	12717	0	0.5	86
	chrI	12728	1	0.5	151
	chrI	12730	1	0.5	118
	chrI	12731	0	0.5	55
	chrI	12737	0	0.5	62
	chrI	12738	1	0.5	95
	chrI	12742	1	0.5	117
	chrI	12743	1	0.5	150
	chrI	12744	1	1.0	151
	chrI	12745	1	0.5	121
	chrI	12747	0	0.5	151
	chrI	12747	1	0.5	101
	chrI	12748	1	0.5	48
	chrI	12751	1	0.5	44
	chrI	12759	1	0.5	151
	chrI	12767	1	1.0	151
	chrI	12768	0	0.5	147
	chrI	12778	1	0.5	127
	chrI	12780	1	0.5	136
	chrI	12785	1	0.5	151
	chrI	12786	1	0.5	55
	chrI	12787	1	0.5	111
	chrI	12797	1	0.5	97
	chrI	12799	1	0.5	119
	chrI	12800	1	0.5	62
	chrI	12804	1	0.5	86
	chrI	12807	1	0.5	151
	chrI	12809	1	0.5	151
	chrI	12822	0	3.0	151
	chrI	12844	1	0.5	151
	chrI	12849	1	0.5	151
	chrI	12851	0	0.5	89
	chrI	12902	0	1.0	99
	chrI	12911	0	1.5	109
	chrI	12914	1	0.5	147
	chrI	12916	1	0.5	151
	chrI	12925	0	1.0	93
	chrI	12927	0	0.5	149
	chrI	12943	1	0.5	89
	chrI	12972	1	0.5	151
	chrI	12976	1	1.0	151
	chrI	12979	0	0.5	139
	chrI	12979	1	0.5	151
	chrI	12980	0	0.5	151
	chrI	12980	1	1.0	151
	chrI	12981	0	2.5	151
	chrI	13002	1	1.0	99
	chrI	13021	1	1.0	93
	chrI	13021	1	1.5	109
	chrI	13026	0	0.5	151
	chrI	13032	0	1.5	151
	chrI	13044	0	0.5	65
	chrI	13057	0	0.5	151
	chrI	13061	0	0.5	151
	chrI	13065	0	1.0	75
	chrI	13066	0	1.0	151
	chrI	13071	0	0.5	151
	chrI	13071	0	0.5	83
	chrI	13073	0	0.5	59
	chrI	13075	1	0.5	149
	chrI	13103	0	0.5	151
	chrI	13112	1	0.5	65
	chrI	13113	0	0.5	135
	chrI	13117	1	0.5	139
	chrI	13134	1	0.5	59
	chrI	13143	1	1.0	75
	chrI	13145	1	1.0	151
	chrI	13146	1	0.5	151
	chrI	13153	1	1.0	151
	chrI	13154	0	0.5	151
	chrI	13154	1	0.5	83
	chrI	13184	1	0.5	151
	chrI	13187	1	2.0	151
	chrI	13199	0	0.5	98
	chrI	13202	0	0.5	73
	chrI	13205	0	0.5	151
	chrI	13215	0	0.5	151
	chrI	13219	1	0.5	151
	chrI	13227	1	0.5	150
	chrI	13247	1	0.5	135
	chrI	13249	1	0.5	151
	chrI	13257	0	0.5	126
	chrI	13261	0	0.5	150
	chrI	13263	0	0.5	151
	chrI	13275	1	0.5	151
	chrI	13280	1	0.5	73
	chrI	13281	1	1.0	151
	chrI	13283	0	0.5	151
	chrI	13289	0	0.5	151
	chrI	13297	1	0.5	98
	chrI	13313	1	0.5	151
	chrI	13354	0	0.5	151
	chrI	13369	1	0.5	151
	chrI	13370	0	0.5	114
	chrI	13379	0	0.5	151
	chrI	13381	1	0.5	151
	chrI	13385	1	0.5	126
	chrI	13388	0	0.5	151
	chrI	13390	0	0.5	103
	chrI	13398	0	1.0	137
	chrI	13398	0	0.5	151
	chrI	13408	0	0.5	151
	chrI	13429	0	0.5	151
	chrI	13431	1	0.5	151
	chrI	13461	1	0.5	151
	chrI	13480	0	0.5	52
	chrI	13481	0	0.5	57
	chrI	13484	0	0.5	144
	chrI	13485	1	0.5	114
	chrI	13493	1	0.5	103
	chrI	13518	0	0.5	151
	chrI	13518	1	0.5	148
	chrI	13530	0	0.5	151
	chrI	13532	1	0.5	151
	chrI	13533	1	0.5	151
	chrI	13533	1	0.5	52
	chrI	13534	1	1.0	137
	chrI	13537	1	0.5	57
	chrI	13538	0	0.5	84
	chrI	13556	0	0.5	151
	chrI	13562	1	0.5	151
	chrI	13572	1	0.5	151
	chrI	13575	0	0.5	86
	chrI	13585	1	0.5	151
	chrI	13597	0	0.5	151
	chrI	13600	1	0.5	151
	chrI	13624	1	0.5	84
	chrI	13627	1	0.5	144
	chrI	13628	0	0.5	141
	chrI	13628	1	0.5	151
	chrI	13635	0	0.5	90
	chrI	13662	1	0.5	86
	chrI	13681	0	1.0	63
	chrI	13682	0	0.5	148
	chrI	13688	1	0.5	151
	chrI	13690	0	1.5	151
	chrI	13696	0	1.0	116
	chrI	13701	0	0.5	151
	chrI	13706	1	0.5	151
	chrI	13708	0	1.0	151
	chrI	13717	0	0.5	151
	chrI	13727	1	0.5	90
	chrI	13743	1	0.5	151
	chrI	13745	1	1.0	63
	chrI	13747	1	0.5	151
	chrI	13755	0	1.0	121
	chrI	13768	1	0.5	141
	chrI	13773	0	1.5	151
	chrI	13807	0	0.5	59
	chrI	13812	0	0.5	64
	chrI	13814	1	1.0	116
	chrI	13829	1	0.5	148
	chrI	13832	0	0.5	151
	chrI	13855	1	0.5	151
	chrI	13857	0	0.5	151
	chrI	13857	1	0.5	151
	chrI	13863	0	0.5	151
	chrI	13866	1	0.5	59
	chrI	13873	1	1.0	151
	chrI	13877	1	0.5	64
	chrI	13877	1	1.0	121
	chrI	13878	1	1.0	151
	chrI	13897	0	0.5	151
	chrI	13907	1	0.5	151
	chrI	13923	0	0.5	151
	chrI	13938	0	0.5	151
	chrI	13947	0	0.5	109
	chrI	13952	1	0.5	151
	chrI	13982	1	0.5	151
	chrI	14016	1	1.0	151
	chrI	14027	0	0.5	151
	chrI	14028	0	0.5	143
	chrI	14034	0	0.5	114
	chrI	14057	1	0.5	109
	chrI	14067	0	0.5	151
	chrI	14068	0	0.5	151
	chrI	14080	0	0.5	151
	chrI	14087	0	1.0	151
	chrI	14087	1	0.5	151
	chrI	14089	1	1.0	151
	chrI	14094	1	0.5	151
	chrI	14102	0	0.5	151
	chrI	14119	0	0.5	85
	chrI	14121	0	0.5	151
	chrI	14151	1	0.5	114
	chrI	14170	1	0.5	143
	chrI	14178	0	0.5	148
	chrI	14178	1	0.5	151
	chrI	14180	0	0.5	124
	chrI	14189	0	0.5	137
	chrI	14207	1	0.5	85
	chrI	14210	0	1.0	151
	chrI	14229	1	0.5	151
	chrI	14235	1	0.5	151
	chrI	14237	0	1.0	87
	chrI	14238	1	0.5	151
	chrI	14239	1	0.5	151
	chrI	14241	0	0.5	55
	chrI	14243	0	0.5	67
	chrI	14252	0	2.0	151
	chrI	14253	0	0.5	135
	chrI	14261	1	0.5	151
	chrI	14274	0	1.0	145
	chrI	14279	1	0.5	151
	chrI	14280	0	0.5	151
	chrI	14281	0	0.5	151
	chrI	14293	0	0.5	151
	chrI	14297	1	0.5	55
	chrI	14298	0	0.5	151
	chrI	14305	1	0.5	151
	chrI	14305	1	0.5	124
	chrI	14310	1	0.5	67
	chrI	14325	1	0.5	137
	chrI	14325	1	0.5	148
	chrI	14326	1	1.0	87
	chrI	14329	0	0.5	35
	chrI	14367	1	0.5	35
	chrI	14387	1	0.5	135
	chrI	14389	1	1.0	151
	chrI	14407	0	0.5	103
	chrI	14412	0	0.5	151
	chrI	14413	0	1.5	112
	chrI	14418	1	1.0	145
	chrI	14419	0	0.5	151
	chrI	14425	1	0.5	151
	chrI	14427	1	2.0	151
	chrI	14437	0	0.5	95
	chrI	14437	1	0.5	151
	chrI	14440	0	2.5	151
	chrI	14452	1	0.5	151
	chrI	14489	1	0.5	151
	chrI	14492	0	0.5	151
	chrI	14511	1	0.5	103
	chrI	14526	1	1.5	112
	chrI	14533	1	0.5	95
	chrI	14538	0	0.5	117
	chrI	14551	0	0.5	66
	chrI	14563	0	0.5	124
	chrI	14569	0	0.5	151
	chrI	14593	1	0.5	151
	chrI	14594	1	2.5	151
	chrI	14600	0	0.5	75
	chrI	14606	1	0.5	151
	chrI	14618	1	0.5	66
	chrI	14656	1	0.5	117
	chrI	14661	0	0.5	76
	chrI	14675	0	0.5	151
	chrI	14676	1	0.5	75
	chrI	14688	1	0.5	124
	chrI	14701	1	0.5	151
	chrI	14704	0	0.5	151
	chrI	14709	0	0.5	135
	chrI	14716	0	0.5	151
	chrI	14721	1	0.5	151
	chrI	14739	1	0.5	76
	chrI	14741	0	0.5	61
	chrI	14744	0	0.5	146
	chrI	14757	0	0.5	104
	chrI	14773	0	0.5	76
	chrI	14796	0	0.5	61
	chrI	14796	0	0.5	62
	chrI	14803	1	0.5	61
	chrI	14820	0	0.5	122
	chrI	14828	0	0.5	63
	chrI	14843	1	0.5	135
	chrI	14847	0	0.5	136
	chrI	14850	1	0.5	76
	chrI	14860	0	0.5	151
	chrI	14862	1	0.5	61
	chrI	14862	1	0.5	62
	chrI	14862	1	0.5	104
	chrI	14863	0	0.5	127
	chrI	14870	0	1.0	60
	chrI	14870	0	0.5	61
	chrI	14889	1	0.5	146
	chrI	14889	1	1.0	151
	chrI	14893	1	0.5	63
	chrI	14897	0	0.5	151
	chrI	14899	0	0.5	140
	chrI	14901	1	0.5	151
	chrI	14918	0	0.5	151
	chrI	14930	1	0.5	151
	chrI	14933	1	1.0	60
	chrI	14933	1	0.5	61
	chrI	14943	1	0.5	122
	chrI	14982	1	0.5	136
	chrI	14985	0	0.5	51
	chrI	14991	1	0.5	127
	chrI	14992	0	0.5	151
	chrI	14993	0	0.5	82
	chrI	15019	0	0.5	144
	chrI	15029	1	0.5	151
	chrI	15031	0	0.5	141
	chrI	15037	1	0.5	51
	chrI	15038	1	0.5	140
	chrI	15068	0	0.5	151
	chrI	15076	1	0.5	82
	chrI	15083	0	0.5	151
	chrI	15084	0	0.5	144
	chrI	15095	1	0.5	151
	chrI	15105	0	0.5	151
	chrI	15125	0	0.5	151
	chrI	15129	1	0.5	151
	chrI	15145	0	0.5	141
	chrI	15147	0	1.5	151
	chrI	15147	1	0.5	151
	chrI	15162	1	0.5	144
	chrI	15171	1	0.5	141
	chrI	15206	0	2.0	94
	chrI	15212	0	0.5	151
	chrI	15215	0	1.5	151
	chrI	15227	1	0.5	144
	chrI	15227	1	0.5	151
	chrI	15251	1	0.5	151
	chrI	15254	0	0.5	151
	chrI	15265	0	1.0	151
	chrI	15268	0	0.5	151
	chrI	15274	0	0.5	151
	chrI	15274	1	0.5	151
	chrI	15278	0	0.5	151
	chrI	15283	0	0.5	151
	chrI	15285	1	0.5	141
	chrI	15286	0	0.5	151
	chrI	15297	0	0.5	150
	chrI	15301	0	0.5	63
	chrI	15301	1	2.0	94
	chrI	15306	0	0.5	105
	chrI	15308	1	1.5	151
	chrI	15309	0	0.5	136
	chrI	15309	0	1.0	151
	chrI	15314	0	0.5	151
	chrI	15321	0	0.5	151
	chrI	15326	0	1.0	115
	chrI	15357	0	0.5	87
	chrI	15358	0	1.0	64
	chrI	15358	0	0.5	104
	chrI	15363	0	0.5	131
	chrI	15364	1	0.5	63
	chrI	15390	1	0.5	151
	chrI	15401	1	1.5	151
	chrI	15413	1	0.5	105
	chrI	15423	1	1.0	64
	chrI	15429	1	1.0	151
	chrI	15433	0	0.5	91
	chrI	15443	0	0.5	151
	chrI	15443	1	0.5	87
	chrI	15443	1	1.0	115
	chrI	15444	1	0.5	136
	chrI	15444	1	0.5	151
	chrI	15445	1	0.5	151
	chrI	15446	1	0.5	150
	chrI	15446	1	0.5	151
	chrI	15451	0	0.5	106
	chrI	15464	1	0.5	104
	chrI	15468	0	0.5	50
	chrI	15470	1	0.5	151
	chrI	15481	1	1.0	151
	chrI	15493	1	0.5	131
	chrI	15499	0	0.5	72
	chrI	15499	0	0.5	73
	chrI	15502	1	1.0	151
	chrI	15506	0	0.5	88
	chrI	15507	0	0.5	151
	chrI	15507	1	0.5	151
	chrI	15520	1	0.5	50
	chrI	15528	0	0.5	116
	chrI	15528	1	0.5	91
	chrI	15539	0	0.5	66
	chrI	15552	1	0.5	151
	chrI	15556	0	0.5	139
	chrI	15558	1	0.5	106
	chrI	15562	0	0.5	48
	chrI	15562	0	0.5	63
	chrI	15572	1	0.5	72
	chrI	15572	1	0.5	73
	chrI	15576	1	0.5	151
	chrI	15583	0	0.5	94
	chrI	15597	1	0.5	88
	chrI	15598	0	0.5	125
	chrI	15605	1	0.5	66
	chrI	15611	1	0.5	48
	chrI	15627	1	0.5	63
	chrI	15630	0	1.0	151
	chrI	15634	0	0.5	151
	chrI	15639	0	0.5	151
	chrI	15645	1	0.5	116
	chrI	15668	0	0.5	104
	chrI	15668	1	0.5	151
	chrI	15677	1	0.5	94
	chrI	15678	1	0.5	151
	chrI	15682	0	0.5	139
	chrI	15682	0	0.5	65
	chrI	15682	0	0.5	67
	chrI	15694	1	0.5	139
	chrI	15695	0	0.5	106
	chrI	15706	0	0.5	70
	chrI	15710	0	0.5	151
	chrI	15718	0	0.5	151
	chrI	15724	1	0.5	125
	chrI	15749	1	0.5	65
	chrI	15749	1	0.5	67
	chrI	15751	0	0.5	128
	chrI	15766	0	0.5	148
	chrI	15773	1	0.5	104
	chrI	15777	1	0.5	70
	chrI	15782	0	0.5	151
	chrI	15782	0	0.5	92
	chrI	15787	0	0.5	53
	chrI	15787	1	1.0	151
	chrI	15802	1	0.5	106
	chrI	15808	0	0.5	50
	chrI	15809	1	0.5	151
	chrI	15811	0	0.5	151
	chrI	15820	0	1.0	151
	chrI	15820	1	0.5	139
	chrI	15828	0	1.0	151
	chrI	15832	0	0.5	151
	chrI	15834	0	0.5	151
	chrI	15841	1	0.5	53
	chrI	15842	0	0.5	151
	chrI	15842	1	0.5	151
	chrI	15844	0	0.5	151
	chrI	15861	1	0.5	50
	chrI	15869	0	0.5	115
	chrI	15876	1	0.5	151
	chrI	15876	1	0.5	92
	chrI	15877	0	0.5	151
	chrI	15878	1	0.5	128
	chrI	15879	0	0.5	151
	chrI	15880	0	1.5	151
	chrI	15889	0	0.5	85
	chrI	15891	0	0.5	151
	chrI	15912	1	0.5	151
	chrI	15913	0	0.5	115
	chrI	15913	1	0.5	148
	chrI	15936	1	0.5	151
	chrI	15949	0	0.5	54
	chrI	15976	1	0.5	85
	chrI	15984	1	0.5	115
	chrI	15985	1	0.5	151
	chrI	15986	1	0.5	151
	chrI	15997	1	0.5	151
	chrI	15998	0	0.5	150
	chrI	16000	1	0.5	151
	chrI	16001	0	0.5	150
	chrI	16004	1	0.5	54
	chrI	16006	0	0.5	151
	chrI	16015	1	0.5	151
	chrI	16017	0	1.0	151
	chrI	16029	1	1.0	151
	chrI	16030	1	0.5	115
	chrI	16032	1	0.5	151
	chrI	16033	0	0.5	151
	chrI	16037	0	0.5	140
	chrI	16038	1	0.5	149
	chrI	16040	1	1.0	151
	chrI	16047	1	0.5	151
	chrI	16049	0	0.5	135
	chrI	16079	0	0.5	96
	chrI	16102	0	0.5	119
	chrI	16107	0	1.0	114
	chrI	16119	0	0.5	75
	chrI	16133	1	0.5	151
	chrI	16136	0	0.5	151
	chrI	16138	1	0.5	151
	chrI	16147	1	0.5	150
	chrI	16152	1	0.5	151
	chrI	16154	0	0.5	151
	chrI	16167	0	0.5	151
	chrI	16167	0	0.5	70
	chrI	16168	0	1.0	151
	chrI	16168	0	0.5	59
	chrI	16168	1	1.0	151
	chrI	16169	0	0.5	151
	chrI	16176	0	0.5	145
	chrI	16176	0	1.5	151
	chrI	16176	1	0.5	140
	chrI	16177	1	0.5	96
	chrI	16179	0	0.5	119
	chrI	16190	1	0.5	151
	chrI	16191	0	1.0	131
	chrI	16196	1	0.5	75
	chrI	16210	0	0.5	107
	chrI	16217	0	0.5	64
	chrI	16219	0	1.5	151
	chrI	16219	0	0.5	98
	chrI	16219	1	0.5	151
	chrI	16221	1	1.0	114
	chrI	16222	1	0.5	119
	chrI	16225	0	0.5	117
	chrI	16228	1	0.5	59
	chrI	16238	0	0.5	53
	chrI	16240	1	0.5	70
	chrI	16249	0	1.0	110
	chrI	16268	0	0.5	64
	chrI	16275	1	0.5	151
	chrI	16283	1	0.5	64
	chrI	16290	0	0.5	151
	chrI	16292	0	0.5	140
	chrI	16292	1	0.5	53
	chrI	16299	1	0.5	119
	chrI	16311	0	0.5	151
	chrI	16311	1	0.5	151
	chrI	16320	1	0.5	145
	chrI	16320	1	0.5	151
	chrI	16320	1	0.5	98
	chrI	16320	1	0.5	107
	chrI	16321	0	0.5	151
	chrI	16321	1	1.0	131
	chrI	16321	1	0.5	151
	chrI	16323	0	0.5	151
	chrI	16323	1	0.5	151
	chrI	16325	0	0.5	151
	chrI	16330	1	1.5	151
	chrI	16334	1	0.5	64
	chrI	16335	0	0.5	136
	chrI	16335	0	1.0	115
	chrI	16336	0	0.5	93
	chrI	16339	0	1.0	69
	chrI	16339	1	0.5	151
	chrI	16343	1	0.5	117
	chrI	16346	0	0.5	133
	chrI	16346	1	0.5	151
	chrI	16348	0	0.5	90
	chrI	16354	0	0.5	89
	chrI	16355	0	1.0	151
	chrI	16360	1	1.0	110
	chrI	16363	0	0.5	150
	chrI	16374	0	1.0	151
	chrI	16379	1	0.5	151
	chrI	16385	1	1.0	151
	chrI	16389	0	0.5	89
	chrI	16390	0	0.5	151
	chrI	16407	0	0.5	112
	chrI	16410	1	1.0	69
	chrI	16416	0	0.5	84
	chrI	16428	0	0.5	74
	chrI	16431	0	0.5	69
	chrI	16431	1	0.5	140
	chrI	16432	1	0.5	93
	chrI	16433	1	0.5	151
	chrI	16439	1	0.5	90
	chrI	16442	1	0.5	89
	chrI	16444	0	1.0	151
	chrI	16447	0	0.5	94
	chrI	16449	0	0.5	149
	chrI	16451	1	1.0	115
	chrI	16453	0	0.5	134
	chrI	16453	1	0.5	151
	chrI	16470	1	0.5	136
	chrI	16471	0	1.0	151
	chrI	16471	1	0.5	151
	chrI	16473	1	0.5	151
	chrI	16478	1	0.5	133
	chrI	16479	1	0.5	89
	chrI	16481	0	0.5	151
	chrI	16482	0	1.0	151
	chrI	16495	0	0.5	150
	chrI	16495	0	3.0	151
	chrI	16501	1	0.5	69
	chrI	16502	1	0.5	151
	chrI	16502	1	0.5	84
	chrI	16503	1	0.5	74
	chrI	16505	0	0.5	72
	chrI	16506	0	0.5	56
	chrI	16513	0	0.5	151
	chrI	16515	0	1.0	151
	chrI	16515	0	1.0	81
	chrI	16515	0	0.5	82
	chrI	16520	1	0.5	112
	chrI	16521	1	0.5	151
	chrI	16522	0	0.5	151
	chrI	16526	0	0.5	151
	chrI	16533	0	0.5	100
	chrI	16535	0	1.0	113
	chrI	16535	1	1.0	151
	chrI	16536	0	1.5	151
	chrI	16537	0	0.5	133
	chrI	16538	0	0.5	151
	chrI	16541	1	0.5	151
	chrI	16542	1	0.5	151
	chrI	16543	0	1.0	151
	chrI	16543	0	0.5	53
	chrI	16543	1	0.5	94
	chrI	16562	1	0.5	56
	chrI	16578	1	1.0	151
	chrI	16578	1	0.5	72
	chrI	16586	1	0.5	134
	chrI	16597	1	0.5	149
	chrI	16598	1	1.0	151
	chrI	16598	1	0.5	53
	chrI	16598	1	1.0	81
	chrI	16598	1	0.5	82
	chrI	16614	0	0.5	78
	chrI	16630	1	1.0	151
	chrI	16635	1	0.5	100
	chrI	16639	1	0.5	151
	chrI	16640	0	0.5	107
	chrI	16644	1	0.5	150
	chrI	16647	0	0.5	51
	chrI	16651	1	1.0	113
	chrI	16662	1	1.0	151
	chrI	16669	1	0.5	133
	chrI	16669	1	0.5	151
	chrI	16683	1	0.5	151
	chrI	16687	1	1.0	151
	chrI	16694	1	3.5	151
	chrI	16694	1	0.5	78
	chrI	16695	1	0.5	151
	chrI	16696	0	1.0	151
	chrI	16696	0	1.0	78
	chrI	16699	1	0.5	51
	chrI	16702	0	1.0	151
	chrI	16713	0	0.5	151
	chrI	16728	1	0.5	151
	chrI	16738	0	0.5	92
	chrI	16746	0	0.5	104
	chrI	16748	1	0.5	107
	chrI	16776	1	1.0	78
	chrI	16780	1	1.0	151
	chrI	16788	0	0.5	92
	chrI	16791	0	1.0	151
	chrI	16798	0	0.5	143
	chrI	16806	0	0.5	101
	chrI	16809	0	0.5	44
	chrI	16831	1	0.5	92
	chrI	16834	0	0.5	151
	chrI	16842	0	0.5	151
	chrI	16851	1	0.5	104
	chrI	16854	1	0.5	44
	chrI	16857	0	1.5	151
	chrI	16858	0	0.5	53
	chrI	16858	0	0.5	54
	chrI	16865	1	0.5	151
	chrI	16880	1	0.5	149
	chrI	16880	1	1.5	151
	chrI	16881	0	0.5	151
	chrI	16881	0	0.5	120
	chrI	16882	1	0.5	92
	chrI	16884	0	0.5	84
	chrI	16886	0	0.5	151
	chrI	16887	0	0.5	151
	chrI	16888	0	0.5	151
	chrI	16906	1	0.5	101
	chrI	16910	0	0.5	132
	chrI	16911	0	0.5	80
	chrI	16911	1	0.5	53
	chrI	16911	1	0.5	54
	chrI	16916	0	0.5	123
	chrI	16937	0	0.5	151
	chrI	16937	0	1.0	110
	chrI	16940	1	0.5	143
	chrI	16944	0	0.5	62
	chrI	16946	0	0.5	150
	chrI	16946	1	1.0	151
	chrI	16953	0	2.0	151
	chrI	16968	1	0.5	84
	chrI	16969	0	0.5	151
	chrI	16974	0	0.5	151
	chrI	16975	0	0.5	125
	chrI	16976	0	0.5	151
	chrI	16978	0	0.5	151
	chrI	16980	1	1.0	151
	chrI	16983	0	0.5	118
	chrI	16994	1	0.5	80
	chrI	16997	0	0.5	57
	chrI	17003	1	0.5	120
	chrI	17006	0	0.5	151
	chrI	17008	1	0.5	62
	chrI	17034	1	0.5	151
	chrI	17035	0	0.5	63
	chrI	17037	1	1.5	151
	chrI	17041	1	0.5	132
	chrI	17042	1	0.5	151
	chrI	17042	1	0.5	123
	chrI	17044	0	1.0	151
	chrI	17051	1	1.0	110
	chrI	17057	1	0.5	151
	chrI	17057	1	0.5	57
	chrI	17062	0	0.5	151
	chrI	17065	1	0.5	151
	chrI	17067	0	0.5	151
	chrI	17087	0	0.5	110
	chrI	17090	1	0.5	151
	chrI	17091	1	0.5	151
	chrI	17100	1	0.5	63
	chrI	17103	1	0.5	118
	chrI	17105	1	0.5	125
	chrI	17106	1	1.5	151
	chrI	17122	1	1.0	151
	chrI	17127	1	0.5	151
	chrI	17128	1	0.5	151
	chrI	17130	0	0.5	72
	chrI	17144	1	1.0	151
	chrI	17150	0	1.0	142
	chrI	17155	0	0.5	59
	chrI	17160	0	0.5	55
	chrI	17162	0	0.5	105
	chrI	17166	0	0.5	133
	chrI	17174	0	0.5	56
	chrI	17198	1	0.5	110
	chrI	17200	1	0.5	151
	chrI	17202	1	0.5	72
	chrI	17214	1	0.5	151
	chrI	17215	1	0.5	59
	chrI	17218	1	0.5	55
	chrI	17221	1	1.0	151
	chrI	17223	0	0.5	151
	chrI	17228	1	0.5	151
	chrI	17232	1	0.5	56
	chrI	17233	0	0.5	151
	chrI	17243	0	0.5	110
	chrI	17268	0	0.5	151
	chrI	17268	1	0.5	105
	chrI	17280	0	0.5	151
	chrI	17281	0	2.0	151
	chrI	17283	0	0.5	99
	chrI	17291	1	1.0	142
	chrI	17295	0	0.5	62
	chrI	17298	1	0.5	133
	chrI	17313	0	0.5	151
	chrI	17343	0	0.5	119
	chrI	17343	0	0.5	121
	chrI	17345	0	0.5	151
	chrI	17345	0	0.5	94
	chrI	17353	1	0.5	110
	chrI	17359	1	0.5	62
	chrI	17362	0	0.5	151
	chrI	17380	1	0.5	151
	chrI	17381	1	0.5	97
	chrI	17389	1	0.5	151
	chrI	17409	0	0.5	131
	chrI	17412	0	0.5	133
	chrI	17420	0	0.5	76
	chrI	17421	0	0.5	100
	chrI	17442	0	0.5	39
	chrI	17442	1	2.5	151
	chrI	17442	1	0.5	94
	chrI	17450	0	0.5	108
	chrI	17459	1	1.0	151
	chrI	17463	1	0.5	119
	chrI	17463	1	0.5	121
	chrI	17467	0	1.0	112
	chrI	17467	1	0.5	151
	chrI	17477	0	0.5	91
	chrI	17482	1	0.5	39
	chrI	17485	0	0.5	147
	chrI	17488	0	0.5	151
	chrI	17497	1	0.5	76
	chrI	17502	0	0.5	91
	chrI	17509	0	0.5	104
	chrI	17509	0	1.5	105
	chrI	17510	0	0.5	94
	chrI	17520	1	0.5	148
	chrI	17522	1	0.5	100
	chrI	17537	1	0.5	151
	chrI	17539	1	0.5	131
	chrI	17541	0	0.5	150
	chrI	17541	0	0.5	151
	chrI	17544	1	0.5	133
	chrI	17555	0	0.5	151
	chrI	17559	1	0.5	108
	chrI	17565	0	0.5	54
	chrI	17569	1	0.5	91
	chrI	17580	1	1.0	112
	chrI	17583	0	0.5	151
	chrI	17584	0	0.5	141
	chrI	17586	0	0.5	151
	chrI	17588	0	1.0	151
	chrI	17591	0	0.5	101
	chrI	17591	0	0.5	102
	chrI	17594	1	0.5	91
	chrI	17603	1	0.5	94
	chrI	17616	1	0.5	104
	chrI	17616	1	1.5	105
	chrI	17619	1	0.5	54
	chrI	17631	1	0.5	147
	chrI	17659	0	1.0	47
	chrI	17659	0	0.5	127
	chrI	17660	0	0.5	104
	chrI	17690	1	0.5	150
	chrI	17691	1	0.5	151
	chrI	17694	1	0.5	101
	chrI	17694	1	0.5	102
	chrI	17697	0	0.5	85
	chrI	17697	0	0.5	88
	chrI	17699	0	0.5	151
	chrI	17707	1	1.0	47
	chrI	17709	0	0.5	116
	chrI	17710	0	0.5	151
	chrI	17710	1	0.5	151
	chrI	17711	0	1.0	151
	chrI	17712	0	0.5	151
	chrI	17713	0	0.5	151
	chrI	17718	0	0.5	151
	chrI	17722	0	0.5	151
	chrI	17724	0	0.5	139
	chrI	17724	1	0.5	141
	chrI	17725	0	1.5	151
	chrI	17726	0	0.5	151
	chrI	17726	0	0.5	110
	chrI	17728	0	0.5	151
	chrI	17740	1	0.5	151
	chrI	17741	0	0.5	101
	chrI	17746	1	0.5	151
	chrI	17754	0	0.5	137
	chrI	17758	0	0.5	134
	chrI	17758	0	0.5	149
	chrI	17758	0	0.5	102
	chrI	17767	1	0.5	104
	chrI	17785	1	0.5	85
	chrI	17785	1	0.5	88
	chrI	17786	0	2.0	151
	chrI	17787	1	0.5	127
	chrI	17790	0	0.5	151
	chrI	17793	0	1.0	87
	chrI	17824	1	0.5	116
	chrI	17832	1	1.0	151
	chrI	17836	1	0.5	110
	chrI	17840	0	1.0	133
	chrI	17842	1	0.5	101
	chrI	17852	0	0.5	151
	chrI	17853	0	0.5	53
	chrI	17853	0	0.5	112
	chrI	17862	1	0.5	139
	chrI	17862	1	0.5	102
	chrI	17879	1	0.5	151
	chrI	17880	0	0.5	84
	chrI	17881	1	2.0	151
	chrI	17881	1	1.0	87
	chrI	17890	1	0.5	137
	chrI	17890	1	0.5	151
	chrI	17891	1	0.5	134
	chrI	17892	0	1.0	151
	chrI	17893	1	0.5	151
	chrI	17899	0	0.5	151
	chrI	17899	0	0.5	66
	chrI	17900	1	0.5	151
	chrI	17906	1	0.5	149
	chrI	17907	1	1.0	151
	chrI	17908	1	0.5	53
	chrI	17909	0	1.5	151
	chrI	17909	0	0.5	72
	chrI	17910	0	0.5	45
	chrI	17933	0	0.5	47
	chrI	17936	1	0.5	151
	chrI	17938	0	1.0	77
	chrI	17947	0	0.5	151
	chrI	17948	1	2.0	151
	chrI	17954	1	1.0	151
	chrI	17956	1	0.5	151
	chrI	17956	1	0.5	45
	chrI	17957	0	0.5	151
	chrI	17957	0	0.5	107
	chrI	17958	0	1.0	151
	chrI	17959	0	0.5	151
	chrI	17963	0	0.5	80
	chrI	17966	1	0.5	151
	chrI	17966	1	0.5	66
	chrI	17966	1	0.5	84
	chrI	17967	1	0.5	112
	chrI	17972	1	1.0	133
	chrI	17983	1	0.5	47
	chrI	17983	1	0.5	72
	chrI	17987	0	0.5	151
	chrI	17998	0	0.5	124
	chrI	18004	1	0.5	151
	chrI	18017	1	1.0	77
	chrI	18020	0	0.5	151
	chrI	18044	1	0.5	80
	chrI	18064	1	1.0	151
	chrI	18068	1	0.5	107
	chrI	18071	0	0.5	149
	chrI	18071	0	0.5	101
	chrI	18073	1	0.5	151
	chrI	18076	1	0.5	151
	chrI	18083	1	1.0	151
	chrI	18096	0	0.5	150
	chrI	18102	0	0.5	151
	chrI	18121	0	1.5	151
	chrI	18123	1	0.5	124
	chrI	18124	1	0.5	151
	chrI	18128	0	0.5	151
	chrI	18131	1	0.5	151
	chrI	18136	0	1.0	151
	chrI	18137	0	0.5	151
	chrI	18138	0	2.0	151
	chrI	18138	0	1.0	87
	chrI	18142	1	1.0	151
	chrI	18146	0	0.5	57
	chrI	18149	1	0.5	151
	chrI	18150	0	0.5	134
	chrI	18152	0	0.5	133
	chrI	18153	0	0.5	151
	chrI	18153	0	0.5	62
	chrI	18174	1	0.5	101
	chrI	18204	1	0.5	57
	chrI	18214	1	0.5	151
	chrI	18217	1	0.5	62
	chrI	18219	1	0.5	149
	chrI	18226	1	1.0	87
	chrI	18242	0	0.5	151
	chrI	18245	0	0.5	45
	chrI	18245	1	0.5	150
	chrI	18266	0	0.5	151
	chrI	18267	0	1.0	151
	chrI	18278	0	0.5	93
	chrI	18283	1	0.5	134
	chrI	18284	1	0.5	133
	chrI	18290	0	0.5	146
	chrI	18290	1	1.5	151
	chrI	18291	1	0.5	151
	chrI	18291	1	0.5	45
	chrI	18292	0	0.5	144
	chrI	18295	1	0.5	151
	chrI	18301	1	1.5	151
	chrI	18303	0	1.0	151
	chrI	18303	0	0.5	112
	chrI	18304	0	0.5	151
	chrI	18314	0	1.0	79
	chrI	18316	1	0.5	151
	chrI	18319	1	1.5	151
	chrI	18323	0	1.0	93
	chrI	18363	1	0.5	151
	chrI	18370	0	0.5	115
	chrI	18370	1	0.5	93
	chrI	18393	0	0.5	148
	chrI	18396	1	1.0	79
	chrI	18416	1	0.5	151
	chrI	18418	1	1.0	93
	chrI	18418	1	0.5	114
	chrI	18425	1	1.0	151
	chrI	18434	1	0.5	143
	chrI	18435	1	0.5	146
	chrI	18436	0	0.5	151
	chrI	18446	0	0.5	63
	chrI	18447	0	0.5	138
	chrI	18447	0	1.0	116
	chrI	18447	1	0.5	151
	chrI	18458	1	0.5	151
	chrI	18459	1	0.5	151
	chrI	18461	1	0.5	151
	chrI	18462	1	0.5	151
	chrI	18463	0	1.0	151
	chrI	18480	0	0.5	151
	chrI	18483	0	0.5	55
	chrI	18484	1	0.5	115
	chrI	18488	0	1.0	151
	chrI	18510	1	0.5	63
	chrI	18540	1	0.5	55
	chrI	18552	0	1.0	124
	chrI	18553	0	0.5	151
	chrI	18554	1	0.5	151
	chrI	18564	1	1.0	116
	chrI	18579	0	0.5	151
	chrI	18584	1	0.5	138
	chrI	18585	0	0.5	77
	chrI	18596	0	0.5	127
	chrI	18596	1	0.5	151
	chrI	18607	0	1.0	135
	chrI	18613	0	0.5	151
	chrI	18621	1	1.0	151
	chrI	18639	1	0.5	151
	chrI	18644	0	0.5	134
	chrI	18645	0	0.5	133
	chrI	18645	0	1.0	151
	chrI	18657	0	0.5	141
	chrI	18657	0	0.5	107
	chrI	18657	1	1.0	151
	chrI	18663	1	0.5	77
	chrI	18678	1	1.0	124
	chrI	18719	0	1.0	151
	chrI	18724	1	0.5	127
	chrI	18730	0	0.5	143
	chrI	18733	1	0.5	151
	chrI	18741	1	1.0	135
	chrI	18763	0	0.5	62
	chrI	18765	1	0.5	107
	chrI	18776	1	0.5	151
	chrI	18777	1	0.5	133
	chrI	18777	1	0.5	134
	chrI	18778	0	0.5	41
	chrI	18783	0	1.0	151
	chrI	18787	0	0.5	151
	chrI	18792	1	0.5	151
	chrI	18797	0	2.0	151
	chrI	18797	1	0.5	141
	chrI	18797	1	1.0	151
	chrI	18802	0	0.5	151
	chrI	18802	0	0.5	111
	chrI	18803	0	1.5	119
	chrI	18820	1	0.5	41
	chrI	18826	0	0.5	90
	chrI	18826	1	0.5	62
	chrI	18841	0	0.5	55
	chrI	18847	0	0.5	151
	chrI	18871	0	0.5	65
	chrI	18872	1	0.5	143
	chrI	18892	1	1.0	151
	chrI	18896	1	0.5	55
	chrI	18902	0	0.5	151
	chrI	18914	1	0.5	111
	chrI	18915	0	0.5	91
	chrI	18917	1	0.5	90
	chrI	18920	0	0.5	151
	chrI	18923	1	1.5	119
	chrI	18927	0	0.5	51
	chrI	18927	0	0.5	53
	chrI	18936	1	0.5	65
	chrI	18941	1	0.5	151
	chrI	18946	0	0.5	119
	chrI	18949	0	0.5	132
	chrI	18950	0	0.5	101
	chrI	18957	1	0.5	151
	chrI	18959	1	1.5	151
	chrI	18963	0	0.5	52
	chrI	18969	1	1.0	151
	chrI	18971	1	0.5	151
	chrI	18974	0	0.5	151
	chrI	18979	1	0.5	51
	chrI	18979	1	0.5	53
	chrI	18989	0	0.5	114
	chrI	18990	0	1.0	151
	chrI	19002	0	0.5	93
	chrI	19002	0	0.5	95
	chrI	19007	1	0.5	91
	chrI	19009	1	0.5	151
	chrI	19016	1	0.5	52
	chrI	19033	0	0.5	124
	chrI	19052	1	0.5	101
	chrI	19054	0	0.5	151
	chrI	19057	0	0.5	46
	chrI	19066	1	0.5	119
	chrI	19068	0	1.0	151
	chrI	19078	0	0.5	66
	chrI	19079	1	0.5	151
	chrI	19080	1	0.5	132
	chrI	19084	1	0.5	151
	chrI	19088	0	0.5	56
	chrI	19089	0	1.0	151
	chrI	19095	0	0.5	108
	chrI	19097	1	0.5	93
	chrI	19097	1	0.5	95
	chrI	19104	1	0.5	46
	chrI	19104	1	0.5	114
	chrI	19109	0	0.5	151
	chrI	19138	1	0.5	151
	chrI	19141	0	0.5	151
	chrI	19145	1	0.5	56
	chrI	19145	1	0.5	66
	chrI	19152	0	0.5	151
	chrI	19159	1	0.5	124
	chrI	19162	0	0.5	151
	chrI	19163	0	0.5	84
	chrI	19164	0	0.5	151
	chrI	19165	1	1.0	151
	chrI	19166	0	0.5	151
	chrI	19179	0	0.5	139
	chrI	19180	0	0.5	114
	chrI	19192	0	0.5	89
	chrI	19195	0	1.0	132
	chrI	19204	1	0.5	108
	chrI	19205	0	0.5	151
	chrI	19211	0	0.5	108
	chrI	19213	0	0.5	151
	chrI	19215	0	1.0	151
	chrI	19219	0	0.5	151
	chrI	19227	1	0.5	151
	chrI	19240	1	1.0	151
	chrI	19246	1	1.0	151
	chrI	19248	1	0.5	84
	chrI	19258	0	0.5	93
	chrI	19262	0	0.5	74
	chrI	19262	0	0.5	75
	chrI	19266	0	0.5	151
	chrI	19274	0	0.5	63
	chrI	19278	0	0.5	80
	chrI	19282	1	0.5	89
	chrI	19296	1	0.5	114
	chrI	19298	0	0.5	130
	chrI	19307	0	1.5	89
	chrI	19317	1	0.5	139
	chrI	19317	1	0.5	151
	chrI	19318	0	0.5	60
	chrI	19318	1	1.0	151
	chrI	19319	0	1.0	151
	chrI	19321	1	0.5	108
	chrI	19322	1	0.5	151
	chrI	19326	1	1.0	132
	chrI	19330	1	0.5	151
	chrI	19334	1	0.5	151
	chrI	19337	0	0.5	151
	chrI	19337	1	0.5	63
	chrI	19337	1	0.5	74
	chrI	19337	1	0.5	75
	chrI	19351	0	0.5	151
	chrI	19351	0	0.5	63
	chrI	19351	0	0.5	125
	chrI	19353	1	0.5	93
	chrI	19359	1	0.5	80
	chrI	19362	0	0.5	136
	chrI	19366	1	1.0	151
	chrI	19369	0	1.0	151
	chrI	19371	0	0.5	151
	chrI	19377	0	0.5	100
	chrI	19378	1	0.5	151
	chrI	19379	1	0.5	60
	chrI	19397	0	0.5	121
	chrI	19397	1	1.5	89
	chrI	19399	0	0.5	151
	chrI	19402	1	0.5	151
	chrI	19408	0	0.5	67
	chrI	19415	0	0.5	151
	chrI	19415	1	0.5	63
	chrI	19427	1	0.5	130
	chrI	19453	0	0.5	119
	chrI	19455	0	0.5	48
	chrI	19468	0	0.5	103
	chrI	19473	1	0.5	151
	chrI	19476	1	0.5	67
	chrI	19477	1	1.0	151
	chrI	19477	1	0.5	125
	chrI	19479	1	0.5	100
	chrI	19481	0	1.0	151
	chrI	19481	0	0.5	121
	chrI	19482	0	0.5	137
	chrI	19482	0	0.5	138
	chrI	19482	0	0.5	151
	chrI	19482	0	0.5	107
	chrI	19487	0	0.5	151
	chrI	19497	1	0.5	136
	chrI	19503	1	0.5	151
	chrI	19505	1	0.5	48
	chrI	19509	1	0.5	151
	chrI	19513	0	0.5	131
	chrI	19513	0	0.5	151
	chrI	19517	0	0.5	151
	chrI	19521	1	0.5	121
	chrI	19522	0	0.5	151
	chrI	19528	1	1.0	151
	chrI	19529	0	0.5	125
	chrI	19538	1	1.0	151
	chrI	19550	0	0.5	142
	chrI	19552	0	0.5	90
	chrI	19561	1	0.5	151
	chrI	19564	0	0.5	128
	chrI	19564	0	0.5	126
	chrI	19571	0	0.5	140
	chrI	19573	1	0.5	103
	chrI	19573	1	0.5	119
	chrI	19579	1	0.5	151
	chrI	19582	0	0.5	112
	chrI	19588	0	1.0	99
	chrI	19589	1	0.5	107
	chrI	19603	1	0.5	121
	chrI	19618	1	0.5	137
	chrI	19619	1	0.5	138
	chrI	19638	1	1.0	151
	chrI	19643	0	0.5	151
	chrI	19643	1	0.5	131
	chrI	19645	1	0.5	90
	chrI	19646	0	0.5	151
	chrI	19655	1	0.5	125
	chrI	19659	0	0.5	150
	chrI	19662	1	0.5	151
	chrI	19666	0	0.5	151
	chrI	19666	0	0.5	103
	chrI	19671	1	0.5	151
	chrI	19673	0	0.5	149
	chrI	19673	0	1.5	151
	chrI	19679	1	0.5	151
	chrI	19683	0	1.0	104
	chrI	19686	1	0.5	151
	chrI	19687	1	1.0	99
	chrI	19691	0	0.5	59
	chrI	19691	1	0.5	128
	chrI	19691	1	0.5	142
	chrI	19691	1	0.5	126
	chrI	19694	1	0.5	151
	chrI	19695	1	0.5	112
	chrI	19696	0	0.5	151
	chrI	19710	1	0.5	140
	chrI	19751	1	0.5	59
	chrI	19752	0	1.5	151
	chrI	19769	0	0.5	151
	chrI	19771	1	0.5	103
	chrI	19772	0	0.5	125
	chrI	19777	0	0.5	53
	chrI	19780	0	1.0	55
	chrI	19783	0	1.0	151
	chrI	19788	1	1.0	104
	chrI	19798	0	0.5	151
	chrI	19815	0	0.5	151
	chrI	19825	0	0.5	147
	chrI	19827	1	2.0	151
	chrI	19828	0	1.0	104
	chrI	19828	0	0.5	106
	chrI	19830	1	0.5	53
	chrI	19836	1	1.0	55
	chrI	19843	1	0.5	151
	chrI	19851	0	1.5	76
	chrI	19858	1	0.5	151
	chrI	19897	1	0.5	125
	chrI	19920	1	0.5	150
	chrI	19921	1	1.0	151
	chrI	19928	1	1.5	76
	chrI	19934	1	1.0	104
	chrI	19934	1	0.5	106
	chrI	19936	1	1.0	151
	chrI	19938	0	0.5	147
	chrI	19942	1	0.5	151
	chrI	19971	1	1.0	149
	chrI	19974	0	1.5	151
	chrI	19988	0	0.5	151
	chrI	20000	0	0.5	115
	chrI	20001	1	0.5	147
	chrI	20002	0	0.5	151
	chrI	20013	0	0.5	151
	chrI	20031	1	0.5	147
	chrI	20036	0	0.5	133
	chrI	20045	0	1.0	151
	chrI	20060	0	0.5	77
	chrI	20074	0	0.5	151
	chrI	20075	0	0.5	138
	chrI	20090	0	0.5	151
	chrI	20114	0	0.5	151
	chrI	20116	1	0.5	115
	chrI	20121	0	0.5	151
	chrI	20131	1	1.5	151
	chrI	20140	1	0.5	77
	chrI	20144	1	1.0	151
	chrI	20148	0	0.5	141
	chrI	20150	0	0.5	146
	chrI	20158	1	0.5	151
	chrI	20168	1	0.5	133
	chrI	20174	1	0.5	151
	chrI	20177	1	0.5	151
	chrI	20189	0	0.5	150
	chrI	20212	1	0.5	138
	chrI	20214	1	1.0	151
	chrI	20236	0	0.5	63
	chrI	20285	1	0.5	151
	chrI	20288	1	0.5	141
	chrI	20295	1	0.5	146
	chrI	20298	1	0.5	151
	chrI	20299	0	0.5	132
	chrI	20300	1	0.5	63
	chrI	20319	1	0.5	151
	chrI	20341	1	0.5	151
	chrI	20343	0	1.5	151
	chrI	20343	0	1.0	114
	chrI	20352	1	0.5	151
	chrI	20363	0	1.0	151
	chrI	20364	0	0.5	116
	chrI	20374	0	1.0	59
	chrI	20374	0	0.5	109
	chrI	20409	0	0.5	112
	chrI	20410	0	1.0	151
	chrI	20411	0	1.0	151
	chrI	20417	0	0.5	132
	chrI	20418	0	0.5	146
	chrI	20427	0	1.0	107
	chrI	20430	1	0.5	132
	chrI	20434	0	0.5	109
	chrI	20435	1	1.0	59
	chrI	20449	0	0.5	72
	chrI	20458	1	1.0	114
	chrI	20480	0	0.5	79
	chrI	20481	1	0.5	116
	chrI	20484	1	0.5	109
	chrI	20500	0	0.5	151
	chrI	20513	0	1.0	120
	chrI	20522	1	0.5	72
	chrI	20522	1	0.5	112
	chrI	20534	1	1.0	107
	chrI	20535	1	2.5	151
	chrI	20538	0	0.5	151
	chrI	20543	1	0.5	109
	chrI	20544	0	0.5	151
	chrI	20546	0	0.5	151
	chrI	20548	1	0.5	132
	chrI	20551	0	0.5	151
	chrI	20559	1	0.5	79
	chrI	20563	0	0.5	151
	chrI	20563	1	0.5	146
	chrI	20566	0	0.5	125
	chrI	20567	0	0.5	52
	chrI	20589	0	0.5	35
	chrI	20600	0	0.5	101
	chrI	20603	0	0.5	106
	chrI	20612	0	1.5	151
	chrI	20612	0	0.5	37
	chrI	20612	0	0.5	93
	chrI	20612	1	1.0	151
	chrI	20617	1	1.0	151
	chrI	20618	0	0.5	104
	chrI	20620	1	0.5	52
	chrI	20625	1	0.5	35
	chrI	20634	1	1.0	120
	chrI	20640	0	1.0	61
	chrI	20653	1	0.5	37
	chrI	20663	0	0.5	151
	chrI	20675	0	0.5	140
	chrI	20678	1	0.5	151
	chrI	20684	0	1.0	122
	chrI	20691	1	0.5	125
	chrI	20702	1	1.0	61
	chrI	20702	1	0.5	101
	chrI	20709	0	1.0	149
	chrI	20709	1	0.5	151
	chrI	20709	1	0.5	93
	chrI	20710	1	1.5	151
	chrI	20711	1	0.5	106
	chrI	20712	0	1.0	151
	chrI	20712	0	0.5	48
	chrI	20720	1	0.5	151
	chrI	20721	0	0.5	137
	chrI	20724	0	0.5	151
	chrI	20725	1	0.5	104
	chrI	20738	1	0.5	151
	chrI	20739	0	0.5	151
	chrI	20739	0	2.0	85
	chrI	20745	0	0.5	93
	chrI	20746	0	1.5	56
	chrI	20747	0	0.5	109
	chrI	20757	0	1.0	146
	chrI	20758	0	0.5	143
	chrI	20761	0	0.5	27
	chrI	20761	1	0.5	48
	chrI	20771	1	1.0	151
	chrI	20772	0	0.5	66
	chrI	20790	1	0.5	27
	chrI	20794	0	0.5	141
	chrI	20798	0	0.5	102
	chrI	20803	1	1.5	56
	chrI	20807	1	1.0	122
	chrI	20814	1	0.5	140
	chrI	20815	1	0.5	151
	chrI	20820	0	0.5	75
	chrI	20826	1	2.0	85
	chrI	20827	0	0.5	80
	chrI	20829	0	0.5	70
	chrI	20835	1	0.5	151
	chrI	20839	1	0.5	66
	chrI	20839	1	0.5	93
	chrI	20847	0	0.5	60
	chrI	20849	0	0.5	151
	chrI	20857	1	0.5	137
	chrI	20857	1	1.0	149
	chrI	20857	1	0.5	109
	chrI	20858	0	0.5	50
	chrI	20867	0	0.5	103
	chrI	20867	0	0.5	106
	chrI	20868	0	0.5	63
	chrI	20897	1	0.5	75
	chrI	20898	1	0.5	151
	chrI	20900	1	0.5	143
	chrI	20900	1	0.5	70
	chrI	20901	1	0.5	102
	chrI	20902	1	1.0	146
	chrI	20902	1	0.5	151
	chrI	20908	1	0.5	151
	chrI	20908	1	0.5	50
	chrI	20908	1	0.5	60
	chrI	20908	1	0.5	80
	chrI	20934	0	0.5	124
	chrI	20934	1	0.5	141
	chrI	20934	1	0.5	63
	chrI	20935	1	0.5	151
	chrI	20936	0	1.0	80
	chrI	20943	0	0.5	151
	chrI	20947	0	0.5	113
	chrI	20969	0	0.5	86
	chrI	20973	0	2.0	78
	chrI	20973	1	0.5	103
	chrI	20973	1	0.5	106
	chrI	20984	0	0.5	70
	chrI	21005	0	0.5	53
	chrI	21017	1	1.0	80
	chrI	21021	1	0.5	151
	chrI	21025	0	0.5	120
	chrI	21026	0	0.5	141
	chrI	21026	0	0.5	112
	chrI	21031	0	0.5	68
	chrI	21045	0	1.0	151
	chrI	21052	1	2.0	78
	chrI	21053	0	1.0	81
	chrI	21054	0	0.5	151
	chrI	21056	1	0.5	70
	chrI	21057	1	0.5	86
	chrI	21059	0	0.5	116
	chrI	21060	1	0.5	113
	chrI	21060	1	0.5	124
	chrI	21061	1	0.5	53
	chrI	21062	0	0.5	72
	chrI	21062	0	1.0	88
	chrI	21066	0	0.5	78
	chrI	21066	0	0.5	113
	chrI	21072	0	0.5	61
	chrI	21100	1	0.5	68
	chrI	21106	0	1.0	60
	chrI	21111	0	1.0	100
	chrI	21111	1	0.5	151
	chrI	21113	0	0.5	141
	chrI	21136	1	0.5	61
	chrI	21136	1	0.5	72
	chrI	21136	1	1.0	81
	chrI	21138	1	0.5	112
	chrI	21140	0	0.5	38
	chrI	21146	1	0.5	78
	chrI	21146	1	0.5	120
	chrI	21151	0	1.0	128
	chrI	21151	0	0.5	151
	chrI	21151	0	0.5	56
	chrI	21151	1	1.0	88
	chrI	21161	0	0.5	96
	chrI	21166	1	0.5	141
	chrI	21167	0	1.0	68
	chrI	21168	1	1.0	60
	chrI	21176	1	0.5	116
	chrI	21179	1	0.5	38
	chrI	21179	1	0.5	113
	chrI	21181	0	0.5	58
	chrI	21196	0	0.5	57
	chrI	21196	1	1.0	151
	chrI	21200	0	0.5	65
	chrI	21201	0	0.5	80
	chrI	21209	1	0.5	56
	chrI	21212	0	0.5	99
	chrI	21212	1	1.0	100
	chrI	21230	1	0.5	151
	chrI	21233	0	0.5	67
	chrI	21237	1	1.0	68
	chrI	21241	1	0.5	58
	chrI	21253	1	0.5	141
	chrI	21254	0	0.5	126
	chrI	21254	1	0.5	57
	chrI	21257	1	0.5	96
	chrI	21261	0	0.5	112
	chrI	21268	1	0.5	65
	chrI	21280	1	1.0	128
	chrI	21281	1	0.5	80
	chrI	21284	0	0.5	90
	chrI	21301	1	0.5	67
	chrI	21302	0	0.5	151
	chrI	21303	0	0.5	133
	chrI	21312	0	0.5	97
	chrI	21313	0	0.5	146
	chrI	21313	0	1.0	151
	chrI	21313	1	0.5	99
	chrI	21315	1	0.5	151
	chrI	21316	0	0.5	138
	chrI	21316	0	0.5	58
	chrI	21317	0	0.5	151
	chrI	21320	0	1.0	151
	chrI	21323	0	1.0	135
	chrI	21324	0	0.5	133
	chrI	21324	0	1.5	109
	chrI	21331	0	0.5	148
	chrI	21360	0	0.5	48
	chrI	21373	1	0.5	112
	chrI	21374	1	0.5	58
	chrI	21374	1	0.5	90
	chrI	21379	0	0.5	74
	chrI	21382	1	0.5	126
	chrI	21408	1	0.5	48
	chrI	21409	1	0.5	97
	chrI	21412	0	0.5	151
	chrI	21425	0	0.5	107
	chrI	21435	1	0.5	133
	chrI	21437	0	0.5	59
	chrI	21437	1	1.5	109
	chrI	21453	1	0.5	138
	chrI	21454	1	0.5	74
	chrI	21456	1	0.5	133
	chrI	21457	1	1.0	135
	chrI	21458	1	0.5	146
	chrI	21464	0	0.5	149
	chrI	21464	0	1.5	151
	chrI	21478	1	0.5	148
	chrI	21478	1	1.0	151
	chrI	21479	1	1.0	151
	chrI	21481	0	0.5	150
	chrI	21481	0	1.0	151
	chrI	21485	1	1.0	151
	chrI	21489	0	0.5	136
	chrI	21489	0	0.5	137
	chrI	21489	0	1.0	151
	chrI	21491	0	1.0	134
	chrI	21494	0	0.5	140
	chrI	21494	0	0.5	78
	chrI	21498	1	0.5	59
	chrI	21500	0	0.5	151
	chrI	21501	0	0.5	151
	chrI	21507	0	0.5	86
	chrI	21511	0	0.5	151
	chrI	21533	0	0.5	116
	chrI	21533	1	0.5	107
	chrI	21552	0	1.0	151
	chrI	21573	0	0.5	116
	chrI	21575	1	0.5	80
	chrI	21594	1	0.5	86
	chrI	21597	1	0.5	151
	chrI	21605	0	1.0	151
	chrI	21612	1	0.5	149
	chrI	21624	1	1.0	134
	chrI	21624	1	0.5	136
	chrI	21624	1	0.5	151
	chrI	21625	1	0.5	137
	chrI	21625	1	1.0	151
	chrI	21627	0	0.5	45
	chrI	21633	1	0.5	140
	chrI	21639	0	0.5	151
	chrI	21650	1	0.5	151
	chrI	21650	1	0.5	116
	chrI	21652	0	1.0	151
	chrI	21656	1	0.5	151
	chrI	21666	0	0.5	138
	chrI	21671	1	2.0	151
	chrI	21671	1	0.5	45
	chrI	21672	1	1.0	151
	chrI	21675	0	1.0	151
	chrI	21676	0	0.5	93
	chrI	21677	0	0.5	151
	chrI	21681	0	1.0	148
	chrI	21681	0	0.5	149
	chrI	21681	0	1.0	151
	chrI	21689	1	0.5	116
	chrI	21713	1	1.0	151
	chrI	21728	0	0.5	151
	chrI	21734	0	0.5	151
	chrI	21761	0	0.5	151
	chrI	21769	0	1.0	61
	chrI	21771	1	0.5	93
	chrI	21785	0	0.5	144
	chrI	21803	1	0.5	138
	chrI	21804	1	1.0	151
	chrI	21814	1	0.5	151
	chrI	21815	1	0.5	151
	chrI	21828	1	1.0	148
	chrI	21828	1	0.5	151
	chrI	21829	1	0.5	149
	chrI	21831	1	1.0	61
	chrI	21832	0	0.5	38
	chrI	21833	1	1.0	151
	chrI	21834	0	0.5	151
	chrI	21834	0	0.5	93
	chrI	21839	0	2.5	151
	chrI	21839	0	0.5	120
	chrI	21848	0	1.0	109
	chrI	21848	1	1.5	151
	chrI	21849	0	0.5	151
	chrI	21849	0	0.5	108
	chrI	21849	0	0.5	124
	chrI	21858	0	0.5	67
	chrI	21871	1	0.5	38
	chrI	21872	0	0.5	84
	chrI	21895	1	0.5	151
	chrI	21896	0	1.0	137
	chrI	21906	0	0.5	125
	chrI	21906	0	0.5	126
	chrI	21918	0	0.5	151
	chrI	21926	1	0.5	151
	chrI	21926	1	0.5	67
	chrI	21926	1	0.5	93
	chrI	21928	1	0.5	144
	chrI	21929	0	0.5	71
	chrI	21929	0	0.5	72
	chrI	21947	0	0.5	151
	chrI	21958	0	0.5	151
	chrI	21960	1	0.5	151
	chrI	21960	1	0.5	84
	chrI	21960	1	0.5	108
	chrI	21960	1	1.0	109
	chrI	21961	0	1.5	151
	chrI	21961	1	0.5	120
	chrI	21962	0	0.5	151
	chrI	21963	0	0.5	151
	chrI	21966	0	0.5	151
	chrI	21967	0	0.5	151
	chrI	21972	0	0.5	151
	chrI	21976	0	0.5	64
	chrI	21978	1	0.5	124
	chrI	21982	0	1.5	151
	chrI	21990	0	0.5	151
	chrI	21996	1	0.5	151
	chrI	22001	1	0.5	71
	chrI	22001	1	0.5	72
	chrI	22004	1	0.5	151
	chrI	22005	0	0.5	151
	chrI	22005	1	2.5	151
	chrI	22006	0	0.5	128
	chrI	22006	0	0.5	151
	chrI	22015	0	1.0	151
	chrI	22030	0	0.5	103
	chrI	22032	1	1.0	137
	chrI	22032	1	0.5	125
	chrI	22032	1	0.5	126
	chrI	22040	0	0.5	99
	chrI	22040	1	0.5	64
	chrI	22041	0	1.5	93
	chrI	22060	0	0.5	151
	chrI	22074	1	0.5	151
	chrI	22076	0	0.5	149
	chrI	22114	1	0.5	151
	chrI	22121	0	0.5	151
	chrI	22133	1	1.5	151
	chrI	22133	1	0.5	103
	chrI	22135	1	0.5	151
	chrI	22135	1	1.5	93
	chrI	22136	1	0.5	128
	chrI	22136	1	2.0	151
	chrI	22138	1	0.5	151
	chrI	22140	0	0.5	151
	chrI	22142	1	0.5	99
	chrI	22148	0	0.5	136
	chrI	22158	1	0.5	151
	chrI	22162	1	1.0	151
	chrI	22165	1	0.5	151
	chrI	22167	1	1.5	151
	chrI	22168	0	0.5	151
	chrI	22174	0	0.5	151
	chrI	22174	0	0.5	102
	chrI	22175	0	0.5	132
	chrI	22182	0	0.5	151
	chrI	22189	0	0.5	151
	chrI	22191	0	0.5	151
	chrI	22195	0	1.0	59
	chrI	22199	1	0.5	151
	chrI	22212	0	0.5	151
	chrI	22214	1	0.5	151
	chrI	22224	1	0.5	149
	chrI	22254	1	1.0	59
	chrI	22267	0	0.5	83
	chrI	22281	1	0.5	102
	chrI	22283	1	0.5	136
	chrI	22284	1	0.5	151
	chrI	22285	0	0.5	78
	chrI	22289	0	0.5	151
	chrI	22302	0	0.5	151
	chrI	22306	1	0.5	132
	chrI	22309	0	0.5	151
	chrI	22312	0	0.5	81
	chrI	22312	0	0.5	83
	chrI	22313	0	0.5	151
	chrI	22315	0	0.5	76
	chrI	22316	0	0.5	151
	chrI	22322	1	0.5	151
	chrI	22324	0	1.0	151
	chrI	22333	0	0.5	151
	chrI	22338	0	0.5	151
	chrI	22339	0	0.5	151
	chrI	22341	0	0.5	151
	chrI	22341	0	0.5	119
	chrI	22348	1	0.5	151
	chrI	22351	1	0.5	83
	chrI	22363	1	0.5	151
	chrI	22363	1	0.5	78
	chrI	22375	0	0.5	122
	chrI	22392	1	0.5	76
	chrI	22393	1	0.5	151
	chrI	22394	1	0.5	81
	chrI	22394	1	0.5	83
	chrI	22395	0	0.5	142
	chrI	22402	0	0.5	101
	chrI	22404	0	0.5	67
	chrI	22421	0	0.5	111
	chrI	22452	1	0.5	151
	chrI	22457	0	0.5	151
	chrI	22461	0	0.5	151
	chrI	22462	0	0.5	151
	chrI	22462	1	0.5	151
	chrI	22462	1	0.5	119
	chrI	22464	0	0.5	151
	chrI	22468	0	1.0	151
	chrI	22472	1	0.5	67
	chrI	22475	0	0.5	151
	chrI	22479	1	0.5	151
	chrI	22480	1	0.5	151
	chrI	22485	0	1.0	151
	chrI	22486	1	1.0	151
	chrI	22490	1	0.5	151
	chrI	22491	0	0.5	151
	chrI	22492	0	0.5	150
	chrI	22494	1	0.5	151
	chrI	22499	1	1.0	151
	chrI	22499	1	0.5	122
	chrI	22500	1	0.5	151
	chrI	22501	1	0.5	151
	chrI	22506	1	0.5	101
	chrI	22507	0	1.0	136
	chrI	22507	0	0.5	151
	chrI	22521	0	0.5	151
	chrI	22521	0	0.5	52
	chrI	22522	1	0.5	151
	chrI	22528	0	0.5	151
	chrI	22533	1	0.5	111
	chrI	22536	1	0.5	142
	chrI	22574	0	0.5	92
	chrI	22574	1	0.5	52
	chrI	22575	0	0.5	62
	chrI	22578	0	0.5	151
	chrI	22586	0	0.5	43
	chrI	22586	0	0.5	45
	chrI	22598	0	0.5	151
	chrI	22607	1	0.5	151
	chrI	22614	1	0.5	151
	chrI	22625	1	0.5	151
	chrI	22626	1	0.5	151
	chrI	22631	0	1.0	117
	chrI	22632	1	0.5	43
	chrI	22632	1	0.5	45
	chrI	22634	0	1.0	98
	chrI	22635	1	0.5	151
	chrI	22637	1	0.5	62
	chrI	22638	0	0.5	151
	chrI	22642	1	1.0	136
	chrI	22643	1	0.5	151
	chrI	22649	1	0.5	151
	chrI	22650	1	1.5	151
	chrI	22656	0	1.0	151
	chrI	22657	0	1.0	151
	chrI	22658	0	0.5	43
	chrI	22658	0	0.5	114
	chrI	22661	0	0.5	149
	chrI	22666	0	0.5	151
	chrI	22667	1	0.5	92
	chrI	22676	0	0.5	132
	chrI	22677	1	0.5	151
	chrI	22686	0	0.5	151
	chrI	22688	1	0.5	151
	chrI	22692	0	0.5	151
	chrI	22695	0	1.0	149
	chrI	22703	1	0.5	43
	chrI	22712	0	0.5	143
	chrI	22712	0	0.5	68
	chrI	22723	1	0.5	151
	chrI	22730	0	1.0	151
	chrI	22734	1	1.0	98
	chrI	22737	0	1.0	151
	chrI	22749	1	0.5	117
	chrI	22752	1	0.5	117
	chrI	22753	0	0.5	151
	chrI	22754	1	0.5	151
	chrI	22757	0	0.5	151
	chrI	22758	1	0.5	151
	chrI	22763	0	0.5	151
	chrI	22765	0	0.5	151
	chrI	22773	1	0.5	114
	chrI	22782	1	0.5	68
	chrI	22796	0	0.5	80
	chrI	22807	1	0.5	132
	chrI	22807	1	1.0	151
	chrI	22814	1	1.5	151
	chrI	22821	1	1.0	151
	chrI	22822	1	0.5	151
	chrI	22823	0	0.5	151
	chrI	22833	0	0.5	151
	chrI	22835	1	0.5	151
	chrI	22842	0	1.0	148
	chrI	22843	1	1.0	149
	chrI	22854	1	0.5	143
	chrI	22859	0	1.0	151
	chrI	22863	0	0.5	151
	chrI	22866	1	1.0	151
	chrI	22871	0	0.5	128
	chrI	22877	1	0.5	80
	chrI	22890	1	1.0	151
	chrI	22907	1	0.5	151
	chrI	22922	0	1.0	141
	chrI	22924	1	0.5	151
	chrI	22936	1	0.5	151
	chrI	22947	0	0.5	96
	chrI	22948	0	1.0	151
	chrI	22953	0	0.5	66
	chrI	22956	0	0.5	151
	chrI	22962	0	0.5	63
	chrI	22967	0	0.5	116
	chrI	22976	0	0.5	151
	chrI	22977	0	0.5	151
	chrI	22986	1	0.5	151
	chrI	22989	1	1.0	148
	chrI	22990	0	0.5	151
	chrI	22992	0	1.5	151
	chrI	22992	1	0.5	151
	chrI	22999	1	0.5	128
	chrI	23021	1	0.5	66
	chrI	23022	1	0.5	151
	chrI	23025	1	0.5	151
	chrI	23028	1	0.5	63
	chrI	23029	1	1.0	151
	chrI	23032	0	0.5	123
	chrI	23033	1	1.0	151
	chrI	23044	0	0.5	109
	chrI	23045	1	0.5	96
	chrI	23062	1	1.0	141
	chrI	23069	0	0.5	82
	chrI	23082	1	0.5	116
	chrI	23084	0	0.5	76
	chrI	23096	0	0.5	132
	chrI	23125	0	0.5	105
	chrI	23127	1	0.5	151
	chrI	23145	1	0.5	151
	chrI	23148	0	1.5	151
	chrI	23152	1	0.5	82
	chrI	23154	1	0.5	109
	chrI	23155	1	0.5	123
	chrI	23156	1	0.5	151
	chrI	23159	0	0.5	151
	chrI	23161	1	0.5	76
	chrI	23167	1	1.0	151
	chrI	23169	1	1.5	151
	chrI	23179	0	0.5	145
	chrI	23180	0	1.0	144
	chrI	23181	0	0.5	131
	chrI	23190	0	0.5	118
	chrI	23190	0	0.5	121
	chrI	23192	0	1.0	151
	chrI	23202	1	0.5	151
	chrI	23227	1	0.5	132
	chrI	23232	0	0.5	151
	chrI	23232	1	0.5	105
	chrI	23273	0	0.5	76
	chrI	23283	0	0.5	131
	chrI	23301	1	1.5	151
	chrI	23306	0	0.5	136
	chrI	23306	0	0.5	57
	chrI	23310	1	0.5	118
	chrI	23310	1	0.5	121
	chrI	23311	1	0.5	131
	chrI	23316	0	0.5	70
	chrI	23323	1	1.0	144
	chrI	23323	1	0.5	145
	chrI	23330	0	0.5	124
	chrI	23331	0	0.5	151
	chrI	23348	0	0.5	151
	chrI	23351	1	0.5	76
	chrI	23359	0	1.0	151
	chrI	23363	0	0.5	141
	chrI	23363	1	0.5	151
	chrI	23365	1	0.5	57
	chrI	23366	0	0.5	139
	chrI	23366	0	0.5	151
	chrI	23386	1	0.5	70
	chrI	23389	0	1.0	109
	chrI	23410	1	0.5	149
	chrI	23412	1	0.5	151
	chrI	23413	1	0.5	131
	chrI	23436	0	0.5	65
	chrI	23441	0	0.5	151
	chrI	23441	0	0.5	111
	chrI	23441	1	0.5	136
	chrI	23446	0	0.5	69
	chrI	23454	1	0.5	124
	chrI	23456	0	1.0	151
	chrI	23467	0	1.0	151
	chrI	23467	0	0.5	105
	chrI	23481	0	0.5	151
	chrI	23488	0	1.5	151
	chrI	23488	1	0.5	151
	chrI	23492	0	0.5	68
	chrI	23494	0	1.0	151
	chrI	23498	1	1.0	109
	chrI	23503	1	0.5	141
	chrI	23503	1	0.5	151
	chrI	23503	1	0.5	65
	chrI	23504	1	0.5	139
	chrI	23505	0	0.5	150
	chrI	23505	0	2.0	151
	chrI	23517	0	0.5	151
	chrI	23517	1	1.0	151
	chrI	23517	1	0.5	69
	chrI	23518	0	1.0	141
	chrI	23530	0	1.0	151
	chrI	23533	0	0.5	119
	chrI	23533	0	0.5	121
	chrI	23533	0	0.5	127
	chrI	23548	1	0.5	151
	chrI	23554	0	0.5	69
	chrI	23555	1	0.5	111
	chrI	23560	1	0.5	68
	chrI	23562	0	0.5	151
	chrI	23569	0	0.5	137
	chrI	23569	0	0.5	88
	chrI	23573	1	0.5	105
	chrI	23600	0	0.5	68
	chrI	23624	1	1.0	151
	chrI	23624	1	0.5	69
	chrI	23641	1	0.5	151
	chrI	23642	1	1.0	151
	chrI	23645	0	0.5	98
	chrI	23648	1	0.5	151
	chrI	23649	0	0.5	52
	chrI	23653	1	0.5	119
	chrI	23654	1	0.5	150
	chrI	23655	1	1.5	151
	chrI	23655	1	0.5	121
	chrI	23658	1	1.0	141
	chrI	23658	1	0.5	88
	chrI	23661	1	1.0	151
	chrI	23661	1	0.5	127
	chrI	23666	1	1.0	151
	chrI	23667	0	0.5	38
	chrI	23669	1	0.5	151
	chrI	23670	1	0.5	68
	chrI	23685	1	1.0	151
	chrI	23703	1	0.5	52
	chrI	23705	1	0.5	137
	chrI	23707	1	0.5	38
	chrI	23733	0	0.5	112
	chrI	23735	1	0.5	105
	chrI	23736	1	0.5	145
	chrI	23737	0	0.5	94
	chrI	23740	0	0.5	103
	chrI	23742	0	0.5	141
	chrI	23742	1	0.5	98
	chrI	23743	0	1.0	69
	chrI	23760	0	0.5	151
	chrI	23762	0	0.5	60
	chrI	23763	0	0.5	111
	chrI	23768	1	0.5	148
	chrI	23774	0	0.5	122
	chrI	23802	0	0.5	151
	chrI	23802	0	0.5	88
	chrI	23812	1	1.0	69
	chrI	23819	1	0.5	149
	chrI	23823	1	0.5	60
	chrI	23834	1	0.5	94
	chrI	23843	1	0.5	103
	chrI	23844	0	0.5	101
	chrI	23845	0	0.5	112
	chrI	23846	1	0.5	112
	chrI	23847	0	0.5	111
	chrI	23875	1	0.5	111
	chrI	23880	0	0.5	140
	chrI	23882	1	0.5	141
	chrI	23886	0	0.5	151
	chrI	23889	0	0.5	68
	chrI	23890	1	0.5	88
	chrI	23894	0	0.5	73
	chrI	23897	1	0.5	122
	chrI	23902	0	1.5	151
	chrI	23906	0	0.5	151
	chrI	23907	0	0.5	91
	chrI	23913	1	0.5	151
	chrI	23920	0	0.5	151
	chrI	23935	0	0.5	104
	chrI	23949	1	0.5	101
	chrI	23950	0	0.5	151
	chrI	23954	0	0.5	141
	chrI	23958	1	0.5	68
	chrI	23958	1	0.5	111
	chrI	23958	1	0.5	112
	chrI	23964	0	0.5	144
	chrI	23967	1	0.5	73
	chrI	23969	0	0.5	151
	chrI	23969	0	0.5	69
	chrI	23985	0	0.5	151
	chrI	23991	0	0.5	97
	chrI	23998	0	0.5	95
	chrI	24001	1	0.5	91
	chrI	24007	0	0.5	75
	chrI	24018	1	0.5	151
	chrI	24019	1	0.5	140
	chrI	24039	1	0.5	104
	chrI	24040	1	0.5	69
	chrI	24057	1	0.5	151
	chrI	24058	1	0.5	151
	chrI	24063	0	0.5	110
	chrI	24080	0	0.5	151
	chrI	24083	1	0.5	75
	chrI	24090	1	0.5	97
	chrI	24092	0	0.5	55
	chrI	24094	0	1.0	151
	chrI	24094	1	0.5	141
	chrI	24094	1	1.5	151
	chrI	24094	1	0.5	95
	chrI	24107	1	0.5	144
	chrI	24107	1	1.0	151
	chrI	24132	0	0.5	47
	chrI	24137	0	0.5	73
	chrI	24137	1	0.5	151
	chrI	24148	1	0.5	55
	chrI	24154	1	0.5	151
	chrI	24174	1	0.5	110
	chrI	24178	0	0.5	80
	chrI	24178	0	0.5	81
	chrI	24180	1	0.5	47
	chrI	24210	1	0.5	73
	chrI	24213	0	0.5	89
	chrI	24215	0	0.5	151
	chrI	24216	0	0.5	111
	chrI	24219	0	0.5	55
	chrI	24231	1	0.5	151
	chrI	24253	1	1.0	151
	chrI	24261	1	0.5	80
	chrI	24261	1	0.5	81
	chrI	24278	1	0.5	55
	chrI	24288	0	0.5	135
	chrI	24303	1	0.5	89
	chrI	24304	0	0.5	99
	chrI	24328	1	0.5	111
	chrI	24348	0	1.5	125
	chrI	24351	0	0.5	151
	chrI	24351	0	0.5	110
	chrI	24378	1	0.5	151
	chrI	24384	0	0.5	92
	chrI	24405	1	0.5	99
	chrI	24410	0	0.5	151
	chrI	24422	1	0.5	135
	chrI	24423	0	0.5	151
	chrI	24426	0	0.5	151
	chrI	24431	0	0.5	139
	chrI	24433	0	0.5	151
	chrI	24434	0	1.5	151
	chrI	24462	1	0.5	110
	chrI	24473	1	1.5	125
	chrI	24477	1	0.5	92
	chrI	24479	0	0.5	151
	chrI	24534	1	0.5	151
	chrI	24542	0	0.5	65
	chrI	24563	0	1.0	151
	chrI	24569	1	0.5	139
	chrI	24569	1	0.5	151
	chrI	24572	0	1.0	144
	chrI	24582	0	0.5	151
	chrI	24586	1	1.0	151
	chrI	24587	1	0.5	151
	chrI	24588	0	1.0	151
	chrI	24589	0	0.5	145
	chrI	24591	0	1.0	151
	chrI	24597	0	2.5	151
	chrI	24604	1	0.5	151
	chrI	24605	1	1.0	151
	chrI	24607	1	0.5	65
	chrI	24609	0	0.5	151
	chrI	24610	0	0.5	62
	chrI	24612	0	0.5	151
	chrI	24627	0	0.5	151
	chrI	24628	0	1.5	136
	chrI	24628	0	0.5	151
	chrI	24632	0	1.0	133
	chrI	24632	0	0.5	151
	chrI	24635	0	0.5	62
	chrI	24641	0	1.0	117
	chrI	24649	1	0.5	151
	chrI	24650	0	1.0	151
	chrI	24651	0	0.5	151
	chrI	24672	1	0.5	62
	chrI	24677	0	0.5	66
	chrI	24690	0	0.5	132
	chrI	24698	1	0.5	62
	chrI	24715	1	1.0	144
	chrI	24726	0	0.5	83
	chrI	24733	1	0.5	145
	chrI	24733	1	1.0	151
	chrI	24734	1	0.5	151
	chrI	24743	0	0.5	68
	chrI	24744	0	0.5	53
	chrI	24746	1	0.5	66
	chrI	24759	1	1.0	117
	chrI	24763	1	1.5	136
	chrI	24763	1	1.5	151
	chrI	24764	1	1.0	133
	chrI	24765	0	0.5	135
	chrI	24768	1	0.5	151
	chrI	24769	1	0.5	151
	chrI	24774	0	0.5	120
	chrI	24774	1	0.5	151
	chrI	24776	1	0.5	151
	chrI	24782	1	1.5	151
	chrI	24783	1	1.0	151
	chrI	24785	0	0.5	151
	chrI	24786	0	0.5	151
	chrI	24799	1	0.5	53
	chrI	24800	0	1.0	86
	chrI	24800	1	0.5	151
	chrI	24801	0	0.5	151
	chrI	24806	0	0.5	150
	chrI	24806	0	1.0	151
	chrI	24807	0	0.5	151
	chrI	24810	0	0.5	151
	chrI	24810	1	0.5	83
	chrI	24811	1	0.5	68
	chrI	24821	1	0.5	132
	chrI	24821	1	2.0	151
	chrI	24826	0	0.5	121
	chrI	24829	0	0.5	151
	chrI	24860	0	0.5	80
	chrI	24861	0	0.5	151
	chrI	24887	1	1.0	86
	chrI	24895	1	0.5	120
	chrI	24899	1	0.5	135
	chrI	24926	0	0.5	67
	chrI	24941	1	0.5	80
	chrI	24945	1	1.0	151
	chrI	24949	1	0.5	121
	chrI	24970	0	1.0	151
	chrI	24980	1	0.5	151
	chrI	24981	0	0.5	151
	chrI	24983	0	1.0	151
	chrI	24983	1	0.5	151
	chrI	24985	0	0.5	151
	chrI	24993	1	1.5	151
	chrI	24994	0	0.5	150
	chrI	24994	0	1.0	151
	chrI	24994	1	0.5	67
	chrI	24998	1	0.5	151
	chrI	25010	0	0.5	151
	chrI	25011	0	0.5	136
	chrI	25013	1	0.5	151
	chrI	25014	0	0.5	151
	chrI	25031	1	0.5	151
	chrI	25038	0	0.5	100
	chrI	25099	0	0.5	151
	chrI	25126	0	0.5	151
	chrI	25127	0	0.5	151
	chrI	25132	1	0.5	151
	chrI	25135	0	0.5	151
	chrI	25137	1	2.0	151
	chrI	25141	1	0.5	100
	chrI	25143	1	0.5	150
	chrI	25145	0	1.0	151
	chrI	25145	1	1.0	151
	chrI	25146	0	1.0	151
	chrI	25146	1	0.5	136
	chrI	25146	1	0.5	151
	chrI	25149	0	1.0	151
	chrI	25158	0	0.5	54
	chrI	25164	0	0.5	147
	chrI	25164	1	0.5	151
	chrI	25167	0	0.5	151
	chrI	25167	0	0.5	126
	chrI	25171	0	0.5	94
	chrI	25179	0	0.5	135
	chrI	25189	1	0.5	151
	chrI	25212	1	0.5	54
	chrI	25228	0	1.0	105
	chrI	25238	0	0.5	59
	chrI	25267	1	0.5	94
	chrI	25279	0	1.5	151
	chrI	25292	1	0.5	151
	chrI	25295	0	0.5	84
	chrI	25296	1	1.0	151
	chrI	25296	1	0.5	126
	chrI	25299	1	0.5	59
	chrI	25307	0	0.5	151
	chrI	25310	1	0.5	147
	chrI	25310	1	2.0	151
	chrI	25313	1	0.5	135
	chrI	25315	1	1.0	151
	chrI	25332	0	0.5	150
	chrI	25332	1	0.5	151
	chrI	25336	1	1.0	105
	chrI	25360	0	0.5	49
	chrI	25362	0	0.5	108
	chrI	25381	1	0.5	84
	chrI	25411	1	0.5	49
	chrI	25420	0	0.5	30
	chrI	25451	1	0.5	30
	chrI	25470	1	0.5	108
	chrI	25472	0	0.5	38
	chrI	25475	1	0.5	151
	chrI	25481	1	0.5	150
	chrI	25512	1	0.5	38
	chrI	25519	1	0.5	151
	chrI	25520	0	0.5	151
	chrI	25616	1	1.5	151
	chrI	25648	0	0.5	151
	chrI	25662	0	0.5	54
	chrI	25671	1	0.5	151
	chrI	25682	0	1.0	151
	chrI	25689	0	0.5	120
	chrI	25717	1	0.5	54
	chrI	25720	0	1.0	149
	chrI	25748	0	0.5	151
	chrI	25755	0	0.5	121
	chrI	25773	0	0.5	151
	chrI	25787	0	0.5	151
	chrI	25809	1	0.5	120
	chrI	25811	1	0.5	151
	chrI	25817	0	0.5	151
	chrI	25839	1	1.0	151
	chrI	25857	0	0.5	132
	chrI	25857	0	0.5	151
	chrI	25876	0	0.5	151
	chrI	25877	1	0.5	121
	chrI	25893	0	1.0	151
	chrI	25895	0	0.5	151
	chrI	25896	0	0.5	133
	chrI	25901	0	0.5	89
	chrI	25907	0	0.5	151
	chrI	25914	0	0.5	138
	chrI	25933	0	0.5	122
	chrI	25941	1	0.5	151
	chrI	25952	0	0.5	105
	chrI	25953	1	0.5	151
	chrI	25972	1	0.5	151
	chrI	25975	0	0.5	70
	chrI	25980	1	0.5	151
	chrI	25988	1	0.5	132
	chrI	25991	1	0.5	89
	chrI	25992	0	0.5	151
	chrI	26003	1	1.0	149
	chrI	26028	1	0.5	133
	chrI	26042	1	0.5	151
	chrI	26045	1	0.5	70
	chrI	26047	1	0.5	151
	chrI	26051	1	0.5	138
	chrI	26055	1	0.5	122
	chrI	26057	1	1.0	147
	chrI	26057	1	0.5	149
	chrI	26132	0	0.5	151
	chrI	26151	0	0.5	147
	chrI	26159	0	0.5	151
	chrI	26190	0	1.0	151
	chrI	26193	0	0.5	151
	chrI	26194	0	2.5	151
	chrI	26202	0	0.5	151
	chrI	26209	0	2.0	151
	chrI	26214	0	0.5	151
	chrI	26243	0	0.5	123
	chrI	26253	0	0.5	143
	chrI	26253	0	0.5	151
	chrI	26255	0	0.5	151
	chrI	26258	0	0.5	148
	chrI	26268	0	0.5	125
	chrI	26312	0	0.5	151
	chrI	26312	1	0.5	151
	chrI	26315	1	0.5	151
	chrI	26317	0	0.5	89
	chrI	26319	0	0.5	86
	chrI	26329	1	0.5	105
	chrI	26344	1	0.5	151
	chrI	26356	1	0.5	150
	chrI	26357	1	1.0	151
	chrI	26359	1	0.5	151
	chrI	26364	1	2.0	151
	chrI	26365	1	0.5	151
	chrI	26368	1	0.5	123
	chrI	26374	1	0.5	151
	chrI	26384	1	2.0	151
	chrI	26392	1	1.0	151
	chrI	26395	1	0.5	143
	chrI	26395	1	0.5	125
	chrI	26406	1	0.5	86
	chrI	26415	0	0.5	151
	chrI	26416	0	0.5	151
	chrI	26450	1	0.5	151
	chrI	26480	1	0.5	151
	chrI	26485	0	0.5	65
	chrI	26543	1	0.5	89
	chrI	26552	1	0.5	65
	chrI	26559	1	0.5	149
	chrI	26568	1	0.5	151
	chrI	26700	0	0.5	79
	chrI	26704	0	1.0	151
	chrI	26706	0	0.5	134
	chrI	26721	0	1.0	151
	chrI	26741	0	0.5	126
	chrI	26742	0	0.5	151
	chrI	26779	0	0.5	126
	chrI	26780	1	0.5	79
	chrI	26805	0	0.5	151
	chrI	26805	0	0.5	103
	chrI	26806	0	0.5	69
	chrI	26811	0	0.5	89
	chrI	26821	0	0.5	151
	chrI	26839	1	0.5	134
	chrI	26840	0	0.5	75
	chrI	26859	1	0.5	151
	chrI	26868	1	0.5	151
	chrI	26868	1	0.5	126
	chrI	26869	0	0.5	146
	chrI	26876	1	0.5	69
	chrI	26894	1	0.5	151
	chrI	26901	1	0.5	89
	chrI	26906	1	0.5	126
	chrI	26907	0	0.5	151
	chrI	26909	1	0.5	103
	chrI	26916	1	0.5	75
	chrI	26919	1	1.0	151
	chrI	26930	1	1.0	151
	chrI	26980	0	0.5	151
	chrI	26994	1	0.5	151
	chrI	26997	0	0.5	79
	chrI	26997	0	0.5	116
	chrI	27014	1	0.5	146
	chrI	27021	1	0.5	151
	chrI	27058	0	0.5	145
	chrI	27078	1	0.5	79
	chrI	27114	1	0.5	116
	chrI	27123	0	0.5	144
	chrI	27134	1	0.5	151
	chrI	27138	1	0.5	151
	chrI	27152	0	0.5	111
	chrI	27191	0	0.5	102
	chrI	27191	0	0.5	103
	chrI	27207	0	1.5	151
	chrI	27212	0	0.5	85
	chrI	27217	0	0.5	52
	chrI	27217	0	0.5	97
	chrI	27226	0	0.5	151
	chrI	27233	0	1.0	151
	chrI	27264	1	0.5	111
	chrI	27270	1	0.5	52
	chrI	27271	0	0.5	117
	chrI	27292	1	0.5	102
	chrI	27293	1	0.5	102
	chrI	27297	1	0.5	151
	chrI	27298	1	0.5	85
	chrI	27300	0	1.0	151
	chrI	27315	0	0.5	140
	chrI	27316	1	0.5	97
	chrI	27333	1	0.5	151
	chrI	27355	0	0.5	151
	chrI	27357	1	1.5	151
	chrI	27359	0	1.0	151
	chrI	27366	0	1.5	149
	chrI	27366	0	1.0	151
	chrI	27378	1	0.5	151
	chrI	27382	0	0.5	140
	chrI	27389	1	0.5	117
	chrI	27409	0	0.5	151
	chrI	27411	0	0.5	140
	chrI	27411	0	0.5	145
	chrI	27436	0	0.5	145
	chrI	27454	1	0.5	140
	chrI	27456	0	1.0	133
	chrI	27473	1	1.0	151
	chrI	27500	1	1.0	151
	chrI	27510	0	1.5	147
	chrI	27513	1	0.5	151
	chrI	27514	1	1.5	149
	chrI	27514	1	1.0	151
	chrI	27516	0	0.5	73
	chrI	27521	1	0.5	140
	chrI	27534	0	0.5	151
	chrI	27550	1	0.5	140
	chrI	27555	1	0.5	145
	chrI	27555	1	1.0	151
	chrI	27556	0	0.5	151
	chrI	27575	1	0.5	151
	chrI	27580	1	0.5	145
	chrI	27581	0	2.0	151
	chrI	27588	1	1.0	133
	chrI	27588	1	0.5	73
	chrI	27610	0	0.5	151
	chrI	27618	0	0.5	151
	chrI	27618	0	0.5	95
	chrI	27623	0	0.5	98
	chrI	27626	0	0.5	151
	chrI	27627	0	0.5	151
	chrI	27632	0	0.5	151
	chrI	27642	0	0.5	73
	chrI	27647	0	0.5	151
	chrI	27647	0	0.5	74
	chrI	27656	1	1.5	147
	chrI	27706	0	0.5	151
	chrI	27708	1	0.5	151
	chrI	27714	1	0.5	95
	chrI	27716	1	0.5	73
	chrI	27719	0	1.0	151
	chrI	27722	1	0.5	151
	chrI	27722	1	0.5	74
	chrI	27722	1	0.5	98
	chrI	27727	0	1.0	151
	chrI	27762	1	1.0	151
	chrI	27763	0	0.5	151
	chrI	27763	1	0.5	151
	chrI	27777	0	0.5	80
	chrI	27778	1	1.0	151
	chrI	27784	1	0.5	151
	chrI	27785	0	0.5	123
	chrI	27790	1	0.5	151
	chrI	27791	1	0.5	151
	chrI	27793	0	0.5	151
	chrI	27794	0	0.5	150
	chrI	27794	0	0.5	151
	chrI	27806	1	0.5	151
	chrI	27818	1	0.5	151
	chrI	27842	0	1.0	151
	chrI	27855	0	1.5	151
	chrI	27861	1	0.5	80
	chrI	27863	0	1.0	84
	chrI	27864	0	0.5	151
	chrI	27876	0	0.5	151
	chrI	27876	1	1.0	151
	chrI	27880	1	0.5	151
	chrI	27894	1	1.0	151
	chrI	27909	1	0.5	123
	chrI	27911	0	0.5	150
	chrI	27911	0	0.5	151
	chrI	27911	0	1.5	104
	chrI	27912	0	1.5	151
	chrI	27928	0	1.0	151
	chrI	27931	0	0.5	66
	chrI	27947	1	1.0	84
	chrI	27950	0	0.5	109
	chrI	27952	1	1.0	151
	chrI	27953	0	1.0	140
	chrI	27953	1	0.5	151
	chrI	27961	0	0.5	151
	chrI	27998	1	0.5	66
	chrI	28000	0	0.5	89
	chrI	28003	0	0.5	44
	chrI	28005	1	1.0	151
	chrI	28015	0	0.5	92
	chrI	28015	1	1.5	104
	chrI	28029	1	1.5	151
	chrI	28030	1	0.5	151
	chrI	28033	0	0.5	151
	chrI	28033	1	0.5	151
	chrI	28034	0	0.5	151
	chrI	28048	1	0.5	44
	chrI	28049	0	0.5	151
	chrI	28058	0	0.5	151
	chrI	28059	0	0.5	87
	chrI	28061	1	0.5	109
	chrI	28068	0	0.5	151
	chrI	28071	0	0.5	102
	chrI	28074	0	0.5	113
	chrI	28083	1	1.0	151
	chrI	28087	1	2.0	151
	chrI	28090	1	0.5	89
	chrI	28092	1	1.0	140
	chrI	28094	0	0.5	127
	chrI	28095	0	0.5	151
	chrI	28096	0	0.5	50
	chrI	28108	1	0.5	92
	chrI	28123	1	1.0	151
	chrI	28132	0	0.5	133
	chrI	28136	0	0.5	84
	chrI	28145	0	0.5	134
	chrI	28146	1	0.5	50
	chrI	28146	1	0.5	87
	chrI	28148	0	0.5	76
	chrI	28157	0	0.5	103
	chrI	28165	0	0.5	124
	chrI	28168	0	1.0	131
	chrI	28175	1	0.5	102
	chrI	28177	0	0.5	151
	chrI	28180	0	0.5	63
	chrI	28186	0	1.0	151
	chrI	28189	1	0.5	113
	chrI	28194	0	0.5	58
	chrI	28195	0	0.5	143
	chrI	28195	0	0.5	151
	chrI	28197	0	0.5	57
	chrI	28198	0	0.5	82
	chrI	28199	0	0.5	118
	chrI	28202	0	0.5	151
	chrI	28203	0	0.5	104
	chrI	28203	0	1.0	109
	chrI	28216	1	0.5	151
	chrI	28218	0	1.0	138
	chrI	28218	0	1.0	34
	chrI	28219	1	0.5	151
	chrI	28224	1	0.5	127
	chrI	28225	0	0.5	151
	chrI	28225	0	0.5	83
	chrI	28225	1	0.5	76
	chrI	28225	1	0.5	84
	chrI	28227	1	0.5	151
	chrI	28228	0	0.5	151
	chrI	28231	0	1.5	148
	chrI	28231	0	2.5	151
	chrI	28231	0	0.5	45
	chrI	28236	1	0.5	151
	chrI	28243	1	0.5	63
	chrI	28253	1	0.5	58
	chrI	28254	1	0.5	151
	chrI	28255	1	1.0	34
	chrI	28255	1	0.5	57
	chrI	28256	0	0.5	151
	chrI	28261	1	0.5	104
	chrI	28264	1	0.5	133
	chrI	28266	0	1.0	150
	chrI	28266	1	0.5	151
	chrI	28278	1	0.5	134
	chrI	28279	0	1.0	151
	chrI	28280	1	0.5	45
	chrI	28280	1	0.5	82
	chrI	28287	0	0.5	97
	chrI	28291	0	0.5	114
	chrI	28292	1	0.5	124
	chrI	28298	1	1.0	131
	chrI	28307	0	0.5	151
	chrI	28308	1	0.5	104
	chrI	28309	1	0.5	83
	chrI	28310	0	0.5	151
	chrI	28315	1	1.0	109
	chrI	28319	1	0.5	118
	chrI	28330	0	0.5	102
	chrI	28335	0	0.5	115
	chrI	28337	1	0.5	143
	chrI	28342	1	0.5	151
	chrI	28347	0	0.5	49
	chrI	28355	1	1.0	138
	chrI	28363	1	0.5	151
	chrI	28378	1	1.5	148
	chrI	28378	1	1.5	151
	chrI	28379	0	0.5	151
	chrI	28379	1	0.5	151
	chrI	28381	0	0.5	132
	chrI	28385	1	0.5	151
	chrI	28386	1	0.5	97
	chrI	28388	0	0.5	68
	chrI	28398	0	0.5	114
	chrI	28398	1	0.5	151
	chrI	28398	1	0.5	49
	chrI	28402	1	0.5	151
	chrI	28405	0	0.5	151
	chrI	28407	1	0.5	114
	chrI	28409	0	0.5	151
	chrI	28413	0	0.5	104
	chrI	28413	0	0.5	107
	chrI	28415	0	0.5	145
	chrI	28415	1	1.0	150
	chrI	28415	1	0.5	151
	chrI	28417	0	0.5	143
	chrI	28422	1	1.5	151
	chrI	28423	0	0.5	151
	chrI	28432	0	1.5	151
	chrI	28432	1	0.5	101
	chrI	28446	0	0.5	147
	chrI	28450	1	0.5	151
	chrI	28451	1	0.5	115
	chrI	28452	0	0.5	141
	chrI	28458	0	0.5	151
	chrI	28459	1	0.5	68
	chrI	28460	0	1.0	141
	chrI	28460	0	0.5	83
	chrI	28480	1	1.0	151
	chrI	28484	0	1.5	151
	chrI	28505	0	0.5	58
	chrI	28505	0	0.5	62
	chrI	28511	1	0.5	114
	chrI	28512	1	0.5	132
	chrI	28512	1	0.5	151
	chrI	28513	0	0.5	77
	chrI	28513	0	1.0	85
	chrI	28516	1	0.5	151
	chrI	28519	1	0.5	104
	chrI	28519	1	0.5	107
	chrI	28537	0	0.5	88
	chrI	28539	0	0.5	77
	chrI	28545	1	0.5	83
	chrI	28547	0	0.5	82
	chrI	28548	1	0.5	150
	chrI	28555	0	0.5	116
	chrI	28559	1	0.5	143
	chrI	28559	1	0.5	145
	chrI	28564	1	0.5	151
	chrI	28565	0	0.5	103
	chrI	28566	1	0.5	58
	chrI	28566	1	0.5	62
	chrI	28571	0	0.5	136
	chrI	28571	0	0.5	95
	chrI	28573	0	0.5	151
	chrI	28592	1	0.5	141
	chrI	28592	1	0.5	147
	chrI	28593	0	1.0	76
	chrI	28593	1	0.5	77
	chrI	28596	0	0.5	141
	chrI	28600	1	1.0	141
	chrI	28600	1	0.5	151
	chrI	28600	1	1.0	85
	chrI	28601	1	1.5	151
	chrI	28603	1	0.5	151
	chrI	28609	0	1.0	108
	chrI	28616	1	0.5	77
	chrI	28626	1	0.5	88
	chrI	28627	0	1.0	117
	chrI	28629	1	0.5	82
	chrI	28635	1	1.5	151
	chrI	28653	0	0.5	92
	chrI	28669	1	0.5	95
	chrI	28670	1	0.5	103
	chrI	28672	1	0.5	116
	chrI	28673	1	1.0	76
	chrI	28674	0	1.5	151
	chrI	28674	1	0.5	151
	chrI	28682	0	0.5	65
	chrI	28706	1	0.5	136
	chrI	28707	0	0.5	39
	chrI	28707	0	0.5	126
	chrI	28713	0	1.0	140
	chrI	28718	1	1.0	108
	chrI	28736	1	0.5	141
	chrI	28739	0	0.5	97
	chrI	28746	0	0.5	109
	chrI	28746	1	0.5	151
	chrI	28747	1	1.0	117
	chrI	28748	1	0.5	92
	chrI	28749	1	0.5	65
	chrI	28750	0	1.0	138
	chrI	28750	1	0.5	39
	chrI	28751	0	0.5	76
	chrI	28754	0	1.0	142
	chrI	28791	0	0.5	143
	chrI	28793	0	0.5	69
	chrI	28813	0	0.5	49
	chrI	28824	0	0.5	151
	chrI	28830	1	0.5	76
	chrI	28836	1	0.5	126
	chrI	28837	1	0.5	97
	chrI	28841	0	0.5	151
	chrI	28841	0	1.0	54
	chrI	28852	1	1.0	140
	chrI	28852	1	1.5	151
	chrI	28855	1	0.5	109
	chrI	28861	0	1.0	150
	chrI	28864	1	0.5	49
	chrI	28864	1	0.5	69
	chrI	28865	0	1.5	151
	chrI	28866	0	0.5	151
	chrI	28871	0	0.5	151
	chrI	28886	0	0.5	151
	chrI	28886	0	0.5	114
	chrI	28887	1	1.0	138
	chrI	28895	1	1.0	142
	chrI	28896	0	1.5	151
	chrI	28896	1	1.0	54
	chrI	28904	0	0.5	121
	chrI	28906	0	0.5	135
	chrI	28924	0	0.5	151
	chrI	28933	1	0.5	143
	chrI	28949	0	0.5	56
	chrI	28962	0	0.5	39
	chrI	28981	1	0.5	151
	chrI	29001	1	0.5	114
	chrI	29002	1	0.5	39
	chrI	29007	1	0.5	56
	chrI	29010	1	1.0	150
	chrI	29013	1	0.5	151
	chrI	29016	1	1.5	151
	chrI	29028	1	0.5	151
	chrI	29028	1	0.5	121
	chrI	29040	1	0.5	135
	chrI	29048	0	0.5	151
	chrI	29057	0	0.5	49
	chrI	29057	1	0.5	151
	chrI	29070	1	0.5	151
	chrI	29076	0	0.5	117
	chrI	29079	1	1.0	151
	chrI	29084	0	1.0	144
	chrI	29084	0	0.5	99
	chrI	29084	0	0.5	100
	chrI	29092	1	0.5	149
	chrI	29094	0	0.5	111
	chrI	29100	1	0.5	151
	chrI	29107	1	0.5	49
	chrI	29108	0	0.5	133
	chrI	29139	0	1.0	138
	chrI	29153	0	0.5	84
	chrI	29184	1	0.5	99
	chrI	29184	1	0.5	100
	chrI	29195	1	0.5	117
	chrI	29198	0	1.0	151
	chrI	29207	1	0.5	111
	chrI	29224	0	0.5	94
	chrI	29227	1	1.0	144
	chrI	29228	0	0.5	139
	chrI	29240	1	0.5	133
	chrI	29242	1	0.5	84
	chrI	29250	0	2.0	151
	chrI	29266	0	0.5	151
	chrI	29272	0	0.5	90
	chrI	29276	1	1.0	138
	chrI	29277	0	0.5	90
	chrI	29300	0	0.5	151
	chrI	29319	1	0.5	94
	chrI	29335	0	2.0	151
	chrI	29348	0	0.5	58
	chrI	29354	1	0.5	151
	chrI	29355	1	1.0	151
	chrI	29363	0	0.5	124
	chrI	29363	1	0.5	90
	chrI	29366	1	0.5	139
	chrI	29367	1	0.5	90
	chrI	29384	0	0.5	94
	chrI	29393	0	1.0	151
	chrI	29395	0	0.5	108
	chrI	29395	0	0.5	111
	chrI	29398	0	0.5	151
	chrI	29402	0	1.0	151
	chrI	29408	1	0.5	58
	chrI	29409	1	1.0	151
	chrI	29411	0	0.5	151
	chrI	29413	0	0.5	151
	chrI	29413	0	1.0	120
	chrI	29415	0	0.5	151
	chrI	29419	0	0.5	146
	chrI	29419	0	0.5	97
	chrI	29433	1	1.0	151
	chrI	29434	0	0.5	141
	chrI	29435	0	0.5	151
	chrI	29439	0	1.0	151
	chrI	29448	0	1.0	70
	chrI	29458	1	0.5	151
	chrI	29470	1	0.5	151
	chrI	29479	1	0.5	94
	chrI	29490	0	0.5	151
	chrI	29490	1	0.5	124
	chrI	29493	0	0.5	58
	chrI	29501	1	0.5	151
	chrI	29502	0	0.5	151
	chrI	29506	1	0.5	151
	chrI	29506	1	0.5	108
	chrI	29506	1	0.5	111
	chrI	29507	1	0.5	151
	chrI	29509	0	0.5	53
	chrI	29518	1	0.5	97
	chrI	29519	0	0.5	151
	chrI	29519	1	0.5	151
	chrI	29521	1	1.0	70
	chrI	29523	0	0.5	78
	chrI	29526	0	0.5	127
	chrI	29533	1	1.0	120
	chrI	29553	1	0.5	58
	chrI	29557	1	1.0	151
	chrI	29564	1	0.5	146
	chrI	29564	1	1.0	151
	chrI	29564	1	0.5	53
	chrI	29574	1	0.5	141
	chrI	29580	1	0.5	151
	chrI	29588	1	0.5	151
	chrI	29589	1	0.5	151
	chrI	29593	1	0.5	151
	chrI	29600	1	0.5	151
	chrI	29603	0	0.5	151
	chrI	29603	1	0.5	151
	chrI	29603	1	0.5	78
	chrI	29615	1	0.5	151
	chrI	29620	0	1.0	151
	chrI	29627	0	0.5	151
	chrI	29632	0	0.5	151
	chrI	29632	0	0.5	98
	chrI	29635	0	1.0	151
	chrI	29644	1	0.5	151
	chrI	29653	1	0.5	127
	chrI	29655	0	0.5	134
	chrI	29659	0	0.5	114
	chrI	29661	0	0.5	137
	chrI	29667	0	0.5	54
	chrI	29670	1	0.5	151
	chrI	29671	0	0.5	108
	chrI	29677	0	1.0	54
	chrI	29678	0	0.5	101
	chrI	29685	0	0.5	151
	chrI	29689	1	0.5	151
	chrI	29723	0	0.5	151
	chrI	29723	1	0.5	54
	chrI	29731	1	0.5	98
	chrI	29734	0	0.5	59
	chrI	29734	1	1.0	54
	chrI	29737	0	0.5	56
	chrI	29744	0	0.5	100
	chrI	29777	1	0.5	114
	chrI	29781	1	0.5	101
	chrI	29781	1	0.5	108
	chrI	29782	0	0.5	151
	chrI	29786	1	0.5	151
	chrI	29788	1	0.5	134
	chrI	29790	0	0.5	151
	chrI	29795	1	0.5	56
	chrI	29797	1	0.5	137
	chrI	29797	1	0.5	151
	chrI	29797	1	0.5	59
	chrI	29798	0	0.5	151
	chrI	29798	0	1.0	118
	chrI	29798	1	0.5	151
	chrI	29803	0	1.0	151
	chrI	29803	1	2.0	151
	chrI	29813	0	0.5	88
	chrI	29820	0	1.0	132
	chrI	29824	0	1.0	113
	chrI	29833	0	1.0	40
	chrI	29846	1	0.5	100
	chrI	29850	1	0.5	151
	chrI	29856	0	1.0	151
	chrI	29877	1	1.0	40
	chrI	29901	1	0.5	88
	chrI	29905	0	0.5	37
	chrI	29917	1	1.0	118
	chrI	29936	0	0.5	105
	chrI	29940	1	1.0	113
	chrI	29942	1	0.5	37
	chrI	29948	0	0.5	151
	chrI	29948	0	0.5	89
	chrI	29951	1	1.0	132
	chrI	29953	1	0.5	151
	chrI	29965	1	0.5	151
	chrI	29967	0	0.5	151
	chrI	29976	0	0.5	51
	chrI	29976	1	1.0	151
	chrI	29981	0	1.0	68
	chrI	29988	0	0.5	151
	chrI	29998	0	1.0	151
	chrI	30004	0	1.0	74
	chrI	30014	1	1.0	151
	chrI	30021	0	0.5	68
	chrI	30022	0	0.5	104
	chrI	30022	0	0.5	107
	chrI	30022	0	1.0	119
	chrI	30028	1	0.5	51
	chrI	30030	0	0.5	113
	chrI	30034	0	1.0	71
	chrI	30039	0	1.5	151
	chrI	30039	1	0.5	89
	chrI	30040	1	0.5	105
	chrI	30044	1	0.5	151
	chrI	30049	0	0.5	133
	chrI	30050	1	1.0	68
	chrI	30076	0	0.5	112
	chrI	30079	1	1.0	74
	chrI	30085	1	0.5	151
	chrI	30087	0	1.0	151
	chrI	30089	1	0.5	68
	chrI	30106	1	1.0	71
	chrI	30107	0	0.5	84
	chrI	30112	0	0.5	151
	chrI	30128	1	0.5	151
	chrI	30128	1	0.5	104
	chrI	30128	1	0.5	107
	chrI	30129	0	1.0	151
	chrI	30130	0	1.0	151
	chrI	30130	0	0.5	50
	chrI	30130	0	0.5	61
	chrI	30130	1	0.5	151
	chrI	30131	0	0.5	151
	chrI	30138	1	0.5	151
	chrI	30143	1	1.0	119
	chrI	30146	1	0.5	113
	chrI	30149	0	0.5	136
	chrI	30149	0	0.5	144
	chrI	30149	0	0.5	151
	chrI	30155	0	1.0	138
	chrI	30155	0	0.5	94
	chrI	30181	0	1.0	142
	chrI	30181	1	0.5	133
	chrI	30183	1	0.5	50
	chrI	30189	0	0.5	151
	chrI	30189	1	0.5	112
	chrI	30191	1	1.0	151
	chrI	30192	1	1.0	151
	chrI	30192	1	0.5	61
	chrI	30192	1	0.5	84
	chrI	30198	0	0.5	91
	chrI	30206	0	0.5	151
	chrI	30238	1	0.5	151
	chrI	30251	1	0.5	94
	chrI	30258	0	0.5	54
	chrI	30262	1	0.5	151
	chrI	30264	0	0.5	95
	chrI	30264	0	0.5	100
	chrI	30265	1	0.5	151
	chrI	30273	0	0.5	95
	chrI	30284	1	0.5	136
	chrI	30291	1	1.0	151
	chrI	30291	1	0.5	91
	chrI	30292	1	1.0	138
	chrI	30292	1	0.5	144
	chrI	30293	0	0.5	125
	chrI	30293	1	0.5	151
	chrI	30301	1	0.5	151
	chrI	30303	0	0.5	126
	chrI	30303	1	1.0	151
	chrI	30316	1	0.5	151
	chrI	30316	1	0.5	54
	chrI	30318	0	0.5	120
	chrI	30322	1	1.0	142
	chrI	30324	0	0.5	149
	chrI	30324	0	1.0	151
	chrI	30325	0	0.5	104
	chrI	30339	0	0.5	151
	chrI	30340	1	0.5	151
	chrI	30356	0	1.0	89
	chrI	30360	1	0.5	95
	chrI	30361	1	0.5	151
	chrI	30362	0	2.0	99
	chrI	30364	0	0.5	151
	chrI	30365	1	0.5	100
	chrI	30371	1	0.5	95
	chrI	30376	0	0.5	137
	chrI	30377	0	2.0	151
	chrI	30393	0	0.5	126
	chrI	30419	1	0.5	125
	chrI	30429	1	0.5	104
	chrI	30429	1	0.5	126
	chrI	30439	1	0.5	120
	chrI	30447	1	0.5	89
	chrI	30447	1	0.5	90
	chrI	30451	0	0.5	75
	chrI	30459	0	0.5	150
	chrI	30460	0	0.5	109
	chrI	30462	1	2.0	99
	chrI	30465	0	0.5	150
	chrI	30490	0	0.5	117
	chrI	30512	1	0.5	137
	chrI	30515	0	0.5	151
	chrI	30519	0	0.5	85
	chrI	30519	1	0.5	126
	chrI	30526	1	0.5	151
	chrI	30527	0	0.5	134
	chrI	30528	1	2.0	151
	chrI	30528	1	0.5	75
	chrI	30539	0	0.5	121
	chrI	30542	0	0.5	94
	chrI	30545	0	0.5	70
	chrI	30546	0	1.0	151
	chrI	30560	1	0.5	151
	chrI	30568	1	1.5	151
	chrI	30569	1	0.5	109
	chrI	30592	0	0.5	89
	chrI	30606	1	0.5	85
	chrI	30608	1	0.5	117
	chrI	30614	1	0.5	150
	chrI	30617	1	0.5	70
	chrI	30618	0	0.5	151
	chrI	30619	0	0.5	151
	chrI	30628	0	0.5	151
	chrI	30633	0	1.0	99
	chrI	30637	1	0.5	94
	chrI	30641	0	0.5	149
	chrI	30657	1	0.5	151
	chrI	30660	1	0.5	134
	chrI	30661	1	0.5	121
	chrI	30662	0	0.5	88
	chrI	30667	0	0.5	135
	chrI	30680	0	1.0	151
	chrI	30681	1	0.5	89
	chrI	30684	0	2.0	151
	chrI	30707	0	0.5	151
	chrI	30718	1	0.5	151
	chrI	30733	1	1.0	99
	chrI	30752	1	0.5	88
	chrI	30761	0	0.5	68
	chrI	30778	1	0.5	151
	chrI	30779	1	0.5	151
	chrI	30789	1	0.5	149
	chrI	30792	1	0.5	151
	chrI	30794	0	0.5	151
	chrI	30795	0	1.5	151
	chrI	30801	1	0.5	135
	chrI	30805	0	0.5	113
	chrI	30807	0	1.0	151
	chrI	30809	0	0.5	151
	chrI	30819	0	0.5	144
	chrI	30819	0	0.5	151
	chrI	30821	0	1.0	151
	chrI	30822	0	1.5	144
	chrI	30830	1	0.5	68
	chrI	30843	1	2.0	151
	chrI	30845	1	1.0	151
	chrI	30846	0	0.5	151
	chrI	30870	0	0.5	95
	chrI	30874	0	0.5	151
	chrI	30878	0	0.5	75
	chrI	30885	0	0.5	93
	chrI	30889	0	0.5	151
	chrI	30920	0	0.5	151
	chrI	30921	1	0.5	113
	chrI	30925	1	0.5	151
	chrI	30926	0	0.5	151
	chrI	30954	1	0.5	75
	chrI	30959	0	0.5	63
	chrI	30962	1	0.5	144
	chrI	30962	1	2.0	151
	chrI	30963	0	0.5	132
	chrI	30963	0	0.5	61
	chrI	30965	1	1.5	144
	chrI	30965	1	1.5	151
	chrI	30966	0	0.5	127
	chrI	30966	1	0.5	95
	chrI	30967	0	0.5	151
	chrI	30967	0	0.5	92
	chrI	30968	0	0.5	142
	chrI	30968	0	0.5	151
	chrI	30968	0	0.5	86
	chrI	30974	0	1.0	85
	chrI	30976	1	0.5	151
	chrI	30977	0	0.5	151
	chrI	30977	0	0.5	72
	chrI	30977	0	0.5	73
	chrI	30977	0	0.5	100
	chrI	30980	1	0.5	93
	chrI	30997	0	0.5	151
	chrI	31000	0	0.5	132
	chrI	31001	1	0.5	151
	chrI	31004	0	0.5	80
	chrI	31008	0	0.5	99
	chrI	31014	0	0.5	81
	chrI	31016	1	1.0	151
	chrI	31025	0	0.5	101
	chrI	31025	1	0.5	63
	chrI	31026	1	0.5	61
	chrI	31035	1	1.0	151
	chrI	31050	1	0.5	72
	chrI	31051	1	0.5	73
	chrI	31056	1	0.5	86
	chrI	31060	1	1.0	85
	chrI	31061	0	0.5	151
	chrI	31061	1	0.5	92
	chrI	31078	1	0.5	100
	chrI	31083	1	0.5	151
	chrI	31083	1	0.5	80
	chrI	31094	1	0.5	132
	chrI	31094	1	0.5	127
	chrI	31096	1	0.5	81
	chrI	31101	0	0.5	69
	chrI	31108	1	0.5	99
	chrI	31109	1	0.5	142
	chrI	31110	0	1.5	151
	chrI	31118	1	0.5	151
	chrI	31119	1	0.5	151
	chrI	31123	1	0.5	151
	chrI	31127	1	0.5	101
	chrI	31131	1	0.5	132
	chrI	31145	0	0.5	151
	chrI	31154	0	0.5	72
	chrI	31171	1	0.5	69
	chrI	31187	0	0.5	103
	chrI	31189	0	0.5	101
	chrI	31189	0	0.5	119
	chrI	31190	0	0.5	50
	chrI	31190	0	0.5	126
	chrI	31207	0	0.5	114
	chrI	31227	1	0.5	72
	chrI	31228	0	0.5	56
	chrI	31228	1	0.5	151
	chrI	31237	0	0.5	56
	chrI	31240	1	0.5	151
	chrI	31240	1	0.5	49
	chrI	31242	1	0.5	151
	chrI	31244	0	0.5	51
	chrI	31252	0	0.5	46
	chrI	31261	0	1.0	122
	chrI	31279	0	0.5	117
	chrI	31282	0	1.0	151
	chrI	31283	0	2.0	151
	chrI	31284	1	0.5	56
	chrI	31292	0	0.5	151
	chrI	31293	1	0.5	56
	chrI	31293	1	0.5	101
	chrI	31293	1	0.5	103
	chrI	31297	1	0.5	151
	chrI	31298	1	1.0	151
	chrI	31298	1	0.5	51
	chrI	31299	0	1.0	142
	chrI	31299	1	0.5	151
	chrI	31300	1	0.5	46
	chrI	31307	1	0.5	119
	chrI	31316	1	0.5	126
	chrI	31319	0	0.5	118
	chrI	31322	1	0.5	114
	chrI	31353	1	0.5	151
	chrI	31384	1	1.0	122
	chrI	31399	1	0.5	117
	chrI	31411	0	0.5	134
	chrI	31414	0	0.5	133
	chrI	31423	0	1.0	56
	chrI	31434	0	0.5	67
	chrI	31435	0	0.5	118
	chrI	31440	1	1.0	142
	chrI	31440	1	0.5	118
	chrI	31442	1	1.0	151
	chrI	31458	1	1.0	151
	chrI	31462	1	0.5	151
	chrI	31466	1	0.5	151
	chrI	31468	0	0.5	147
	chrI	31474	1	1.0	151
	chrI	31480	0	0.5	114
	chrI	31480	0	0.5	117
	chrI	31480	1	1.0	56
	chrI	31487	0	0.5	151
	chrI	31495	0	0.5	151
	chrI	31501	1	0.5	67
	chrI	31521	0	1.0	128
	chrI	31521	0	0.5	135
	chrI	31521	0	1.0	144
	chrI	31521	0	0.5	91
	chrI	31535	0	1.0	151
	chrI	31544	1	0.5	134
	chrI	31546	1	0.5	133
	chrI	31549	0	0.5	121
	chrI	31551	0	0.5	48
	chrI	31553	1	0.5	118
	chrI	31579	0	0.5	100
	chrI	31596	1	0.5	114
	chrI	31596	1	0.5	117
	chrI	31599	1	0.5	48
	chrI	31614	1	0.5	147
	chrI	31614	1	0.5	91
	chrI	31615	0	1.0	109
	chrI	31617	0	1.0	151
	chrI	31622	0	1.0	124
	chrI	31622	0	0.5	125
	chrI	31627	0	0.5	44
	chrI	31631	0	0.5	151
	chrI	31632	0	0.5	133
	chrI	31644	0	1.0	151
	chrI	31650	1	1.0	128
	chrI	31654	1	1.0	151
	chrI	31655	0	0.5	128
	chrI	31655	1	0.5	135
	chrI	31664	1	1.0	144
	chrI	31665	0	1.0	151
	chrI	31665	0	1.0	61
	chrI	31671	1	0.5	44
	chrI	31673	1	0.5	121
	chrI	31674	0	0.5	151
	chrI	31679	0	0.5	90
	chrI	31682	1	0.5	100
	chrI	31725	1	1.0	109
	chrI	31726	0	0.5	50
	chrI	31726	1	1.0	61
	chrI	31728	0	0.5	151
	chrI	31729	0	0.5	78
	chrI	31733	0	0.5	75
	chrI	31735	0	0.5	40
	chrI	31744	0	1.0	68
	chrI	31748	1	1.0	124
	chrI	31748	1	0.5	125
	chrI	31754	0	0.5	128
	chrI	31754	0	0.5	131
	chrI	31764	1	0.5	133
	chrI	31768	1	0.5	151
	chrI	31770	1	0.5	90
	chrI	31777	1	0.5	50
	chrI	31779	1	0.5	41
	chrI	31783	0	1.0	151
	chrI	31783	0	0.5	102
	chrI	31785	1	0.5	128
	chrI	31786	0	0.5	141
	chrI	31786	1	0.5	151
	chrI	31787	0	0.5	151
	chrI	31800	0	0.5	133
	chrI	31808	1	0.5	78
	chrI	31810	1	0.5	75
	chrI	31812	1	1.0	68
	chrI	31817	0	1.0	151
	chrI	31819	1	1.0	151
	chrI	31824	1	1.0	151
	chrI	31825	0	0.5	151
	chrI	31827	1	0.5	151
	chrI	31853	0	1.0	143
	chrI	31858	1	1.0	151
	chrI	31883	0	1.5	108
	chrI	31884	1	0.5	128
	chrI	31884	1	0.5	131
	chrI	31885	0	0.5	137
	chrI	31885	0	1.0	151
	chrI	31885	1	0.5	151
	chrI	31887	1	0.5	102
	chrI	31898	0	0.5	47
	chrI	31918	0	0.5	94
	chrI	31921	0	0.5	127
	chrI	31923	0	0.5	151
	chrI	31926	1	0.5	141
	chrI	31932	1	0.5	133
	chrI	31947	1	0.5	151
	chrI	31947	1	0.5	47
	chrI	31958	0	1.0	55
	chrI	31958	1	1.0	151
	chrI	31976	1	0.5	151
	chrI	31977	0	0.5	151
	chrI	31986	0	0.5	109
	chrI	31986	1	0.5	151
	chrI	31988	0	0.5	104
	chrI	31992	1	1.5	108
	chrI	31995	1	1.0	143
	chrI	32013	0	0.5	151
	chrI	32013	1	0.5	94
	chrI	32014	1	1.0	55
	chrI	32021	1	0.5	137
	chrI	32043	0	0.5	125
	chrI	32051	1	1.0	151
	chrI	32051	1	0.5	127
	chrI	32059	0	1.0	151
	chrI	32062	0	0.5	127
	chrI	32062	1	1.0	151
	chrI	32064	0	0.5	149
	chrI	32068	0	0.5	133
	chrI	32074	1	0.5	151
	chrI	32075	0	0.5	90
	chrI	32082	0	1.0	120
	chrI	32094	1	0.5	104
	chrI	32096	1	0.5	109
	chrI	32105	0	0.5	151
	chrI	32124	0	0.5	80
	chrI	32146	1	0.5	151
	chrI	32163	0	1.0	151
	chrI	32167	1	0.5	90
	chrI	32169	1	0.5	151
	chrI	32169	1	0.5	125
	chrI	32170	0	0.5	151
	chrI	32180	0	0.5	105
	chrI	32188	1	0.5	127
	chrI	32189	0	1.5	151
	chrI	32200	1	0.5	133
	chrI	32202	1	1.0	120
	chrI	32205	1	0.5	80
	chrI	32209	1	1.0	151
	chrI	32217	1	0.5	151
	chrI	32218	0	0.5	151
	chrI	32271	0	0.5	138
	chrI	32276	0	0.5	150
	chrI	32292	1	0.5	151
	chrI	32292	1	0.5	107
	chrI	32297	0	0.5	82
	chrI	32334	0	0.5	124
	chrI	32334	1	1.0	151
	chrI	32336	1	0.5	151
	chrI	32343	0	0.5	122
	chrI	32380	1	0.5	82
	chrI	32400	0	0.5	97
	chrI	32406	0	1.0	69
	chrI	32408	1	0.5	138
	chrI	32409	1	0.5	151
	chrI	32436	1	0.5	151
	chrI	32452	0	0.5	151
	chrI	32459	1	0.5	124
	chrI	32465	0	1.5	126
	chrI	32467	0	0.5	114
	chrI	32467	1	0.5	122
	chrI	32469	0	0.5	151
	chrI	32479	1	1.0	69
	chrI	32500	1	0.5	97
	chrI	32506	1	1.5	151
	chrI	32509	0	0.5	47
	chrI	32552	0	0.5	126
	chrI	32556	1	0.5	47
	chrI	32559	0	0.5	104
	chrI	32566	0	0.5	113
	chrI	32583	1	0.5	114
	chrI	32591	1	1.5	126
	chrI	32643	0	0.5	90
	chrI	32648	1	0.5	151
	chrI	32649	0	0.5	151
	chrI	32653	0	0.5	57
	chrI	32653	0	0.5	58
	chrI	32654	0	0.5	151
	chrI	32654	0	0.5	53
	chrI	32663	1	0.5	151
	chrI	32664	1	0.5	104
	chrI	32679	1	0.5	113
	chrI	32679	1	0.5	126
	chrI	32708	1	0.5	53
	chrI	32711	1	0.5	57
	chrI	32711	1	0.5	58
	chrI	32736	1	0.5	90
	chrI	32772	0	0.5	38
	chrI	32789	0	0.5	151
	chrI	32789	0	0.5	92
	chrI	32813	1	0.5	151
	chrI	32814	0	0.5	151
	chrI	32814	1	0.5	38
	chrI	32825	1	0.5	151
	chrI	32836	0	1.0	151
	chrI	32858	0	0.5	124
	chrI	32867	0	0.5	123
	chrI	32867	0	0.5	124
	chrI	32867	0	0.5	126
	chrI	32873	0	0.5	76
	chrI	32875	0	0.5	151
	chrI	32885	1	0.5	92
	chrI	32915	0	0.5	116
	chrI	32939	0	0.5	70
	chrI	32945	0	0.5	151
	chrI	32945	0	0.5	124
	chrI	32946	0	0.5	63
	chrI	32946	0	0.5	64
	chrI	32951	1	0.5	76
	chrI	32970	0	1.0	95
	chrI	32970	0	1.0	98
	chrI	32974	0	0.5	151
	chrI	32976	0	0.5	89
	chrI	32980	0	0.5	85
	chrI	32981	1	0.5	124
	chrI	32985	0	0.5	135
	chrI	32992	1	0.5	123
	chrI	32992	1	0.5	124
	chrI	32992	1	0.5	126
	chrI	32997	0	1.0	102
	chrI	32997	1	0.5	151
	chrI	33001	0	0.5	135
	chrI	33003	0	0.5	138
	chrI	33004	1	0.5	151
	chrI	33008	0	0.5	91
	chrI	33009	0	0.5	108
	chrI	33011	1	0.5	63
	chrI	33011	1	0.5	64
	chrI	33011	1	0.5	70
	chrI	33012	0	0.5	151
	chrI	33012	0	0.5	111
	chrI	33013	0	0.5	139
	chrI	33013	0	0.5	103
	chrI	33013	0	0.5	110
	chrI	33018	0	0.5	148
	chrI	33018	0	0.5	123
	chrI	33018	0	0.5	125
	chrI	33020	0	0.5	107
	chrI	33020	0	0.5	122
	chrI	33027	0	0.5	151
	chrI	33030	1	0.5	151
	chrI	33032	1	0.5	116
	chrI	33045	1	0.5	151
	chrI	33054	0	0.5	78
	chrI	33068	1	0.5	85
	chrI	33068	1	0.5	89
	chrI	33068	1	1.0	95
	chrI	33069	0	0.5	73
	chrI	33069	1	1.0	98
	chrI	33069	1	0.5	124
	chrI	33070	0	1.0	151
	chrI	33070	0	0.5	72
	chrI	33073	0	1.0	151
	chrI	33073	0	0.5	67
	chrI	33073	0	1.0	97
	chrI	33079	0	0.5	127
	chrI	33100	1	0.5	91
	chrI	33100	1	1.0	102
	chrI	33111	0	0.5	151
	chrI	33112	0	1.0	151
	chrI	33112	0	0.5	108
	chrI	33117	0	1.5	141
	chrI	33117	1	0.5	103
	chrI	33118	1	0.5	108
	chrI	33119	0	0.5	151
	chrI	33119	1	0.5	135
	chrI	33124	1	0.5	151
	chrI	33124	1	0.5	110
	chrI	33124	1	0.5	111
	chrI	33125	0	0.5	150
	chrI	33125	0	2.0	151
	chrI	33125	0	1.0	88
	chrI	33126	0	0.5	56
	chrI	33128	0	0.5	72
	chrI	33129	1	0.5	107
	chrI	33132	1	0.5	78
	chrI	33135	0	1.0	138
	chrI	33135	1	0.5	135
	chrI	33139	0	1.0	132
	chrI	33140	1	0.5	138
	chrI	33142	1	0.5	67
	chrI	33142	1	0.5	71
	chrI	33143	1	0.5	73
	chrI	33143	1	0.5	122
	chrI	33143	1	0.5	123
	chrI	33143	1	0.5	125
	chrI	33144	0	0.5	150
	chrI	33144	0	1.5	151
	chrI	33144	0	0.5	123
	chrI	33151	1	0.5	139
	chrI	33152	0	0.5	151
	chrI	33165	1	0.5	148
	chrI	33171	0	0.5	84
	chrI	33171	0	0.5	114
	chrI	33171	1	1.0	97
	chrI	33173	0	0.5	123
	chrI	33173	0	0.5	124
	chrI	33181	0	0.5	135
	chrI	33181	0	0.5	151
	chrI	33181	1	0.5	151
	chrI	33183	1	0.5	56
	chrI	33185	1	0.5	151
	chrI	33203	1	0.5	72
	chrI	33208	1	0.5	127
	chrI	33209	0	0.5	92
	chrI	33209	0	0.5	94
	chrI	33213	1	1.0	88
	chrI	33221	1	0.5	108
	chrI	33226	0	0.5	151
	chrI	33232	1	1.0	151
	chrI	33234	1	0.5	151
	chrI	33251	0	0.5	151
	chrI	33251	0	1.0	82
	chrI	33256	1	0.5	84
	chrI	33257	1	1.5	141
	chrI	33258	0	0.5	149
	chrI	33259	0	0.5	133
	chrI	33269	1	0.5	124
	chrI	33270	1	1.0	132
	chrI	33270	1	1.0	151
	chrI	33271	1	0.5	137
	chrI	33272	1	0.5	138
	chrI	33275	0	0.5	151
	chrI	33285	1	0.5	151
	chrI	33286	1	0.5	114
	chrI	33293	1	0.5	150
	chrI	33295	1	1.5	151
	chrI	33298	1	2.0	151
	chrI	33298	1	0.5	123
	chrI	33298	1	0.5	124
	chrI	33299	0	1.0	80
	chrI	33299	1	0.5	151
	chrI	33300	0	0.5	132
	chrI	33300	0	1.5	151
	chrI	33300	0	0.5	50
	chrI	33303	1	0.5	92
	chrI	33303	1	0.5	94
	chrI	33314	1	0.5	151
	chrI	33315	1	0.5	135
	chrI	33316	1	0.5	151
	chrI	33318	0	1.0	151
	chrI	33319	0	0.5	139
	chrI	33322	0	0.5	143
	chrI	33326	1	0.5	151
	chrI	33327	0	0.5	70
	chrI	33331	0	0.5	98
	chrI	33334	0	0.5	151
	chrI	33334	1	1.0	82
	chrI	33351	1	0.5	50
	chrI	33363	0	0.5	109
	chrI	33373	0	0.5	151
	chrI	33381	1	1.0	80
	chrI	33384	0	0.5	128
	chrI	33384	0	0.5	132
	chrI	33384	0	0.5	151
	chrI	33384	0	1.0	73
	chrI	33384	0	1.5	113
	chrI	33391	1	0.5	133
	chrI	33394	0	0.5	48
	chrI	33397	1	0.5	70
	chrI	33398	0	0.5	99
	chrI	33399	0	0.5	111
	chrI	33400	1	0.5	151
	chrI	33406	1	0.5	149
	chrI	33413	1	0.5	151
	chrI	33416	1	0.5	151
	chrI	33425	0	0.5	67
	chrI	33429	0	1.0	98
	chrI	33431	1	0.5	132
	chrI	33431	1	0.5	98
	chrI	33444	1	0.5	48
	chrI	33447	0	0.5	151
	chrI	33451	0	1.5	151
	chrI	33451	1	0.5	151
	chrI	33457	1	0.5	139
	chrI	33458	1	0.5	151
	chrI	33458	1	1.0	73
	chrI	33459	0	0.5	151
	chrI	33464	1	0.5	143
	chrI	33467	0	1.0	128
	chrI	33472	1	0.5	109
	chrI	33478	1	0.5	151
	chrI	33491	0	1.0	69
	chrI	33493	1	1.0	151
	chrI	33493	1	0.5	67
	chrI	33497	1	0.5	151
	chrI	33500	0	0.5	140
	chrI	33500	1	0.5	99
	chrI	33500	1	1.5	113
	chrI	33503	0	1.5	151
	chrI	33510	1	0.5	151
	chrI	33512	1	0.5	111
	chrI	33513	1	0.5	151
	chrI	33515	1	0.5	128
	chrI	33515	1	0.5	132
	chrI	33528	1	1.0	98
	chrI	33542	1	0.5	151
	chrI	33559	1	0.5	151
	chrI	33562	1	1.0	69
	chrI	33565	0	0.5	143
	chrI	33568	0	0.5	84
	chrI	33579	0	0.5	151
	chrI	33586	0	1.0	136
	chrI	33597	1	1.0	128
	chrI	33611	1	0.5	151
	chrI	33632	0	0.5	77
	chrI	33633	1	0.5	151
	chrI	33639	1	0.5	140
	chrI	33643	0	0.5	151
	chrI	33646	0	0.5	151
	chrI	33647	0	0.5	68
	chrI	33652	1	0.5	151
	chrI	33653	1	0.5	84
	chrI	33665	0	0.5	151
	chrI	33667	0	0.5	114
	chrI	33682	0	0.5	93
	chrI	33699	1	1.0	151
	chrI	33704	1	0.5	151
	chrI	33707	1	0.5	143
	chrI	33712	1	0.5	77
	chrI	33715	0	0.5	78
	chrI	33715	0	0.5	80
	chrI	33716	1	0.5	68
	chrI	33721	1	1.0	136
	chrI	33732	0	0.5	92
	chrI	33733	1	0.5	151
	chrI	33771	1	1.5	151
	chrI	33775	1	0.5	93
	chrI	33783	1	0.5	114
	chrI	33788	0	0.5	135
	chrI	33796	1	0.5	78
	chrI	33796	1	0.5	80
	chrI	33817	1	1.0	151
	chrI	33826	1	0.5	151
	chrI	33826	1	0.5	92
	chrI	33831	0	0.5	151
	chrI	33831	0	1.0	55
	chrI	33831	0	0.5	56
	chrI	33869	0	1.0	141
	chrI	33888	1	1.0	55
	chrI	33888	1	0.5	56
	chrI	33905	0	0.5	65
	chrI	33910	0	0.5	151
	chrI	33922	1	0.5	135
	chrI	33945	0	1.0	139
	chrI	33948	0	0.5	151
	chrI	33971	1	0.5	65
	chrI	33994	0	0.5	151
	chrI	33994	0	1.0	64
	chrI	33994	1	0.5	151
	chrI	34000	0	0.5	116
	chrI	34009	1	1.0	141
	chrI	34010	0	0.5	151
	chrI	34035	0	0.5	55
	chrI	34061	1	1.0	64
	chrI	34064	0	1.5	151
	chrI	34067	1	0.5	151
	chrI	34083	1	1.0	139
	chrI	34091	1	0.5	55
	chrI	34107	0	0.5	151
	chrI	34116	0	0.5	151
	chrI	34117	1	0.5	151
	chrI	34117	1	0.5	116
	chrI	34121	0	1.0	58
	chrI	34128	0	0.5	56
	chrI	34141	0	1.0	93
	chrI	34147	1	0.5	151
	chrI	34168	1	0.5	151
	chrI	34182	1	1.0	58
	chrI	34185	1	0.5	56
	chrI	34186	0	0.5	135
	chrI	34195	0	1.0	70
	chrI	34198	0	0.5	125
	chrI	34219	1	0.5	150
	chrI	34220	1	1.0	151
	chrI	34236	1	1.0	93
	chrI	34266	1	1.0	70
	chrI	34275	0	1.5	133
	chrI	34276	0	0.5	113
	chrI	34276	0	0.5	114
	chrI	34276	1	0.5	151
	chrI	34285	0	1.0	54
	chrI	34300	0	0.5	151
	chrI	34300	0	0.5	66
	chrI	34312	0	1.0	65
	chrI	34320	1	0.5	135
	chrI	34324	1	0.5	125
	chrI	34341	1	1.0	54
	chrI	34344	0	0.5	80
	chrI	34344	0	0.5	82
	chrI	34365	1	0.5	66
	chrI	34377	1	1.0	65
	chrI	34390	1	0.5	113
	chrI	34390	1	0.5	114
	chrI	34403	0	0.5	151
	chrI	34407	1	1.5	133
	chrI	34425	1	0.5	80
	chrI	34425	1	0.5	82
	chrI	34428	0	0.5	70
	chrI	34431	0	0.5	151
	chrI	34443	0	0.5	148
	chrI	34467	1	0.5	151
	chrI	34485	0	1.5	149
	chrI	34495	0	0.5	138
	chrI	34499	1	0.5	70
	chrI	34515	0	0.5	151
	chrI	34519	0	0.5	127
	chrI	34526	0	0.5	89
	chrI	34539	0	1.0	151
	chrI	34540	0	0.5	151
	chrI	34568	0	0.5	88
	chrI	34573	1	0.5	149
	chrI	34584	0	0.5	56
	chrI	34587	0	0.5	100
	chrI	34590	1	0.5	148
	chrI	34601	0	1.5	127
	chrI	34609	1	0.5	151
	chrI	34615	1	0.5	89
	chrI	34627	1	0.5	151
	chrI	34632	1	0.5	138
	chrI	34633	1	1.5	149
	chrI	34641	1	0.5	56
	chrI	34646	1	0.5	127
	chrI	34653	0	0.5	143
	chrI	34653	0	1.0	90
	chrI	34655	1	0.5	88
	chrI	34662	0	1.0	151
	chrI	34665	0	0.5	151
	chrI	34688	1	0.5	100
	chrI	34712	0	0.5	60
	chrI	34713	0	0.5	144
	chrI	34721	0	0.5	151
	chrI	34727	0	1.0	65
	chrI	34727	0	0.5	66
	chrI	34729	1	1.5	127
	chrI	34746	1	1.0	90
	chrI	34752	0	0.5	62
	chrI	34753	0	1.0	151
	chrI	34755	1	1.5	151
	chrI	34772	1	0.5	60
	chrI	34773	0	0.5	83
	chrI	34774	0	1.5	151
	chrI	34776	0	0.5	151
	chrI	34784	0	1.0	151
	chrI	34794	1	1.0	65
	chrI	34794	1	0.5	66
	chrI	34795	1	0.5	143
	chrI	34796	0	1.0	151
	chrI	34797	0	0.5	144
	chrI	34798	0	0.5	151
	chrI	34799	0	1.0	151
	chrI	34800	0	0.5	142
	chrI	34800	0	1.0	151
	chrI	34806	0	0.5	136
	chrI	34807	0	0.5	134
	chrI	34807	0	0.5	151
	chrI	34807	0	0.5	79
	chrI	34808	0	0.5	133
	chrI	34815	1	0.5	62
	chrI	34816	0	1.0	136
	chrI	34825	1	1.0	151
	chrI	34839	1	0.5	151
	chrI	34843	0	0.5	100
	chrI	34848	0	0.5	93
	chrI	34856	1	0.5	144
	chrI	34856	1	0.5	83
	chrI	34867	0	0.5	151
	chrI	34874	0	0.5	94
	chrI	34880	1	0.5	151
	chrI	34887	1	0.5	79
	chrI	34888	0	0.5	118
	chrI	34891	1	0.5	151
	chrI	34917	0	0.5	46
	chrI	34920	0	0.5	151
	chrI	34924	0	1.0	101
	chrI	34928	0	0.5	151
	chrI	34930	0	0.5	62
	chrI	34930	0	0.5	63
	chrI	34940	1	0.5	133
	chrI	34940	1	0.5	134
	chrI	34940	1	0.5	144
	chrI	34941	1	0.5	136
	chrI	34941	1	0.5	142
	chrI	34941	1	1.0	151
	chrI	34943	0	0.5	114
	chrI	34944	1	0.5	100
	chrI	34947	1	0.5	93
	chrI	34951	0	0.5	151
	chrI	34951	1	1.0	136
	chrI	34951	1	2.0	151
	chrI	34952	0	0.5	71
	chrI	34964	1	0.5	46
	chrI	34969	1	0.5	94
	chrI	34971	1	0.5	151
	chrI	34974	0	0.5	115
	chrI	34975	0	0.5	151
	chrI	34975	1	2.5	151
	chrI	34976	0	0.5	99
	chrI	34976	1	2.0	151
	chrI	34977	0	0.5	45
	chrI	34977	0	0.5	77
	chrI	34989	0	0.5	64
	chrI	34992	1	0.5	62
	chrI	34992	1	0.5	63
	chrI	35002	0	0.5	67
	chrI	35005	1	0.5	118
	chrI	35012	0	0.5	79
	chrI	35020	0	0.5	151
	chrI	35020	1	0.5	151
	chrI	35022	1	0.5	71
	chrI	35023	1	0.5	45
	chrI	35024	0	0.5	57
	chrI	35024	1	1.0	101
	chrI	35049	0	0.5	122
	chrI	35056	1	0.5	64
	chrI	35057	1	0.5	77
	chrI	35057	1	0.5	114
	chrI	35069	1	0.5	67
	chrI	35076	1	0.5	97
	chrI	35077	1	0.5	151
	chrI	35081	0	0.5	145
	chrI	35082	1	0.5	57
	chrI	35084	0	0.5	30
	chrI	35092	1	0.5	115
	chrI	35093	0	0.5	55
	chrI	35093	1	0.5	79
	chrI	35094	1	0.5	151
	chrI	35135	0	0.5	151
	chrI	35139	1	0.5	47
	chrI	35147	1	0.5	151
	chrI	35150	0	0.5	114
	chrI	35156	0	0.5	149
	chrI	35159	0	0.5	151
	chrI	35173	0	0.5	86
	chrI	35173	1	0.5	122
	chrI	35175	0	0.5	142
	chrI	35180	0	0.5	151
	chrI	35204	1	0.5	151
	chrI	35206	0	0.5	110
	chrI	35206	0	0.5	111
	chrI	35211	0	1.0	142
	chrI	35217	0	0.5	118
	chrI	35225	1	0.5	145
	chrI	35235	0	0.5	78
	chrI	35235	0	0.5	81
	chrI	35250	1	0.5	151
	chrI	35261	1	0.5	86
	chrI	35264	0	0.5	128
	chrI	35266	0	0.5	151
	chrI	35266	1	0.5	114
	chrI	35276	0	1.0	62
	chrI	35293	1	0.5	151
	chrI	35304	1	0.5	149
	chrI	35312	0	0.5	151
	chrI	35312	0	0.5	126
	chrI	35313	1	0.5	151
	chrI	35315	1	0.5	78
	chrI	35315	1	0.5	81
	chrI	35316	1	0.5	142
	chrI	35317	1	0.5	110
	chrI	35317	1	0.5	111
	chrI	35319	0	0.5	151
	chrI	35331	0	1.0	122
	chrI	35337	0	0.5	127
	chrI	35338	1	0.5	118
	chrI	35339	0	0.5	148
	chrI	35339	1	1.0	62
	chrI	35352	1	1.0	142
	chrI	35353	1	0.5	151
	chrI	35392	1	0.5	139
	chrI	35394	1	0.5	128
	chrI	35406	0	0.5	149
	chrI	35406	0	0.5	151
	chrI	35409	0	0.5	151
	chrI	35421	1	0.5	151
	chrI	35439	1	0.5	126
	chrI	35451	0	0.5	135
	chrI	35454	1	1.0	122
	chrI	35465	1	0.5	127
	chrI	35477	0	0.5	56
	chrI	35486	1	0.5	148
	chrI	35500	1	0.5	151
	chrI	35507	0	0.5	151
	chrI	35533	1	0.5	56
	chrI	35545	0	0.5	151
	chrI	35550	0	0.5	113
	chrI	35571	0	0.5	151
	chrI	35571	0	0.5	64
	chrI	35577	0	0.5	64
	chrI	35585	1	0.5	135
	chrI	35592	0	1.0	143
	chrI	35592	0	0.5	151
	chrI	35600	0	0.5	143
	chrI	35606	1	1.0	151
	chrI	35613	0	1.5	151
	chrI	35638	1	0.5	64
	chrI	35642	1	0.5	64
	chrI	35651	0	1.0	151
	chrI	35657	0	0.5	43
	chrI	35663	1	0.5	113
	chrI	35670	0	0.5	151
	chrI	35689	0	1.0	151
	chrI	35697	0	0.5	104
	chrI	35700	1	0.5	151
	chrI	35701	1	0.5	43
	chrI	35704	0	0.5	57
	chrI	35720	0	0.5	65
	chrI	35734	1	1.0	143
	chrI	35734	1	0.5	151
	chrI	35742	1	0.5	143
	chrI	35747	0	0.5	59
	chrI	35756	1	0.5	151
	chrI	35762	1	0.5	57
	chrI	35763	1	0.5	151
	chrI	35778	1	1.5	151
	chrI	35781	1	0.5	151
	chrI	35783	0	0.5	128
	chrI	35786	0	0.5	112
	chrI	35786	1	0.5	65
	chrI	35801	0	0.5	151
	chrI	35801	1	0.5	104
	chrI	35805	0	1.0	131
	chrI	35805	0	0.5	151
	chrI	35807	1	0.5	59
	chrI	35813	0	0.5	82
	chrI	35819	0	0.5	151
	chrI	35823	0	0.5	151
	chrI	35825	1	1.0	151
	chrI	35843	0	0.5	60
	chrI	35866	1	0.5	151
	chrI	35876	1	1.0	151
	chrI	35889	0	0.5	48
	chrI	35896	1	0.5	82
	chrI	35897	0	0.5	151
	chrI	35898	0	0.5	61
	chrI	35900	1	0.5	112
	chrI	35905	1	0.5	60
	chrI	35913	1	0.5	128
	chrI	35928	0	0.5	151
	chrI	35928	1	0.5	151
	chrI	35935	1	1.0	131
	chrI	35939	1	0.5	48
	chrI	35958	1	0.5	151
	chrI	35961	1	0.5	151
	chrI	35962	1	0.5	61
	chrI	35966	0	0.5	151
	chrI	35984	0	0.5	123
	chrI	35986	1	0.5	151
	chrI	36005	0	0.5	151
	chrI	36077	1	0.5	151
	chrI	36088	0	0.5	151
	chrI	36107	1	0.5	151
	chrI	36108	1	0.5	123
	chrI	36116	1	0.5	151
	chrI	36171	1	0.5	151
	chrI	36198	0	0.5	66
	chrI	36213	1	0.5	151
	chrI	36246	0	0.5	119
	chrI	36248	0	0.5	138
	chrI	36248	0	1.0	151
	chrI	36265	1	0.5	66
	chrI	36272	0	1.0	151
	chrI	36275	0	0.5	107
	chrI	36279	0	0.5	151
	chrI	36294	0	0.5	151
	chrI	36326	0	0.5	151
	chrI	36347	0	0.5	68
	chrI	36350	0	0.5	137
	chrI	36351	0	0.5	62
	chrI	36370	1	0.5	119
	chrI	36371	0	0.5	123
	chrI	36371	0	0.5	126
	chrI	36373	0	0.5	147
	chrI	36374	0	0.5	132
	chrI	36383	1	0.5	107
	chrI	36385	1	0.5	138
	chrI	36386	0	0.5	108
	chrI	36406	0	0.5	92
	chrI	36409	0	0.5	86
	chrI	36411	0	0.5	85
	chrI	36415	0	0.5	150
	chrI	36415	1	0.5	62
	chrI	36416	0	0.5	102
	chrI	36417	0	0.5	111
	chrI	36417	1	0.5	68
	chrI	36418	0	0.5	78
	chrI	36419	0	0.5	84
	chrI	36420	0	0.5	74
	chrI	36449	0	0.5	36
	chrI	36450	1	1.0	151
	chrI	36451	0	0.5	57
	chrI	36451	0	0.5	69
	chrI	36451	0	1.5	124
	chrI	36452	0	0.5	151
	chrI	36458	0	0.5	151
	chrI	36458	1	0.5	151
	chrI	36459	1	0.5	151
	chrI	36481	1	0.5	151
	chrI	36482	0	1.0	151
	chrI	36485	1	0.5	151
	chrI	36486	1	0.5	137
	chrI	36486	1	0.5	151
	chrI	36486	1	0.5	36
	chrI	36487	0	0.5	151
	chrI	36488	0	0.5	151
	chrI	36495	1	0.5	108
	chrI	36496	1	0.5	86
	chrI	36497	1	0.5	74
	chrI	36497	1	0.5	78
	chrI	36497	1	0.5	123
	chrI	36497	1	0.5	126
	chrI	36498	0	1.0	151
	chrI	36498	1	0.5	85
	chrI	36498	1	0.5	92
	chrI	36505	1	0.5	132
	chrI	36505	1	0.5	84
	chrI	36506	0	1.5	151
	chrI	36508	1	0.5	57
	chrI	36509	0	1.0	138
	chrI	36510	0	0.5	146
	chrI	36516	0	1.0	151
	chrI	36519	1	0.5	147
	chrI	36519	1	0.5	102
	chrI	36520	1	0.5	69
	chrI	36521	0	0.5	151
	chrI	36522	1	0.5	151
	chrI	36527	0	0.5	141
	chrI	36529	1	0.5	111
	chrI	36536	0	0.5	109
	chrI	36553	0	1.0	149
	chrI	36554	0	0.5	96
	chrI	36556	0	0.5	57
	chrI	36563	1	0.5	149
	chrI	36576	1	1.5	124
	chrI	36578	0	0.5	151
	chrI	36587	0	0.5	146
	chrI	36595	0	0.5	55
	chrI	36595	0	0.5	58
	chrI	36614	1	0.5	57
	chrI	36633	1	0.5	151
	chrI	36637	0	0.5	149
	chrI	36640	0	0.5	104
	chrI	36645	1	0.5	151
	chrI	36645	1	0.5	109
	chrI	36646	1	1.0	138
	chrI	36651	1	0.5	96
	chrI	36654	1	0.5	55
	chrI	36654	1	0.5	58
	chrI	36655	1	0.5	146
	chrI	36656	0	2.0	151
	chrI	36667	1	0.5	141
	chrI	36667	1	2.5	151
	chrI	36668	0	3.0	151
	chrI	36668	1	2.5	151
	chrI	36673	0	1.0	151
	chrI	36687	1	0.5	151
	chrI	36695	0	0.5	151
	chrI	36698	0	0.5	151
	chrI	36701	1	1.0	149
	chrI	36703	0	0.5	151
	chrI	36732	0	1.0	87
	chrI	36732	1	0.5	146
	chrI	36740	0	1.0	81
	chrI	36748	1	0.5	104
	chrI	36760	0	0.5	92
	chrI	36779	1	0.5	151
	chrI	36785	1	0.5	149
	chrI	36820	1	2.0	151
	chrI	36820	1	1.0	87
	chrI	36824	0	0.5	93
	chrI	36824	1	1.0	81
	chrI	36828	0	1.5	151
	chrI	36829	1	1.0	151
	chrI	36830	1	2.5	151
	chrI	36846	1	1.0	151
	chrI	36847	0	1.0	151
	chrI	36852	0	0.5	151
	chrI	36854	1	0.5	92
	chrI	36863	1	0.5	151
	chrI	36876	1	0.5	151
	chrI	36891	0	0.5	79
	chrI	36899	0	0.5	151
	chrI	36917	1	0.5	93
	chrI	36968	0	0.5	151
	chrI	36972	1	0.5	79
	chrI	36979	0	0.5	123
	chrI	36988	0	0.5	151
	chrI	36996	1	0.5	151
	chrI	37000	1	1.5	151
	chrI	37002	0	0.5	151
	chrI	37012	0	0.5	122
	chrI	37012	0	0.5	123
	chrI	37016	0	0.5	75
	chrI	37018	1	1.5	151
	chrI	37019	0	1.5	151
	chrI	37024	0	0.5	151
	chrI	37030	0	0.5	114
	chrI	37057	0	0.5	151
	chrI	37057	0	0.5	54
	chrI	37061	0	0.5	64
	chrI	37066	0	1.0	87
	chrI	37074	1	0.5	151
	chrI	37075	0	0.5	151
	chrI	37093	1	0.5	75
	chrI	37097	0	0.5	151
	chrI	37102	1	0.5	123
	chrI	37112	0	0.5	54
	chrI	37112	0	0.5	56
	chrI	37112	1	0.5	54
	chrI	37116	0	0.5	151
	chrI	37116	0	0.5	58
	chrI	37125	1	0.5	64
	chrI	37136	1	0.5	122
	chrI	37136	1	0.5	123
	chrI	37140	0	0.5	151
	chrI	37143	1	0.5	114
	chrI	37146	0	0.5	148
	chrI	37146	0	0.5	151
	chrI	37152	1	0.5	151
	chrI	37153	0	0.5	59
	chrI	37155	0	0.5	132
	chrI	37155	1	1.0	87
	chrI	37158	1	0.5	151
	chrI	37159	0	0.5	151
	chrI	37164	0	0.5	135
	chrI	37164	0	1.0	151
	chrI	37170	1	0.5	151
	chrI	37170	1	0.5	54
	chrI	37170	1	0.5	56
	chrI	37171	0	0.5	151
	chrI	37171	0	1.0	109
	chrI	37172	1	0.5	149
	chrI	37174	0	0.5	89
	chrI	37174	1	0.5	151
	chrI	37174	1	0.5	58
	chrI	37176	0	0.5	151
	chrI	37184	0	0.5	107
	chrI	37185	0	0.5	69
	chrI	37199	0	0.5	151
	chrI	37209	1	0.5	151
	chrI	37213	1	0.5	59
	chrI	37221	1	0.5	151
	chrI	37222	0	0.5	151
	chrI	37232	0	0.5	119
	chrI	37237	0	0.5	65
	chrI	37237	0	0.5	76
	chrI	37247	1	0.5	151
	chrI	37251	1	0.5	151
	chrI	37255	1	0.5	69
	chrI	37259	0	0.5	151
	chrI	37265	1	0.5	89
	chrI	37274	1	0.5	151
	chrI	37284	1	1.0	109
	chrI	37286	1	0.5	132
	chrI	37287	0	1.0	151
	chrI	37290	0	0.5	68
	chrI	37292	0	1.0	66
	chrI	37293	1	0.5	148
	chrI	37293	1	0.5	107
	chrI	37295	0	1.0	62
	chrI	37295	0	0.5	63
	chrI	37296	0	0.5	151
	chrI	37298	1	0.5	135
	chrI	37303	1	0.5	65
	chrI	37306	1	0.5	151
	chrI	37308	1	0.5	151
	chrI	37312	0	1.0	81
	chrI	37314	1	0.5	76
	chrI	37321	1	0.5	151
	chrI	37341	1	0.5	151
	chrI	37342	0	0.5	89
	chrI	37347	0	1.0	77
	chrI	37351	1	0.5	119
	chrI	37358	0	0.5	84
	chrI	37358	1	0.5	151
	chrI	37359	0	1.0	73
	chrI	37359	1	1.0	62
	chrI	37359	1	0.5	63
	chrI	37359	1	1.0	66
	chrI	37359	1	0.5	68
	chrI	37360	0	1.5	151
	chrI	37361	0	0.5	151
	chrI	37362	0	0.5	151
	chrI	37364	1	0.5	151
	chrI	37367	0	0.5	151
	chrI	37376	0	0.5	151
	chrI	37388	0	0.5	74
	chrI	37395	0	0.5	151
	chrI	37395	0	0.5	122
	chrI	37395	1	0.5	151
	chrI	37395	1	1.0	81
	chrI	37396	0	1.0	84
	chrI	37398	1	0.5	151
	chrI	37427	1	1.0	77
	chrI	37432	1	0.5	151
	chrI	37432	1	0.5	89
	chrI	37433	1	1.0	73
	chrI	37441	1	0.5	151
	chrI	37442	1	0.5	84
	chrI	37452	1	0.5	151
	chrI	37455	0	0.5	147
	chrI	37463	1	0.5	151
	chrI	37463	1	0.5	74
	chrI	37481	1	1.0	84
	chrI	37498	0	0.5	150
	chrI	37505	0	0.5	142
	chrI	37505	0	0.5	151
	chrI	37516	0	1.0	151
	chrI	37520	1	0.5	122
	chrI	37531	1	0.5	151
	chrI	37533	0	0.5	151
	chrI	37533	0	0.5	58
	chrI	37533	0	0.5	120
	chrI	37534	0	1.5	151
	chrI	37536	1	0.5	151
	chrI	37538	0	0.5	151
	chrI	37538	0	0.5	70
	chrI	37542	1	0.5	151
	chrI	37544	1	0.5	151
	chrI	37546	0	0.5	34
	chrI	37546	1	0.5	151
	chrI	37547	0	0.5	105
	chrI	37547	0	0.5	106
	chrI	37563	1	0.5	151
	chrI	37581	0	0.5	151
	chrI	37581	1	0.5	34
	chrI	37587	1	0.5	151
	chrI	37590	0	0.5	114
	chrI	37592	1	0.5	58
	chrI	37593	0	0.5	151
	chrI	37599	0	0.5	145
	chrI	37601	1	0.5	147
	chrI	37609	1	0.5	71
	chrI	37646	1	0.5	142
	chrI	37646	1	0.5	151
	chrI	37647	1	0.5	150
	chrI	37653	1	0.5	151
	chrI	37653	1	0.5	120
	chrI	37654	1	0.5	105
	chrI	37654	1	0.5	106
	chrI	37673	0	1.5	151
	chrI	37676	0	0.5	151
	chrI	37687	0	2.0	151
	chrI	37700	1	1.5	151
	chrI	37706	1	0.5	114
	chrI	37707	0	0.5	144
	chrI	37707	1	0.5	151
	chrI	37708	1	0.5	151
	chrI	37712	1	1.0	151
	chrI	37724	0	0.5	125
	chrI	37731	1	0.5	151
	chrI	37743	1	0.5	145
	chrI	37744	0	1.5	151
	chrI	37756	0	1.5	151
	chrI	37758	1	0.5	151
	chrI	37759	1	0.5	151
	chrI	37762	0	0.5	151
	chrI	37765	0	0.5	83
	chrI	37766	0	0.5	96
	chrI	37770	0	0.5	151
	chrI	37780	0	0.5	151
	chrI	37785	0	0.5	67
	chrI	37791	0	0.5	58
	chrI	37831	0	0.5	151
	chrI	37844	1	1.5	151
	chrI	37849	1	0.5	125
	chrI	37850	1	0.5	144
	chrI	37850	1	0.5	58
	chrI	37850	1	0.5	83
	chrI	37853	1	0.5	151
	chrI	37853	1	0.5	67
	chrI	37854	0	1.0	151
	chrI	37855	0	1.0	151
	chrI	37864	0	0.5	151
	chrI	37865	1	0.5	96
	chrI	37873	1	1.5	151
	chrI	37875	1	0.5	151
	chrI	37894	1	1.5	151
	chrI	37895	0	1.0	151
	chrI	37896	0	0.5	151
	chrI	37907	1	1.5	151
	chrI	37916	0	0.5	151
	chrI	37923	1	0.5	151
	chrI	37930	1	0.5	151
	chrI	37938	1	0.5	151
	chrI	37969	1	0.5	151
	chrI	37973	0	0.5	136
	chrI	37976	0	0.5	61
	chrI	37983	0	0.5	151
	chrI	37992	1	0.5	151
	chrI	38009	1	0.5	151
	chrI	38018	1	1.0	151
	chrI	38023	0	0.5	151
	chrI	38026	1	0.5	151
	chrI	38030	1	0.5	151
	chrI	38037	0	0.5	151
	chrI	38039	1	0.5	61
	chrI	38047	0	0.5	141
	chrI	38051	1	0.5	151
	chrI	38071	0	0.5	151
	chrI	38073	1	1.0	151
	chrI	38108	1	0.5	136
	chrI	38109	0	0.5	151
	chrI	38112	0	1.0	90
	chrI	38112	0	0.5	91
	chrI	38135	1	0.5	151
	chrI	38151	0	0.5	85
	chrI	38153	0	0.5	151
	chrI	38178	1	1.0	151
	chrI	38187	1	0.5	141
	chrI	38200	0	1.0	151
	chrI	38202	1	1.0	90
	chrI	38202	1	0.5	91
	chrI	38228	0	0.5	50
	chrI	38236	1	0.5	85
	chrI	38238	1	0.5	151
	chrI	38251	0	1.5	114
	chrI	38278	0	0.5	151
	chrI	38281	1	0.5	50
	chrI	38283	0	0.5	69
	chrI	38353	1	0.5	69
	chrI	38359	0	0.5	151
	chrI	38359	1	0.5	151
	chrI	38364	1	1.0	151
	chrI	38365	1	1.5	114
	chrI	38382	0	1.0	151
	chrI	38384	0	1.0	151
	chrI	38384	0	0.5	123
	chrI	38388	1	0.5	151
	chrI	38389	0	0.5	151
	chrI	38390	0	0.5	151
	chrI	38392	0	1.5	151
	chrI	38393	0	0.5	54
	chrI	38397	0	0.5	151
	chrI	38407	0	0.5	151
	chrI	38427	1	0.5	151
	chrI	38432	0	0.5	151
	chrI	38440	0	0.5	151
	chrI	38440	1	0.5	151
	chrI	38447	1	0.5	54
	chrI	38456	0	0.5	48
	chrI	38505	1	0.5	48
	chrI	38506	0	0.5	151
	chrI	38508	1	0.5	123
	chrI	38514	1	0.5	151
	chrI	38524	0	0.5	108
	chrI	38535	0	0.5	151
	chrI	38537	0	0.5	151
	chrI	38544	0	0.5	151
	chrI	38546	1	1.0	151
	chrI	38547	0	1.0	151
	chrI	38553	1	2.0	151
	chrI	38554	1	0.5	151
	chrI	38556	0	1.0	151
	chrI	38560	0	0.5	151
	chrI	38571	0	0.5	85
	chrI	38576	0	1.0	132
	chrI	38592	1	0.5	151
	chrI	38596	1	1.0	151
	chrI	38597	1	0.5	151
	chrI	38612	1	0.5	151
	chrI	38620	0	0.5	151
	chrI	38622	0	1.0	134
	chrI	38631	0	0.5	151
	chrI	38636	1	0.5	108
	chrI	38658	1	0.5	85
	chrI	38668	0	0.5	91
	chrI	38679	0	1.0	151
	chrI	38691	1	0.5	151
	chrI	38695	1	0.5	151
	chrI	38697	1	0.5	151
	chrI	38698	0	1.0	142
	chrI	38698	1	0.5	151
	chrI	38699	0	0.5	151
	chrI	38702	0	0.5	104
	chrI	38702	0	0.5	105
	chrI	38707	1	1.0	132
	chrI	38713	1	0.5	151
	chrI	38714	1	0.5	151
	chrI	38715	0	0.5	151
	chrI	38717	0	1.0	151
	chrI	38717	1	0.5	151
	chrI	38720	0	0.5	151
	chrI	38729	0	0.5	141
	chrI	38732	0	1.0	146
	chrI	38732	0	0.5	151
	chrI	38732	0	0.5	125
	chrI	38738	1	0.5	151
	chrI	38739	0	0.5	149
	chrI	38754	1	0.5	151
	chrI	38755	1	1.0	134
	chrI	38760	1	0.5	91
	chrI	38767	0	0.5	76
	chrI	38768	0	0.5	151
	chrI	38773	0	0.5	66
	chrI	38788	1	0.5	151
	chrI	38805	1	0.5	151
	chrI	38806	1	0.5	104
	chrI	38806	1	0.5	105
	chrI	38820	0	0.5	90
	chrI	38839	1	1.0	142
	chrI	38839	1	0.5	66
	chrI	38843	1	0.5	76
	chrI	38858	1	0.5	125
	chrI	38859	1	0.5	151
	chrI	38860	0	0.5	151
	chrI	38864	1	0.5	151
	chrI	38869	1	0.5	141
	chrI	38876	1	0.5	151
	chrI	38877	1	1.0	146
	chrI	38878	0	1.0	151
	chrI	38879	0	1.0	151
	chrI	38886	1	0.5	151
	chrI	38887	1	0.5	149
	chrI	38887	1	1.0	151
	chrI	38888	1	0.5	151
	chrI	38890	0	3.5	151
	chrI	38891	0	1.0	148
	chrI	38891	0	5.5	151
	chrI	38891	0	0.5	113
	chrI	38893	0	0.5	151
	chrI	38894	0	0.5	95
	chrI	38896	0	0.5	151
	chrI	38900	0	0.5	101
	chrI	38908	0	0.5	151
	chrI	38911	1	0.5	90
	chrI	38915	0	0.5	151
	chrI	38916	0	1.0	135
	chrI	38916	0	0.5	151
	chrI	38922	0	0.5	82
	chrI	38943	0	0.5	144
	chrI	38951	1	0.5	151
	chrI	38955	0	1.0	97
	chrI	38967	0	1.0	75
	chrI	38970	0	0.5	151
	chrI	38991	1	0.5	95
	chrI	39000	0	0.5	125
	chrI	39001	1	0.5	101
	chrI	39003	1	0.5	113
	chrI	39004	1	0.5	82
	chrI	39009	0	1.0	150
	chrI	39009	0	0.5	77
	chrI	39032	1	1.0	151
	chrI	39038	1	1.0	148
	chrI	39041	1	1.0	151
	chrI	39045	1	0.5	151
	chrI	39045	1	1.0	75
	chrI	39047	0	0.5	144
	chrI	39047	1	2.0	151
	chrI	39048	0	0.5	93
	chrI	39048	1	1.0	151
	chrI	39049	1	1.0	151
	chrI	39050	0	0.5	139
	chrI	39050	0	0.5	117
	chrI	39050	0	0.5	125
	chrI	39050	1	1.0	135
	chrI	39050	1	0.5	151
	chrI	39052	1	0.5	151
	chrI	39053	0	2.0	151
	chrI	39053	0	0.5	101
	chrI	39053	1	1.0	97
	chrI	39056	1	2.0	151
	chrI	39057	0	0.5	147
	chrI	39058	0	1.0	99
	chrI	39058	1	1.5	151
	chrI	39059	1	1.0	151
	chrI	39062	0	0.5	92
	chrI	39062	0	0.5	111
	chrI	39065	1	0.5	151
	chrI	39068	0	0.5	89
	chrI	39068	1	0.5	151
	chrI	39069	0	1.0	72
	chrI	39072	1	0.5	151
	chrI	39073	0	0.5	52
	chrI	39074	0	0.5	93
	chrI	39077	0	1.0	151
	chrI	39080	0	0.5	122
	chrI	39080	0	0.5	123
	chrI	39082	0	0.5	74
	chrI	39085	0	0.5	117
	chrI	39085	1	0.5	151
	chrI	39086	0	0.5	119
	chrI	39086	0	1.0	120
	chrI	39086	1	0.5	144
	chrI	39087	1	0.5	77
	chrI	39088	0	0.5	79
	chrI	39089	0	0.5	78
	chrI	39089	0	0.5	86
	chrI	39089	0	0.5	88
	chrI	39090	0	1.0	48
	chrI	39090	0	0.5	86
	chrI	39091	0	0.5	107
	chrI	39091	0	0.5	110
	chrI	39092	0	0.5	111
	chrI	39094	0	0.5	47
	chrI	39094	0	0.5	118
	chrI	39097	0	0.5	89
	chrI	39114	0	0.5	83
	chrI	39126	1	0.5	125
	chrI	39127	0	1.0	151
	chrI	39127	0	0.5	76
	chrI	39127	0	0.5	124
	chrI	39127	1	0.5	52
	chrI	39128	0	0.5	151
	chrI	39128	0	0.5	78
	chrI	39131	1	0.5	151
	chrI	39136	0	0.5	151
	chrI	39137	0	0.5	52
	chrI	39139	1	1.0	48
	chrI	39142	1	0.5	47
	chrI	39143	0	1.5	151
	chrI	39143	0	0.5	56
	chrI	39143	0	0.5	57
	chrI	39143	1	0.5	93
	chrI	39144	1	1.0	72
	chrI	39155	0	0.5	151
	chrI	39155	1	0.5	92
	chrI	39155	1	0.5	101
	chrI	39156	0	0.5	68
	chrI	39157	1	0.5	74
	chrI	39158	0	1.0	151
	chrI	39158	1	1.0	150
	chrI	39158	1	0.5	89
	chrI	39158	1	1.0	99
	chrI	39163	0	0.5	151
	chrI	39167	1	0.5	151
	chrI	39168	1	0.5	151
	chrI	39168	1	0.5	79
	chrI	39168	1	0.5	93
	chrI	39169	0	0.5	136
	chrI	39169	0	3.0	151
	chrI	39169	1	0.5	78
	chrI	39169	1	0.5	117
	chrI	39174	1	0.5	111
	chrI	39177	1	1.0	86
	chrI	39177	1	0.5	88
	chrI	39177	1	0.5	125
	chrI	39178	0	0.5	151
	chrI	39178	0	0.5	67
	chrI	39185	0	1.0	151
	chrI	39187	1	0.5	89
	chrI	39188	1	0.5	139
	chrI	39190	1	0.5	144
	chrI	39190	1	0.5	52
	chrI	39191	0	0.5	151
	chrI	39195	0	0.5	151
	chrI	39197	1	0.5	83
	chrI	39199	1	0.5	107
	chrI	39200	1	0.5	110
	chrI	39202	1	0.5	56
	chrI	39202	1	0.5	57
	chrI	39202	1	0.5	122
	chrI	39202	1	0.5	123
	chrI	39203	1	0.5	147
	chrI	39203	1	0.5	117
	chrI	39204	1	0.5	76
	chrI	39204	1	0.5	111
	chrI	39207	1	0.5	78
	chrI	39207	1	0.5	119
	chrI	39207	1	1.0	120
	chrI	39208	0	0.5	151
	chrI	39210	0	0.5	151
	chrI	39213	1	0.5	118
	chrI	39223	1	0.5	68
	chrI	39229	0	0.5	91
	chrI	39231	1	2.0	151
	chrI	39244	0	0.5	61
	chrI	39247	1	0.5	67
	chrI	39251	0	0.5	101
	chrI	39252	1	0.5	124
	chrI	39253	1	0.5	151
	chrI	39260	0	0.5	151
	chrI	39294	1	1.5	151
	chrI	39304	1	0.5	136
	chrI	39304	1	0.5	151
	chrI	39304	1	0.5	61
	chrI	39305	0	1.0	119
	chrI	39306	1	1.0	151
	chrI	39321	0	0.5	43
	chrI	39321	1	0.5	91
	chrI	39326	0	0.5	151
	chrI	39333	1	1.0	151
	chrI	39335	1	2.5	151
	chrI	39336	1	0.5	151
	chrI	39337	1	0.5	151
	chrI	39340	0	0.5	151
	chrI	39342	0	0.5	68
	chrI	39346	1	1.5	151
	chrI	39347	0	0.5	151
	chrI	39353	1	0.5	101
	chrI	39357	0	1.0	138
	chrI	39365	0	0.5	132
	chrI	39365	1	0.5	43
	chrI	39368	1	0.5	151
	chrI	39381	1	0.5	151
	chrI	39391	1	0.5	151
	chrI	39393	0	0.5	108
	chrI	39394	0	0.5	101
	chrI	39402	0	0.5	135
	chrI	39412	1	0.5	68
	chrI	39418	0	0.5	116
	chrI	39425	1	1.0	119
	chrI	39432	0	0.5	151
	chrI	39445	0	0.5	127
	chrI	39450	1	0.5	151
	chrI	39462	0	0.5	151
	chrI	39486	1	0.5	151
	chrI	39487	0	0.5	150
	chrI	39492	0	0.5	151
	chrI	39494	1	1.0	138
	chrI	39496	1	0.5	132
	chrI	39496	1	0.5	101
	chrI	39501	1	0.5	108
	chrI	39503	1	0.5	151
	chrI	39504	0	0.5	151
	chrI	39508	0	0.5	151
	chrI	39514	1	0.5	151
	chrI	39519	1	1.0	151
	chrI	39521	0	0.5	151
	chrI	39521	1	0.5	151
	chrI	39535	1	0.5	116
	chrI	39536	1	0.5	135
	chrI	39572	0	0.5	90
	chrI	39572	1	0.5	127
	chrI	39589	0	0.5	67
	chrI	39596	1	0.5	151
	chrI	39635	0	0.5	112
	chrI	39636	0	0.5	151
	chrI	39638	1	0.5	151
	chrI	39645	0	0.5	107
	chrI	39658	1	0.5	67
	chrI	39661	0	0.5	151
	chrI	39661	1	0.5	151
	chrI	39662	1	0.5	90
	chrI	39667	1	1.0	151
	chrI	39671	0	0.5	116
	chrI	39673	1	0.5	151
	chrI	39676	0	0.5	151
	chrI	39677	0	0.5	151
	chrI	39681	1	0.5	151
	chrI	39683	1	0.5	151
	chrI	39686	0	0.5	113
	chrI	39688	0	0.5	151
	chrI	39733	0	0.5	119
	chrI	39747	1	0.5	112
	chrI	39753	1	0.5	107
	chrI	39788	1	0.5	151
	chrI	39789	1	0.5	116
	chrI	39796	0	0.5	92
	chrI	39802	0	1.0	151
	chrI	39802	1	0.5	113
	chrI	39810	0	0.5	151
	chrI	39811	0	0.5	151
	chrI	39819	1	0.5	151
	chrI	39831	0	0.5	151
	chrI	39838	1	0.5	151
	chrI	39845	0	0.5	151
	chrI	39852	1	0.5	119
	chrI	39859	0	1.0	151
	chrI	39860	0	0.5	151
	chrI	39867	1	0.5	151
	chrI	39869	0	0.5	92
	chrI	39872	1	0.5	151
	chrI	39873	0	0.5	140
	chrI	39886	0	0.5	151
	chrI	39889	1	0.5	92
	chrI	39902	0	0.5	102
	chrI	39913	0	0.5	151
	chrI	39941	0	0.5	84
	chrI	39952	1	0.5	150
	chrI	39962	0	0.5	151
	chrI	39964	1	0.5	151
	chrI	39964	1	0.5	92
	chrI	39965	1	0.5	151
	chrI	39981	0	0.5	151
	chrI	39990	1	0.5	151
	chrI	40004	1	0.5	151
	chrI	40005	1	0.5	102
	chrI	40008	0	1.0	151
	chrI	40012	0	1.0	126
	chrI	40012	1	0.5	140
	chrI	40012	1	1.5	151
	chrI	40019	0	0.5	77
	chrI	40020	1	0.5	151
	chrI	40026	1	0.5	84
	chrI	40027	0	0.5	151
	chrI	40027	0	0.5	110
	chrI	40035	0	1.0	106
	chrI	40051	1	0.5	151
	chrI	40061	0	1.0	70
	chrI	40070	1	0.5	151
	chrI	40098	1	0.5	77
	chrI	40116	0	1.0	151
	chrI	40132	1	1.0	70
	chrI	40138	1	0.5	110
	chrI	40139	1	1.0	126
	chrI	40140	1	0.5	151
	chrI	40144	1	1.0	106
	chrI	40155	0	0.5	126
	chrI	40160	1	0.5	151
	chrI	40161	0	0.5	151
	chrI	40162	1	1.0	151
	chrI	40170	0	1.0	151
	chrI	40173	0	0.5	60
	chrI	40215	0	0.5	150
	chrI	40224	0	0.5	69
	chrI	40234	0	0.5	103
	chrI	40234	1	0.5	60
	chrI	40238	0	0.5	105
	chrI	40282	1	0.5	126
	chrI	40285	1	1.0	151
	chrI	40296	1	0.5	69
	chrI	40297	0	0.5	39
	chrI	40320	1	0.5	151
	chrI	40323	1	0.5	151
	chrI	40329	0	0.5	151
	chrI	40337	0	0.5	149
	chrI	40338	1	0.5	39
	chrI	40339	0	0.5	133
	chrI	40339	0	0.5	151
	chrI	40339	0	0.5	77
	chrI	40340	0	0.5	151
	chrI	40340	1	0.5	103
	chrI	40344	1	0.5	105
	chrI	40352	0	0.5	151
	chrI	40353	0	0.5	90
	chrI	40355	1	0.5	151
	chrI	40364	1	0.5	150
	chrI	40378	1	0.5	151
	chrI	40390	0	0.5	77
	chrI	40418	1	0.5	77
	chrI	40445	1	0.5	90
	chrI	40460	0	0.5	133
	chrI	40468	1	0.5	77
	chrI	40471	1	0.5	133
	chrI	40484	0	1.0	126
	chrI	40485	1	0.5	149
	chrI	40490	0	0.5	90
	chrI	40492	1	0.5	151
	chrI	40496	0	0.5	121
	chrI	40501	1	0.5	151
	chrI	40505	0	0.5	142
	chrI	40507	1	0.5	151
	chrI	40521	0	1.5	151
	chrI	40546	1	0.5	151
	chrI	40547	0	0.5	84
	chrI	40562	0	0.5	151
	chrI	40583	1	0.5	90
	chrI	40592	1	0.5	133
	chrI	40609	0	0.5	120
	chrI	40610	0	0.5	138
	chrI	40610	1	1.0	126
	chrI	40617	1	0.5	121
	chrI	40633	1	0.5	84
	chrI	40646	0	0.5	134
	chrI	40646	1	0.5	142
	chrI	40663	0	0.5	100
	chrI	40664	0	0.5	141
	chrI	40722	0	0.5	127
	chrI	40729	1	0.5	120
	chrI	40731	1	1.5	151
	chrI	40738	1	0.5	151
	chrI	40740	0	0.5	91
	chrI	40747	1	0.5	138
	chrI	40749	0	0.5	151
	chrI	40764	1	0.5	100
	chrI	40770	0	0.5	104
	chrI	40779	1	0.5	134
	chrI	40797	0	0.5	151
	chrI	40804	1	0.5	141
	chrI	40827	0	0.5	113
	chrI	40830	0	0.5	96
	chrI	40832	1	0.5	91
	chrI	40833	0	0.5	151
	chrI	40835	0	1.0	151
	chrI	40850	1	0.5	127
	chrI	40867	0	0.5	80
	chrI	40874	1	0.5	104
	chrI	40908	0	0.5	99
	chrI	40929	1	0.5	96
	chrI	40943	1	0.5	113
	chrI	40944	0	0.5	108
	chrI	40944	0	0.5	111
	chrI	40946	1	0.5	80
	chrI	40952	1	0.5	151
	chrI	40971	0	0.5	151
	chrI	41007	1	0.5	99
	chrI	41012	1	0.5	151
	chrI	41013	0	0.5	128
	chrI	41039	1	1.0	151
	chrI	41053	1	0.5	151
	chrI	41055	0	0.5	151
	chrI	41055	1	0.5	108
	chrI	41055	1	0.5	111
	chrI	41066	0	0.5	151
	chrI	41083	0	0.5	151
	chrI	41083	0	0.5	90
	chrI	41121	1	0.5	151
	chrI	41132	0	0.5	75
	chrI	41134	0	0.5	133
	chrI	41134	0	0.5	101
	chrI	41143	1	0.5	128
	chrI	41149	0	0.5	151
	chrI	41161	0	1.0	151
	chrI	41173	1	0.5	90
	chrI	41208	1	0.5	75
	chrI	41209	1	0.5	151
	chrI	41235	1	0.5	151
	chrI	41236	0	1.0	151
	chrI	41236	1	0.5	101
	chrI	41240	0	0.5	138
	chrI	41266	1	0.5	133
	chrI	41273	1	0.5	151
	chrI	41321	1	1.0	151
	chrI	41327	0	1.0	131
	chrI	41331	1	0.5	151
	chrI	41336	0	0.5	151
	chrI	41337	0	0.5	53
	chrI	41339	0	0.5	128
	chrI	41339	0	1.0	132
	chrI	41353	0	0.5	151
	chrI	41354	0	1.0	36
	chrI	41377	0	0.5	127
	chrI	41377	1	0.5	138
	chrI	41378	0	0.5	133
	chrI	41392	1	1.0	36
	chrI	41392	1	0.5	53
	chrI	41394	0	0.5	151
	chrI	41394	0	0.5	74
	chrI	41396	0	0.5	128
	chrI	41404	0	0.5	151
	chrI	41406	0	0.5	151
	chrI	41413	0	0.5	118
	chrI	41415	1	1.0	151
	chrI	41417	0	0.5	81
	chrI	41418	0	0.5	75
	chrI	41444	0	0.5	151
	chrI	41457	1	1.0	131
	chrI	41465	0	1.0	151
	chrI	41468	1	0.5	128
	chrI	41469	1	0.5	74
	chrI	41470	0	1.5	151
	chrI	41470	1	1.0	132
	chrI	41475	0	0.5	150
	chrI	41476	0	1.0	145
	chrI	41476	0	1.5	151
	chrI	41481	0	0.5	151
	chrI	41483	0	0.5	64
	chrI	41493	0	0.5	126
	chrI	41493	0	1.0	127
	chrI	41494	1	0.5	75
	chrI	41499	1	0.5	81
	chrI	41505	1	0.5	127
	chrI	41509	0	0.5	151
	chrI	41510	1	0.5	133
	chrI	41525	1	0.5	151
	chrI	41526	1	0.5	128
	chrI	41531	0	1.0	139
	chrI	41532	0	0.5	151
	chrI	41533	1	0.5	118
	chrI	41535	0	0.5	151
	chrI	41539	1	0.5	151
	chrI	41546	1	0.5	151
	chrI	41547	0	0.5	93
	chrI	41547	1	0.5	64
	chrI	41557	1	0.5	151
	chrI	41564	1	0.5	151
	chrI	41620	1	1.0	145
	chrI	41622	1	0.5	126
	chrI	41622	1	1.0	127
	chrI	41637	0	1.0	101
	chrI	41639	1	1.0	151
	chrI	41643	1	1.0	151
	chrI	41643	1	0.5	93
	chrI	41645	1	0.5	151
	chrI	41651	1	0.5	151
	chrI	41652	0	0.5	151
	chrI	41652	1	1.0	151
	chrI	41665	0	1.0	151
	chrI	41668	1	0.5	151
	chrI	41669	1	1.0	139
	chrI	41673	0	0.5	151
	chrI	41682	0	0.5	151
	chrI	41687	1	0.5	151
	chrI	41692	1	0.5	151
	chrI	41695	0	0.5	70
	chrI	41696	0	1.0	151
	chrI	41697	0	0.5	151
	chrI	41717	0	0.5	128
	chrI	41729	1	0.5	151
	chrI	41733	0	0.5	62
	chrI	41737	0	0.5	121
	chrI	41737	0	0.5	122
	chrI	41737	0	0.5	124
	chrI	41740	1	1.0	101
	chrI	41766	1	0.5	70
	chrI	41794	0	0.5	62
	chrI	41796	1	0.5	62
	chrI	41801	0	1.0	151
	chrI	41805	1	0.5	151
	chrI	41817	1	1.0	151
	chrI	41821	0	1.0	151
	chrI	41832	0	0.5	150
	chrI	41832	0	0.5	151
	chrI	41835	1	0.5	151
	chrI	41838	0	0.5	151
	chrI	41838	0	0.5	90
	chrI	41846	0	1.0	151
	chrI	41846	1	0.5	128
	chrI	41846	1	1.0	151
	chrI	41849	0	0.5	151
	chrI	41850	0	1.5	135
	chrI	41857	1	0.5	62
	chrI	41860	1	0.5	121
	chrI	41860	1	0.5	122
	chrI	41860	1	0.5	124
	chrI	41861	0	0.5	140
	chrI	41861	0	0.5	121
	chrI	41869	0	0.5	112
	chrI	41869	0	0.5	113
	chrI	41878	1	0.5	151
	chrI	41880	0	0.5	151
	chrI	41892	1	0.5	151
	chrI	41893	0	0.5	151
	chrI	41893	0	0.5	113
	chrI	41895	0	0.5	136
	chrI	41899	1	0.5	151
	chrI	41900	0	0.5	62
	chrI	41921	0	0.5	109
	chrI	41930	1	0.5	90
	chrI	41945	0	0.5	151
	chrI	41945	0	0.5	50
	chrI	41957	1	0.5	151
	chrI	41958	0	0.5	142
	chrI	41964	1	0.5	62
	chrI	41969	0	0.5	151
	chrI	41972	1	0.5	151
	chrI	41975	0	0.5	151
	chrI	41977	0	0.5	151
	chrI	41983	1	0.5	112
	chrI	41983	1	0.5	113
	chrI	41983	1	0.5	121
	chrI	41984	0	0.5	151
	chrI	41984	1	1.5	135
	chrI	41985	0	0.5	72
	chrI	41985	1	0.5	151
	chrI	41992	0	0.5	69
	chrI	41996	1	0.5	151
	chrI	41998	1	0.5	50
	chrI	42000	1	0.5	140
	chrI	42001	0	1.0	70
	chrI	42004	1	0.5	151
	chrI	42006	0	1.5	140
	chrI	42006	1	0.5	151
	chrI	42007	1	0.5	113
	chrI	42011	0	0.5	40
	chrI	42016	0	0.5	55
	chrI	42019	0	0.5	60
	chrI	42019	1	0.5	151
	chrI	42020	0	0.5	49
	chrI	42022	0	0.5	151
	chrI	42022	0	0.5	93
	chrI	42030	1	0.5	136
	chrI	42030	1	0.5	109
	chrI	42034	1	1.0	151
	chrI	42048	1	0.5	151
	chrI	42052	1	0.5	40
	chrI	42057	1	0.5	149
	chrI	42058	1	0.5	72
	chrI	42062	1	0.5	69
	chrI	42071	1	0.5	49
	chrI	42072	1	0.5	55
	chrI	42072	1	1.0	70
	chrI	42075	0	0.5	97
	chrI	42076	1	0.5	151
	chrI	42081	1	0.5	60
	chrI	42099	1	0.5	142
	chrI	42107	0	3.5	151
	chrI	42112	0	0.5	151
	chrI	42116	0	1.0	151
	chrI	42116	1	0.5	93
	chrI	42130	0	0.5	128
	chrI	42130	0	1.0	87
	chrI	42132	1	0.5	134
	chrI	42134	1	0.5	151
	chrI	42135	0	0.5	151
	chrI	42136	0	0.5	151
	chrI	42137	0	0.5	140
	chrI	42137	0	0.5	116
	chrI	42142	1	0.5	151
	chrI	42144	1	0.5	151
	chrI	42145	1	1.5	140
	chrI	42145	1	0.5	151
	chrI	42161	0	0.5	42
	chrI	42171	1	0.5	97
	chrI	42172	0	0.5	53
	chrI	42173	0	1.0	151
	chrI	42192	0	0.5	107
	chrI	42198	0	0.5	92
	chrI	42206	0	2.0	151
	chrI	42206	1	0.5	42
	chrI	42208	0	0.5	123
	chrI	42220	1	1.0	87
	chrI	42226	1	0.5	53
	chrI	42240	1	0.5	151
	chrI	42255	0	0.5	151
	chrI	42255	1	0.5	116
	chrI	42261	1	0.5	128
	chrI	42261	1	0.5	151
	chrI	42264	1	0.5	151
	chrI	42265	1	1.0	151
	chrI	42270	0	0.5	151
	chrI	42271	0	0.5	151
	chrI	42274	1	0.5	151
	chrI	42276	1	0.5	140
	chrI	42282	1	1.0	151
	chrI	42290	1	0.5	151
	chrI	42292	0	1.0	151
	chrI	42293	1	0.5	92
	chrI	42295	0	0.5	56
	chrI	42295	1	0.5	151
	chrI	42298	1	1.0	151
	chrI	42300	0	1.0	151
	chrI	42300	0	0.5	70
	chrI	42300	1	0.5	151
	chrI	42300	1	0.5	107
	chrI	42317	1	0.5	151
	chrI	42327	0	1.0	145
	chrI	42333	1	0.5	123
	chrI	42344	1	1.0	151
	chrI	42351	1	0.5	56
	chrI	42357	0	0.5	151
	chrI	42364	0	0.5	109
	chrI	42366	0	0.5	112
	chrI	42371	0	0.5	151
	chrI	42371	1	0.5	70
	chrI	42375	0	0.5	151
	chrI	42382	0	1.0	140
	chrI	42431	1	0.5	151
	chrI	42436	1	0.5	150
	chrI	42437	1	1.5	151
	chrI	42442	1	0.5	151
	chrI	42446	1	0.5	151
	chrI	42456	1	0.5	151
	chrI	42468	1	1.0	151
	chrI	42469	0	0.5	143
	chrI	42471	1	1.0	145
	chrI	42473	1	0.5	109
	chrI	42476	0	0.5	151
	chrI	42479	1	0.5	112
	chrI	42482	0	3.0	151
	chrI	42489	0	0.5	114
	chrI	42494	0	0.5	151
	chrI	42511	1	0.5	151
	chrI	42520	0	0.5	97
	chrI	42521	1	1.0	140
	chrI	42523	1	0.5	151
	chrI	42528	0	0.5	151
	chrI	42534	0	0.5	143
	chrI	42534	0	0.5	50
	chrI	42534	0	0.5	113
	chrI	42545	1	0.5	151
	chrI	42578	0	0.5	98
	chrI	42586	1	0.5	50
	chrI	42589	0	0.5	108
	chrI	42595	0	0.5	151
	chrI	42597	0	0.5	143
	chrI	42604	1	0.5	114
	chrI	42611	1	0.5	143
	chrI	42617	1	0.5	97
	chrI	42621	0	1.0	151
	chrI	42642	0	0.5	85
	chrI	42644	0	0.5	120
	chrI	42645	1	1.0	151
	chrI	42647	0	1.0	151
	chrI	42647	1	1.5	151
	chrI	42648	0	0.5	151
	chrI	42648	1	0.5	151
	chrI	42649	1	0.5	113
	chrI	42650	0	1.5	151
	chrI	42659	0	0.5	151
	chrI	42663	1	0.5	151
	chrI	42664	1	0.5	151
	chrI	42676	1	0.5	143
	chrI	42677	1	0.5	98
	chrI	42682	0	0.5	151
	chrI	42686	1	0.5	151
	chrI	42688	0	0.5	52
	chrI	42699	1	0.5	108
	chrI	42711	0	0.5	61
	chrI	42727	1	0.5	85
	chrI	42737	0	0.5	137
	chrI	42739	1	0.5	143
	chrI	42742	1	0.5	52
	chrI	42764	0	1.0	151
	chrI	42766	1	0.5	151
	chrI	42766	1	0.5	120
	chrI	42772	1	0.5	151
	chrI	42773	1	0.5	61
	chrI	42792	1	0.5	151
	chrI	42801	0	0.5	76
	chrI	42804	1	0.5	151
	chrI	42809	0	1.5	140
	chrI	42817	1	2.5	151
	chrI	42818	0	1.0	151
	chrI	42819	1	0.5	151
	chrI	42820	1	0.5	151
	chrI	42821	0	0.5	151
	chrI	42864	0	0.5	49
	chrI	42873	1	0.5	137
	chrI	42877	1	0.5	76
	chrI	42883	0	0.5	110
	chrI	42896	1	0.5	151
	chrI	42905	0	0.5	106
	chrI	42905	0	0.5	108
	chrI	42908	0	0.5	75
	chrI	42914	1	0.5	49
	chrI	42917	0	1.5	86
	chrI	42930	1	1.0	151
	chrI	42946	1	0.5	138
	chrI	42948	1	1.0	140
	chrI	42979	1	0.5	151
	chrI	42980	0	1.5	121
	chrI	42981	1	0.5	151
	chrI	42983	1	0.5	75
	chrI	42986	0	0.5	151
	chrI	42994	0	0.5	113
	chrI	42995	1	0.5	110
	chrI	43004	1	1.5	86
	chrI	43009	1	0.5	151
	chrI	43014	1	0.5	106
	chrI	43014	1	0.5	108
	chrI	43015	0	0.5	77
	chrI	43035	0	0.5	147
	chrI	43035	0	0.5	102
	chrI	43054	0	0.5	54
	chrI	43094	0	0.5	72
	chrI	43097	1	0.5	77
	chrI	43102	1	1.5	121
	chrI	43103	0	1.0	151
	chrI	43109	1	0.5	113
	chrI	43111	1	0.5	54
	chrI	43113	0	1.0	98
	chrI	43116	0	0.5	122
	chrI	43122	0	0.5	121
	chrI	43138	1	0.5	102
	chrI	43155	0	0.5	88
	chrI	43163	0	1.5	151
	chrI	43167	0	0.5	147
	chrI	43167	1	0.5	72
	chrI	43172	0	0.5	140
	chrI	43176	0	0.5	145
	chrI	43181	1	0.5	147
	chrI	43211	1	1.0	98
	chrI	43222	0	1.0	151
	chrI	43226	0	0.5	97
	chrI	43238	1	0.5	122
	chrI	43240	0	1.5	151
	chrI	43241	0	1.0	151
	chrI	43243	1	0.5	88
	chrI	43244	1	0.5	121
	chrI	43245	0	0.5	111
	chrI	43250	0	0.5	142
	chrI	43254	1	0.5	151
	chrI	43264	0	1.0	59
	chrI	43273	0	0.5	117
	chrI	43276	0	0.5	56
	chrI	43277	1	1.0	151
	chrI	43311	1	0.5	140
	chrI	43313	1	0.5	147
	chrI	43317	0	0.5	151
	chrI	43320	1	0.5	145
	chrI	43324	1	1.0	59
	chrI	43324	1	0.5	97
	chrI	43328	0	0.5	151
	chrI	43333	0	0.5	151
	chrI	43333	1	0.5	56
	chrI	43335	1	0.5	151
	chrI	43336	1	1.0	151
	chrI	43342	0	0.5	151
	chrI	43356	1	0.5	111
	chrI	43360	0	0.5	151
	chrI	43368	0	0.5	135
	chrI	43372	1	1.0	151
	chrI	43387	0	2.5	151
	chrI	43391	1	0.5	142
	chrI	43391	1	0.5	151
	chrI	43393	1	0.5	117
	chrI	43399	1	0.5	151
	chrI	43400	0	1.0	151
	chrI	43401	0	0.5	138
	chrI	43415	0	0.5	151
	chrI	43424	0	0.5	113
	chrI	43427	1	1.5	151
	chrI	43430	0	1.0	151
	chrI	43450	0	0.5	45
	chrI	43488	1	0.5	151
	chrI	43496	1	0.5	45
	chrI	43502	1	0.5	135
	chrI	43510	0	0.5	110
	chrI	43520	1	0.5	151
	chrI	43521	0	0.5	151
	chrI	43526	0	0.5	66
	chrI	43537	1	0.5	113
	chrI	43538	1	0.5	138
	chrI	43550	1	0.5	151
	chrI	43557	1	1.0	151
	chrI	43558	1	0.5	151
	chrI	43563	0	0.5	116
	chrI	43586	1	0.5	151
	chrI	43592	1	0.5	66
	chrI	43593	0	0.5	124
	chrI	43603	1	2.5	151
	chrI	43607	1	0.5	151
	chrI	43617	0	0.5	104
	chrI	43618	0	0.5	53
	chrI	43623	1	0.5	110
	chrI	43625	1	1.0	151
	chrI	43633	0	0.5	151
	chrI	43638	0	0.5	95
	chrI	43663	0	0.5	151
	chrI	43672	0	0.5	106
	chrI	43672	1	0.5	53
	chrI	43679	1	0.5	116
	chrI	43688	0	0.5	131
	chrI	43708	0	0.5	151
	chrI	43715	1	0.5	123
	chrI	43722	1	0.5	104
	chrI	43725	0	0.5	63
	chrI	43733	1	0.5	95
	chrI	43744	0	0.5	151
	chrI	43762	0	0.5	149
	chrI	43780	1	0.5	106
	chrI	43789	1	0.5	63
	chrI	43790	0	1.5	91
	chrI	43800	0	0.5	126
	chrI	43818	1	0.5	131
	chrI	43823	0	0.5	60
	chrI	43832	0	0.5	151
	chrI	43846	1	0.5	151
	chrI	43865	0	0.5	151
	chrI	43881	0	0.5	109
	chrI	43882	1	1.5	91
	chrI	43884	1	0.5	60
	chrI	43887	1	0.5	151
	chrI	43888	1	0.5	151
	chrI	43889	1	0.5	151
	chrI	43893	0	0.5	148
	chrI	43894	0	1.0	151
	chrI	43897	1	0.5	151
	chrI	43903	0	1.5	151
	chrI	43904	0	0.5	151
	chrI	43909	0	0.5	151
	chrI	43929	1	0.5	126
	chrI	43931	0	0.5	126
	chrI	43933	1	0.5	151
	chrI	43950	0	0.5	131
	chrI	43965	0	0.5	99
	chrI	43995	1	0.5	151
	chrI	43995	1	0.5	109
	chrI	44026	1	0.5	151
	chrI	44028	0	1.0	151
	chrI	44031	0	0.5	151
	chrI	44040	1	0.5	148
	chrI	44041	0	1.0	151
	chrI	44045	0	0.5	151
	chrI	44053	1	1.5	151
	chrI	44057	1	0.5	126
	chrI	44061	1	0.5	151
	chrI	44065	1	1.5	151
	chrI	44065	1	0.5	99
	chrI	44066	0	0.5	151
	chrI	44066	0	0.5	123
	chrI	44067	0	0.5	151
	chrI	44068	0	1.0	151
	chrI	44080	1	0.5	131
	chrI	44118	0	1.0	145
	chrI	44135	0	0.5	56
	chrI	44179	0	0.5	86
	chrI	44193	1	0.5	151
	chrI	44193	1	0.5	56
	chrI	44193	1	0.5	123
	chrI	44195	1	0.5	151
	chrI	44197	1	0.5	151
	chrI	44198	0	0.5	151
	chrI	44203	0	0.5	151
	chrI	44219	0	0.5	112
	chrI	44230	1	0.5	151
	chrI	44231	1	0.5	151
	chrI	44234	0	1.0	151
	chrI	44234	1	1.5	151
	chrI	44235	0	0.5	151
	chrI	44246	1	1.0	151
	chrI	44262	1	1.0	145
	chrI	44266	1	0.5	86
	chrI	44330	0	0.5	138
	chrI	44331	1	0.5	112
	chrI	44336	0	0.5	86
	chrI	44343	0	0.5	151
	chrI	44356	1	0.5	151
	chrI	44363	1	0.5	151
	chrI	44374	0	0.5	151
	chrI	44389	1	0.5	151
	chrI	44390	0	0.5	135
	chrI	44390	0	1.0	151
	chrI	44411	0	1.0	151
	chrI	44417	0	0.5	148
	chrI	44425	1	0.5	86
	chrI	44435	1	1.0	151
	chrI	44449	0	0.5	124
	chrI	44452	0	0.5	151
	chrI	44453	0	0.5	151
	chrI	44467	1	0.5	138
	chrI	44479	0	0.5	110
	chrI	44481	0	0.5	70
	chrI	44524	1	0.5	135
	chrI	44535	0	0.5	151
	chrI	44538	0	0.5	53
	chrI	44538	0	1.0	122
	chrI	44539	0	0.5	151
	chrI	44544	0	0.5	151
	chrI	44548	0	0.5	142
	chrI	44551	1	0.5	70
	chrI	44556	0	0.5	136
	chrI	44558	0	1.5	151
	chrI	44564	1	0.5	148
	chrI	44569	1	1.0	151
	chrI	44575	1	0.5	124
	chrI	44579	1	1.0	151
	chrI	44587	1	0.5	151
	chrI	44592	1	0.5	53
	chrI	44592	1	0.5	110
	chrI	44605	1	0.5	151
	chrI	44606	0	0.5	151
	chrI	44609	1	0.5	151
	chrI	44622	0	0.5	63
	chrI	44629	1	0.5	151
	chrI	44633	0	0.5	60
	chrI	44661	0	1.5	78
	chrI	44661	1	1.0	122
	chrI	44669	0	0.5	131
	chrI	44684	0	1.5	151
	chrI	44686	1	0.5	63
	chrI	44689	1	0.5	142
	chrI	44691	1	0.5	136
	chrI	44693	1	0.5	60
	chrI	44703	1	0.5	151
	chrI	44704	0	0.5	151
	chrI	44711	1	0.5	151
	chrI	44727	0	0.5	151
	chrI	44727	1	0.5	151
	chrI	44737	1	1.5	151
	chrI	44738	0	0.5	151
	chrI	44739	0	0.5	110
	chrI	44740	0	0.5	102
	chrI	44743	0	0.5	151
	chrI	44743	1	1.5	78
	chrI	44747	0	1.5	151
	chrI	44759	0	1.5	151
	chrI	44760	1	0.5	151
	chrI	44774	0	0.5	143
	chrI	44779	0	0.5	98
	chrI	44795	0	0.5	108
	chrI	44797	0	0.5	151
	chrI	44799	1	0.5	131
	chrI	44810	0	0.5	119
	chrI	44839	1	0.5	151
	chrI	44842	0	0.5	143
	chrI	44842	1	0.5	102
	chrI	44847	0	0.5	100
	chrI	44850	1	0.5	110
	chrI	44854	1	1.0	151
	chrI	44874	0	0.5	90
	chrI	44874	0	0.5	92
	chrI	44878	1	0.5	98
	chrI	44884	1	0.5	151
	chrI	44895	0	0.5	151
	chrI	44895	1	0.5	151
	chrI	44897	0	0.5	151
	chrI	44898	0	1.0	151
	chrI	44904	1	0.5	151
	chrI	44904	1	0.5	108
	chrI	44907	0	0.5	151
	chrI	44910	0	0.5	151
	chrI	44912	1	1.5	151
	chrI	44914	0	0.5	151
	chrI	44916	1	0.5	143
	chrI	44916	1	0.5	151
	chrI	44919	1	0.5	151
	chrI	44920	0	0.5	151
	chrI	44928	1	0.5	119
	chrI	44930	0	1.0	102
	chrI	44943	0	0.5	145
	chrI	44947	1	0.5	100
	chrI	44954	0	0.5	87
	chrI	44965	1	0.5	90
	chrI	44965	1	0.5	92
	chrI	44968	0	0.5	34
	chrI	44984	1	0.5	143
	chrI	44999	1	1.0	151
	chrI	45005	1	0.5	34
	chrI	45028	0	0.5	92
	chrI	45034	1	1.0	102
	chrI	45042	1	0.5	87
	chrI	45046	0	0.5	151
	chrI	45047	0	0.5	151
	chrI	45059	0	0.5	59
	chrI	45063	0	0.5	151
	chrI	45068	0	0.5	111
	chrI	45069	0	0.5	143
	chrI	45072	1	1.0	151
	chrI	45073	1	1.0	151
	chrI	45074	1	0.5	151
	chrI	45076	0	0.5	147
	chrI	45076	0	2.5	151
	chrI	45076	1	0.5	151
	chrI	45079	1	0.5	151
	chrI	45087	1	0.5	145
	chrI	45088	1	0.5	151
	chrI	45089	0	0.5	151
	chrI	45089	1	0.5	151
	chrI	45090	0	0.5	151
	chrI	45093	0	1.0	151
	chrI	45096	0	0.5	151
	chrI	45100	0	1.0	151
	chrI	45117	0	0.5	151
	chrI	45120	0	0.5	46
	chrI	45121	1	0.5	59
	chrI	45122	0	0.5	139
	chrI	45122	0	0.5	143
	chrI	45122	0	0.5	88
	chrI	45122	1	0.5	92
	chrI	45123	0	1.0	151
	chrI	45138	0	0.5	151
	chrI	45159	0	0.5	132
	chrI	45159	0	0.5	127
	chrI	45168	1	0.5	46
	chrI	45181	1	0.5	111
	chrI	45188	0	0.5	71
	chrI	45208	0	0.5	87
	chrI	45211	1	0.5	143
	chrI	45211	1	0.5	88
	chrI	45212	0	0.5	60
	chrI	45221	1	0.5	151
	chrI	45222	1	0.5	147
	chrI	45226	0	0.5	54
	chrI	45226	0	0.5	64
	chrI	45227	0	1.0	128
	chrI	45245	0	0.5	75
	chrI	45248	1	0.5	151
	chrI	45260	1	0.5	139
	chrI	45260	1	0.5	71
	chrI	45264	1	0.5	143
	chrI	45269	1	1.0	151
	chrI	45272	0	0.5	135
	chrI	45272	1	1.0	151
	chrI	45272	1	0.5	60
	chrI	45277	1	0.5	151
	chrI	45278	1	0.5	151
	chrI	45279	0	0.5	151
	chrI	45281	1	0.5	151
	chrI	45282	1	1.0	151
	chrI	45283	0	0.5	73
	chrI	45283	1	0.5	151
	chrI	45283	1	0.5	54
	chrI	45286	1	0.5	151
	chrI	45286	1	0.5	127
	chrI	45290	1	0.5	132
	chrI	45290	1	0.5	151
	chrI	45290	1	0.5	26
	chrI	45291	0	0.5	114
	chrI	45291	1	1.0	151
	chrI	45291	1	0.5	64
	chrI	45296	1	0.5	87
	chrI	45298	0	0.5	151
	chrI	45305	1	0.5	151
	chrI	45308	0	0.5	151
	chrI	45321	1	0.5	75
	chrI	45333	0	0.5	136
	chrI	45343	1	0.5	151
	chrI	45350	0	0.5	61
	chrI	45354	1	0.5	126
	chrI	45356	1	0.5	128
	chrI	45357	1	0.5	73
	chrI	45365	0	0.5	151
	chrI	45379	0	0.5	89
	chrI	45387	0	0.5	73
	chrI	45391	0	0.5	150
	chrI	45397	0	0.5	151
	chrI	45404	1	0.5	53
	chrI	45406	1	0.5	135
	chrI	45406	1	0.5	114
	chrI	45419	0	1.0	107
	chrI	45420	0	0.5	56
	chrI	45433	0	0.5	97
	chrI	45434	0	0.5	151
	chrI	45441	1	0.5	109
	chrI	45460	0	1.0	131
	chrI	45460	1	0.5	150
	chrI	45461	1	1.0	151
	chrI	45461	1	0.5	73
	chrI	45463	0	0.5	79
	chrI	45469	1	0.5	89
	chrI	45476	1	0.5	56
	chrI	45518	0	1.0	133
	chrI	45523	0	0.5	93
	chrI	45527	1	1.0	107
	chrI	45531	1	0.5	151
	chrI	45535	1	0.5	97
	chrI	45536	0	0.5	86
	chrI	45540	1	0.5	150
	chrI	45544	0	0.5	138
	chrI	45544	1	0.5	79
	chrI	45569	0	0.5	151
	chrI	45587	0	0.5	135
	chrI	45590	1	1.0	131
	chrI	45609	1	0.5	151
	chrI	45612	0	0.5	130
	chrI	45612	0	0.5	141
	chrI	45617	1	0.5	93
	chrI	45619	1	0.5	151
	chrI	45625	1	0.5	86
	chrI	45633	0	0.5	118
	chrI	45652	1	1.0	135
	chrI	45660	0	0.5	80
	chrI	45672	0	0.5	151
	chrI	45672	0	0.5	43
	chrI	45681	0	0.5	46
	chrI	45681	0	0.5	70
	chrI	45681	1	0.5	138
	chrI	45683	0	1.0	151
	chrI	45689	0	0.5	61
	chrI	45702	0	0.5	131
	chrI	45715	1	0.5	43
	chrI	45717	0	1.5	151
	chrI	45717	0	0.5	122
	chrI	45721	1	0.5	135
	chrI	45722	0	1.0	151
	chrI	45730	1	0.5	46
	chrI	45731	0	2.0	151
	chrI	45733	0	0.5	106
	chrI	45734	1	0.5	151
	chrI	45741	0	0.5	148
	chrI	45741	1	0.5	130
	chrI	45741	1	0.5	80
	chrI	45742	0	0.5	151
	chrI	45747	0	0.5	46
	chrI	45751	1	0.5	118
	chrI	45752	1	0.5	141
	chrI	45752	1	0.5	70
	chrI	45754	1	0.5	61
	chrI	45759	0	0.5	78
	chrI	45761	0	1.0	63
	chrI	45764	0	0.5	151
	chrI	45772	0	1.5	151
	chrI	45785	0	0.5	83
	chrI	45794	1	0.5	46
	chrI	45811	0	1.5	151
	chrI	45811	0	0.5	114
	chrI	45828	0	0.5	114
	chrI	45828	1	1.0	63
	chrI	45832	1	0.5	131
	chrI	45837	1	1.0	151
	chrI	45839	1	0.5	78
	chrI	45840	1	0.5	106
	chrI	45840	1	0.5	122
	chrI	45841	0	0.5	151
	chrI	45843	0	0.5	151
	chrI	45843	0	0.5	56
	chrI	45855	0	1.0	151
	chrI	45862	0	1.0	151
	chrI	45869	0	0.5	151
	chrI	45869	1	0.5	151
	chrI	45869	1	0.5	83
	chrI	45871	0	1.0	151
	chrI	45873	0	0.5	73
	chrI	45875	0	0.5	151
	chrI	45881	0	0.5	151
	chrI	45881	1	0.5	151
	chrI	45882	1	0.5	151
	chrI	45886	0	0.5	151
	chrI	45888	1	0.5	148
	chrI	45890	1	1.0	151
	chrI	45891	0	1.0	151
	chrI	45892	0	0.5	86
	chrI	45892	1	2.0	151
	chrI	45893	0	0.5	126
	chrI	45893	1	0.5	151
	chrI	45894	0	1.0	151
	chrI	45895	0	1.5	151
	chrI	45895	0	0.5	76
	chrI	45900	1	0.5	56
	chrI	45907	0	0.5	128
	chrI	45909	1	0.5	151
	chrI	45912	0	0.5	151
	chrI	45924	1	1.5	151
	chrI	45927	1	0.5	114
	chrI	45934	0	1.5	150
	chrI	45934	0	0.5	151
	chrI	45941	1	0.5	151
	chrI	45942	1	0.5	114
	chrI	45948	1	0.5	73
	chrI	45961	1	1.5	151
	chrI	45973	1	0.5	76
	chrI	45979	1	0.5	86
	chrI	46003	1	0.5	151
	chrI	46005	0	1.0	148
	chrI	46011	1	0.5	136
	chrI	46012	1	0.5	149
	chrI	46014	1	0.5	151
	chrI	46021	1	0.5	126
	chrI	46024	1	0.5	151
	chrI	46027	0	1.0	151
	chrI	46029	0	1.0	136
	chrI	46036	1	0.5	128
	chrI	46036	1	0.5	150
	chrI	46037	0	0.5	151
	chrI	46038	0	0.5	71
	chrI	46038	0	0.5	72
	chrI	46043	1	0.5	151
	chrI	46044	0	0.5	151
	chrI	46050	0	1.0	121
	chrI	46050	1	2.0	151
	chrI	46053	0	1.5	151
	chrI	46053	1	0.5	151
	chrI	46064	0	0.5	151
	chrI	46064	1	0.5	151
	chrI	46067	1	0.5	151
	chrI	46068	0	1.5	151
	chrI	46071	1	1.0	151
	chrI	46081	1	1.0	148
	chrI	46082	0	0.5	61
	chrI	46083	1	0.5	150
	chrI	46088	1	1.0	151
	chrI	46089	1	0.5	151
	chrI	46090	1	0.5	151
	chrI	46091	1	0.5	151
	chrI	46095	0	1.0	151
	chrI	46097	0	0.5	69
	chrI	46097	0	0.5	80
	chrI	46097	0	0.5	82
	chrI	46100	0	1.5	151
	chrI	46110	1	0.5	71
	chrI	46110	1	0.5	72
	chrI	46112	0	0.5	108
	chrI	46113	0	0.5	82
	chrI	46114	0	0.5	120
	chrI	46126	0	0.5	108
	chrI	46129	0	0.5	151
	chrI	46144	0	0.5	119
	chrI	46144	1	0.5	61
	chrI	46152	1	1.0	148
	chrI	46164	1	1.0	136
	chrI	46167	0	1.0	65
	chrI	46168	1	0.5	69
	chrI	46170	0	1.5	151
	chrI	46170	0	0.5	96
	chrI	46172	1	1.0	121
	chrI	46178	1	0.5	80
	chrI	46178	1	0.5	82
	chrI	46191	0	1.0	151
	chrI	46195	1	1.0	151
	chrI	46195	1	0.5	82
	chrI	46201	0	0.5	90
	chrI	46203	1	0.5	151
	chrI	46204	0	1.0	151
	chrI	46204	0	0.5	99
	chrI	46218	1	0.5	151
	chrI	46221	1	0.5	108
	chrI	46222	0	0.5	151
	chrI	46223	0	0.5	140
	chrI	46224	0	0.5	116
	chrI	46227	1	0.5	151
	chrI	46233	1	1.0	65
	chrI	46236	1	2.0	151
	chrI	46236	1	0.5	108
	chrI	46236	1	0.5	120
	chrI	46237	0	0.5	151
	chrI	46237	1	0.5	151
	chrI	46238	0	2.5	151
	chrI	46238	0	0.5	67
	chrI	46249	1	1.0	151
	chrI	46253	0	0.5	151
	chrI	46255	0	1.0	151
	chrI	46267	1	0.5	96
	chrI	46282	0	0.5	120
	chrI	46283	0	1.0	130
	chrI	46289	0	0.5	143
	chrI	46291	1	0.5	90
	chrI	46293	0	0.5	69
	chrI	46302	1	0.5	99
	chrI	46307	1	0.5	67
	chrI	46337	1	0.5	151
	chrI	46339	0	1.0	151
	chrI	46339	1	0.5	151
	chrI	46340	0	1.0	60
	chrI	46341	1	1.0	151
	chrI	46341	1	0.5	116
	chrI	46355	0	0.5	151
	chrI	46362	1	0.5	140
	chrI	46362	1	1.0	151
	chrI	46364	1	0.5	69
	chrI	46370	0	1.0	151
	chrI	46370	1	0.5	151
	chrI	46377	1	1.0	151
	chrI	46401	1	1.0	60
	chrI	46403	1	0.5	120
	chrI	46405	1	1.5	151
	chrI	46409	1	0.5	151
	chrI	46412	0	2.0	151
	chrI	46412	1	1.0	130
	chrI	46413	1	0.5	151
	chrI	46414	1	0.5	151
	chrI	46415	1	1.0	151
	chrI	46427	0	0.5	133
	chrI	46431	1	0.5	143
	chrI	46455	1	1.0	151
	chrI	46468	0	0.5	100
	chrI	46490	0	0.5	144
	chrI	46501	0	0.5	45
	chrI	46527	0	0.5	60
	chrI	46530	1	1.5	151
	chrI	46532	1	1.0	151
	chrI	46534	0	0.5	56
	chrI	46534	0	0.5	102
	chrI	46537	0	2.0	151
	chrI	46547	1	0.5	45
	chrI	46553	1	1.0	151
	chrI	46557	0	0.5	111
	chrI	46559	1	0.5	133
	chrI	46561	0	0.5	133
	chrI	46561	0	0.5	151
	chrI	46561	0	0.5	113
	chrI	46563	0	1.0	151
	chrI	46565	0	1.0	128
	chrI	46569	1	0.5	100
	chrI	46588	1	2.0	151
	chrI	46588	1	0.5	60
	chrI	46589	0	0.5	54
	chrI	46591	1	0.5	56
	chrI	46604	0	0.5	51
	chrI	46625	0	1.0	110
	chrI	46633	1	0.5	144
	chrI	46637	1	0.5	102
	chrI	46639	0	0.5	127
	chrI	46641	0	1.0	100
	chrI	46644	1	0.5	54
	chrI	46648	0	0.5	151
	chrI	46655	0	0.5	119
	chrI	46657	1	0.5	51
	chrI	46663	0	1.0	151
	chrI	46668	0	0.5	151
	chrI	46668	1	0.5	111
	chrI	46676	1	0.5	113
	chrI	46693	1	1.0	128
	chrI	46693	1	0.5	133
	chrI	46702	0	0.5	151
	chrI	46704	1	2.0	151
	chrI	46711	1	0.5	151
	chrI	46714	0	0.5	151
	chrI	46721	0	0.5	147
	chrI	46728	1	0.5	151
	chrI	46735	1	1.0	110
	chrI	46739	0	0.5	151
	chrI	46739	0	0.5	125
	chrI	46742	1	1.0	100
	chrI	46760	1	0.5	151
	chrI	46762	0	1.0	57
	chrI	46764	1	0.5	151
	chrI	46766	1	0.5	127
	chrI	46773	0	0.5	142
	chrI	46773	1	0.5	119
	chrI	46784	0	0.5	151
	chrI	46785	0	0.5	127
	chrI	46821	1	1.0	57
	chrI	46822	0	0.5	151
	chrI	46838	0	0.5	151
	chrI	46842	1	1.0	151
	chrI	46851	0	0.5	151
	chrI	46861	1	0.5	151
	chrI	46865	1	0.5	125
	chrI	46867	1	0.5	147
	chrI	46868	0	0.5	151
	chrI	46877	1	0.5	151
	chrI	46881	0	0.5	60
	chrI	46885	0	0.5	138
	chrI	46888	1	0.5	151
	chrI	46891	1	0.5	151
	chrI	46900	0	0.5	128
	chrI	46913	1	0.5	127
	chrI	46914	0	0.5	151
	chrI	46914	1	0.5	142
	chrI	46916	0	0.5	119
	chrI	46938	1	0.5	151
	chrI	46941	1	0.5	60
	chrI	46952	0	0.5	93
	chrI	46954	0	0.5	53
	chrI	46956	1	0.5	151
	chrI	46957	0	0.5	151
	chrI	46959	0	1.5	103
	chrI	46972	0	0.5	95
	chrI	46984	0	0.5	151
	chrI	46996	1	0.5	151
	chrI	47008	1	1.0	151
	chrI	47008	1	0.5	53
	chrI	47022	1	0.5	138
	chrI	47029	1	0.5	128
	chrI	47030	0	0.5	141
	chrI	47030	1	0.5	151
	chrI	47031	0	0.5	151
	chrI	47035	1	0.5	119
	chrI	47046	1	0.5	93
	chrI	47050	0	0.5	151
	chrI	47063	1	1.5	103
	chrI	47068	1	0.5	95
	chrI	47073	0	1.0	151
	chrI	47075	0	1.0	150
	chrI	47075	0	0.5	151
	chrI	47081	1	0.5	151
	chrI	47082	0	0.5	117
	chrI	47094	0	0.5	147
	chrI	47095	0	0.5	124
	chrI	47096	0	0.5	52
	chrI	47099	0	0.5	79
	chrI	47106	0	1.0	107
	chrI	47110	1	0.5	151
	chrI	47149	1	0.5	52
	chrI	47168	0	0.5	71
	chrI	47170	1	0.5	141
	chrI	47172	0	0.5	72
	chrI	47181	1	0.5	79
	chrI	47185	1	0.5	151
	chrI	47191	0	0.5	151
	chrI	47199	1	0.5	117
	chrI	47205	1	0.5	151
	chrI	47214	0	1.0	151
	chrI	47214	1	1.0	107
	chrI	47220	1	0.5	124
	chrI	47225	0	0.5	149
	chrI	47225	0	1.0	151
	chrI	47240	1	0.5	147
	chrI	47240	1	0.5	71
	chrI	47243	0	0.5	106
	chrI	47248	1	1.0	151
	chrI	47248	1	0.5	72
	chrI	47250	1	0.5	151
	chrI	47252	0	0.5	145
	chrI	47259	0	0.5	74
	chrI	47270	0	0.5	151
	chrI	47280	1	1.5	151
	chrI	47302	0	1.0	151
	chrI	47315	0	0.5	91
	chrI	47333	1	0.5	74
	chrI	47348	1	0.5	151
	chrI	47348	1	0.5	106
	chrI	47350	0	0.5	151
	chrI	47352	0	0.5	151
	chrI	47364	0	0.5	136
	chrI	47372	0	0.5	66
	chrI	47378	0	1.0	109
	chrI	47385	1	1.0	151
	chrI	47394	0	1.0	151
	chrI	47396	1	0.5	145
	chrI	47397	0	0.5	104
	chrI	47403	0	0.5	151
	chrI	47404	0	0.5	143
	chrI	47406	1	0.5	91
	chrI	47414	0	0.5	141
	chrI	47414	0	0.5	113
	chrI	47425	0	0.5	88
	chrI	47436	0	0.5	151
	chrI	47439	1	0.5	66
	chrI	47446	0	1.5	151
	chrI	47449	1	0.5	151
	chrI	47453	1	0.5	151
	chrI	47460	0	0.5	116
	chrI	47460	1	1.0	151
	chrI	47461	0	1.0	66
	chrI	47486	0	0.5	134
	chrI	47488	1	1.0	109
	chrI	47498	0	1.0	92
	chrI	47499	1	0.5	136
	chrI	47504	0	0.5	128
	chrI	47504	0	0.5	122
	chrI	47504	1	0.5	104
	chrI	47514	1	0.5	88
	chrI	47519	1	0.5	151
	chrI	47528	1	1.0	66
	chrI	47528	1	0.5	113
	chrI	47537	0	0.5	96
	chrI	47537	1	0.5	151
	chrI	47538	0	0.5	148
	chrI	47542	0	0.5	151
	chrI	47546	1	0.5	143
	chrI	47549	1	1.0	151
	chrI	47554	1	0.5	141
	chrI	47554	1	0.5	151
	chrI	47555	0	1.0	151
	chrI	47563	0	0.5	122
	chrI	47579	1	0.5	116
	chrI	47588	1	0.5	151
	chrI	47593	1	1.0	92
	chrI	47612	1	1.5	151
	chrI	47619	1	0.5	134
	chrI	47623	0	0.5	80
	chrI	47631	1	0.5	128
	chrI	47631	1	0.5	126
	chrI	47634	1	0.5	96
	chrI	47652	0	0.5	101
	chrI	47656	0	0.5	102
	chrI	47660	0	1.0	143
	chrI	47679	0	0.5	135
	chrI	47682	0	0.5	118
	chrI	47685	1	0.5	148
	chrI	47686	1	0.5	122
	chrI	47688	0	1.0	136
	chrI	47691	0	1.0	151
	chrI	47693	0	0.5	100
	chrI	47697	1	0.5	151
	chrI	47698	0	0.5	131
	chrI	47699	0	1.0	151
	chrI	47700	0	0.5	85
	chrI	47700	0	0.5	110
	chrI	47701	0	0.5	151
	chrI	47704	1	0.5	80
	chrI	47744	1	1.0	151
	chrI	47750	1	1.5	151
	chrI	47754	1	0.5	101
	chrI	47757	0	0.5	109
	chrI	47759	1	0.5	102
	chrI	47785	1	0.5	85
	chrI	47786	0	0.5	46
	chrI	47793	1	0.5	100
	chrI	47801	1	0.5	118
	chrI	47802	1	1.0	143
	chrI	47810	1	0.5	110
	chrI	47813	1	0.5	135
	chrI	47823	1	1.0	136
	chrI	47828	1	0.5	131
	chrI	47834	1	0.5	46
	chrI	47854	0	0.5	85
	chrI	47855	1	2.0	151
	chrI	47863	0	0.5	151
	chrI	47864	1	0.5	151
	chrI	47868	1	0.5	109
	chrI	47886	0	0.5	88
	chrI	47933	0	0.5	141
	chrI	47935	0	0.5	82
	chrI	47940	1	0.5	85
	chrI	47953	0	0.5	151
	chrI	47975	1	0.5	88
	chrI	47995	0	0.5	84
	chrI	47996	0	0.5	106
	chrI	48008	0	0.5	46
	chrI	48017	1	0.5	82
	chrI	48024	0	1.0	82
	chrI	48043	0	0.5	151
	chrI	48046	1	0.5	151
	chrI	48055	1	0.5	46
	chrI	48073	1	0.5	141
	chrI	48074	0	0.5	60
	chrI	48080	1	0.5	84
	chrI	48103	1	0.5	106
	chrI	48107	1	1.0	82
	chrI	48109	0	1.0	146
	chrI	48127	1	0.5	151
	chrI	48130	0	0.5	151
	chrI	48130	0	0.5	116
	chrI	48136	1	0.5	60
	chrI	48144	0	0.5	151
	chrI	48156	0	0.5	99
	chrI	48172	0	0.5	122
	chrI	48182	0	1.0	60
	chrI	48190	0	0.5	151
	chrI	48190	0	1.0	124
	chrI	48191	0	0.5	151
	chrI	48199	1	0.5	151
	chrI	48228	1	1.0	47
	chrI	48235	1	0.5	78
	chrI	48247	1	0.5	116
	chrI	48254	1	1.0	146
	chrI	48274	0	0.5	89
	chrI	48293	1	0.5	122
	chrI	48294	0	0.5	139
	chrI	48304	1	0.5	151
	chrI	48309	0	0.5	48
	chrI	48311	0	1.0	126
	chrI	48311	0	0.5	127
	chrI	48311	1	0.5	120
	chrI	48312	1	0.5	121
	chrI	48313	0	0.5	85
	chrI	48313	1	0.5	151
	chrI	48323	0	0.5	115
	chrI	48324	0	0.5	93
	chrI	48325	0	0.5	142
	chrI	48325	0	0.5	150
	chrI	48325	0	1.0	68
	chrI	48325	0	0.5	103
	chrI	48329	0	0.5	75
	chrI	48330	0	0.5	146
	chrI	48337	0	2.0	91
	chrI	48341	0	0.5	145
	chrI	48341	0	0.5	151
	chrI	48341	0	0.5	95
	chrI	48349	0	1.5	151
	chrI	48349	0	0.5	80
	chrI	48349	1	0.5	151
	chrI	48351	0	0.5	124
	chrI	48353	1	0.5	151
	chrI	48358	0	0.5	111
	chrI	48358	1	0.5	48
	chrI	48364	1	0.5	89
	chrI	48377	0	0.5	55
	chrI	48390	0	0.5	48
	chrI	48395	0	0.5	58
	chrI	48396	1	1.0	68
	chrI	48399	1	0.5	85
	chrI	48401	0	1.0	116
	chrI	48405	1	0.5	75
	chrI	48408	0	0.5	110
	chrI	48409	0	0.5	108
	chrI	48419	1	0.5	93
	chrI	48421	0	1.0	151
	chrI	48429	0	0.5	151
	chrI	48429	1	0.5	103
	chrI	48430	0	0.5	151
	chrI	48430	1	0.5	80
	chrI	48430	1	2.0	91
	chrI	48432	1	0.5	139
	chrI	48434	1	0.5	55
	chrI	48436	0	0.5	151
	chrI	48439	1	0.5	95
	chrI	48440	1	0.5	48
	chrI	48440	1	0.5	115
	chrI	48440	1	1.0	126
	chrI	48441	1	0.5	127
	chrI	48443	0	0.5	61
	chrI	48454	1	0.5	58
	chrI	48461	0	0.5	92
	chrI	48466	1	0.5	142
	chrI	48468	1	0.5	111
	chrI	48474	1	0.5	150
	chrI	48475	0	1.0	151
	chrI	48475	1	0.5	146
	chrI	48475	1	0.5	124
	chrI	48476	0	0.5	151
	chrI	48480	0	1.0	112
	chrI	48485	1	0.5	145
	chrI	48492	0	0.5	83
	chrI	48500	0	0.5	151
	chrI	48505	1	1.5	151
	chrI	48505	1	0.5	61
	chrI	48507	0	0.5	144
	chrI	48507	1	0.5	151
	chrI	48513	0	0.5	98
	chrI	48518	1	0.5	108
	chrI	48518	1	0.5	110
	chrI	48518	1	1.0	116
	chrI	48553	0	0.5	151
	chrI	48553	1	0.5	92
	chrI	48559	0	1.0	151
	chrI	48560	0	1.5	151
	chrI	48576	1	1.0	151
	chrI	48576	1	0.5	83
	chrI	48593	1	1.0	112
	chrI	48605	0	0.5	151
	chrI	48610	1	1.0	151
	chrI	48612	1	0.5	98
	chrI	48614	0	0.5	151
	chrI	48624	0	0.5	151
	chrI	48630	0	0.5	137
	chrI	48632	1	0.5	151
	chrI	48648	1	0.5	151
	chrI	48650	1	0.5	144
	chrI	48657	1	0.5	151
	chrI	48660	0	0.5	151
	chrI	48661	0	0.5	146
	chrI	48666	0	0.5	151
	chrI	48676	0	0.5	151
	chrI	48676	0	0.5	51
	chrI	48693	0	0.5	151
	chrI	48707	1	0.5	151
	chrI	48727	1	1.0	151
	chrI	48728	1	0.5	51
	chrI	48729	1	1.5	151
	chrI	48732	0	1.0	151
	chrI	48732	0	0.5	89
	chrI	48732	0	1.0	112
	chrI	48749	0	0.5	146
	chrI	48751	0	0.5	71
	chrI	48763	0	1.0	45
	chrI	48766	1	0.5	137
	chrI	48767	1	0.5	151
	chrI	48770	0	0.5	75
	chrI	48776	0	0.5	133
	chrI	48780	1	0.5	151
	chrI	48786	0	0.5	123
	chrI	48793	1	0.5	151
	chrI	48795	0	0.5	89
	chrI	48795	0	0.5	99
	chrI	48795	0	0.5	111
	chrI	48795	0	0.5	115
	chrI	48797	0	0.5	151
	chrI	48806	1	0.5	146
	chrI	48809	0	1.0	134
	chrI	48810	1	1.0	45
	chrI	48821	1	0.5	89
	chrI	48823	1	0.5	71
	chrI	48825	1	0.5	151
	chrI	48826	0	0.5	151
	chrI	48829	1	1.0	151
	chrI	48836	0	0.5	80
	chrI	48839	0	0.5	115
	chrI	48845	1	0.5	151
	chrI	48846	1	0.5	151
	chrI	48846	1	0.5	75
	chrI	48846	1	1.0	112
	chrI	48874	0	0.5	101
	chrI	48887	1	0.5	89
	chrI	48894	1	0.5	146
	chrI	48895	1	1.0	151
	chrI	48895	1	0.5	99
	chrI	48908	0	0.5	150
	chrI	48908	1	0.5	133
	chrI	48908	1	0.5	111
	chrI	48910	1	0.5	123
	chrI	48913	1	0.5	115
	chrI	48916	0	0.5	54
	chrI	48918	0	0.5	151
	chrI	48918	1	0.5	80
	chrI	48936	0	0.5	151
	chrI	48942	0	0.5	118
	chrI	48942	1	1.0	134
	chrI	48942	1	0.5	151
	chrI	48943	0	0.5	151
	chrI	48943	0	0.5	119
	chrI	48946	0	0.5	151
	chrI	48953	0	0.5	151
	chrI	48954	1	0.5	115
	chrI	48964	1	0.5	151
	chrI	48973	1	0.5	54
	chrI	48976	1	0.5	101
	chrI	48978	0	0.5	150
	chrI	48991	0	0.5	70
	chrI	48993	0	0.5	136
	chrI	49003	0	0.5	151
	chrI	49017	0	1.0	151
	chrI	49040	0	0.5	110
	chrI	49061	1	0.5	151
	chrI	49061	1	0.5	118
	chrI	49064	1	0.5	119
	chrI	49065	1	0.5	70
	chrI	49067	0	0.5	133
	chrI	49067	0	0.5	125
	chrI	49076	1	0.5	151
	chrI	49082	0	1.0	103
	chrI	49087	0	2.0	119
	chrI	49090	1	0.5	151
	chrI	49091	0	0.5	58
	chrI	49096	0	0.5	100
	chrI	49112	1	0.5	151
	chrI	49119	0	0.5	106
	chrI	49119	0	0.5	107
	chrI	49127	1	0.5	150
	chrI	49128	0	0.5	151
	chrI	49128	1	0.5	136
	chrI	49128	1	1.0	151
	chrI	49130	0	1.0	151
	chrI	49131	0	0.5	151
	chrI	49150	1	0.5	58
	chrI	49151	1	0.5	110
	chrI	49165	0	0.5	151
	chrI	49167	1	1.0	151
	chrI	49168	0	0.5	151
	chrI	49186	1	0.5	151
	chrI	49186	1	1.0	103
	chrI	49187	0	0.5	151
	chrI	49194	1	0.5	125
	chrI	49195	1	0.5	151
	chrI	49197	1	0.5	100
	chrI	49199	1	0.5	133
	chrI	49200	0	0.5	135
	chrI	49202	0	0.5	151
	chrI	49207	1	2.0	119
	chrI	49213	0	0.5	126
	chrI	49221	0	1.0	40
	chrI	49222	0	0.5	145
	chrI	49226	1	0.5	106
	chrI	49226	1	0.5	107
	chrI	49235	0	0.5	151
	chrI	49238	0	0.5	92
	chrI	49239	0	0.5	141
	chrI	49262	1	1.0	40
	chrI	49281	1	0.5	151
	chrI	49282	0	0.5	131
	chrI	49282	0	0.5	151
	chrI	49298	1	1.0	151
	chrI	49301	0	0.5	89
	chrI	49301	0	0.5	126
	chrI	49316	0	0.5	151
	chrI	49316	1	0.5	151
	chrI	49317	0	1.0	138
	chrI	49318	0	0.5	151
	chrI	49321	1	0.5	151
	chrI	49333	1	0.5	92
	chrI	49334	1	0.5	135
	chrI	49336	0	1.0	151
	chrI	49340	1	0.5	126
	chrI	49354	0	0.5	141
	chrI	49354	1	1.0	151
	chrI	49365	1	0.5	151
	chrI	49366	1	0.5	145
	chrI	49367	0	1.0	151
	chrI	49379	1	0.5	141
	chrI	49391	1	0.5	89
	chrI	49402	0	1.0	151
	chrI	49406	0	0.5	151
	chrI	49407	1	0.5	151
	chrI	49412	1	0.5	131
	chrI	49417	0	0.5	139
	chrI	49428	1	0.5	126
	chrI	49454	1	1.0	138
	chrI	49455	1	0.5	151
	chrI	49467	0	0.5	151
	chrI	49472	1	0.5	151
	chrI	49475	1	0.5	151
	chrI	49489	0	0.5	112
	chrI	49492	1	1.0	151
	chrI	49494	1	0.5	141
	chrI	49498	0	1.0	151
	chrI	49507	0	0.5	92
	chrI	49524	0	0.5	114
	chrI	49553	0	0.5	65
	chrI	49555	1	0.5	139
	chrI	49577	1	1.0	151
	chrI	49581	1	0.5	151
	chrI	49600	1	0.5	92
	chrI	49602	1	0.5	112
	chrI	49610	1	0.5	148
	chrI	49613	1	0.5	151
	chrI	49621	1	0.5	65
	chrI	49639	1	0.5	114
	chrI	49644	0	0.5	139
	chrI	49646	0	0.5	151
	chrI	49651	1	0.5	151
	chrI	49653	1	0.5	151
	chrI	49670	1	0.5	151
	chrI	49676	0	0.5	91
	chrI	49683	0	0.5	50
	chrI	49686	0	0.5	44
	chrI	49693	0	0.5	107
	chrI	49711	0	0.5	151
	chrI	49730	1	0.5	44
	chrI	49734	1	0.5	50
	chrI	49750	0	0.5	145
	chrI	49761	0	0.5	111
	chrI	49767	1	0.5	91
	chrI	49774	0	0.5	99
	chrI	49782	1	0.5	139
	chrI	49793	0	0.5	151
	chrI	49795	0	0.5	94
	chrI	49802	1	0.5	107
	chrI	49803	0	0.5	151
	chrI	49824	0	0.5	128
	chrI	49850	0	0.5	56
	chrI	49850	0	0.5	84
	chrI	49873	1	0.5	111
	chrI	49874	1	0.5	99
	chrI	49877	0	0.5	72
	chrI	49886	1	0.5	151
	chrI	49891	1	0.5	94
	chrI	49894	1	0.5	145
	chrI	49906	0	1.0	151
	chrI	49909	1	0.5	56
	chrI	49935	1	0.5	84
	chrI	49946	0	1.0	151
	chrI	49950	1	0.5	72
	chrI	49954	1	0.5	128
	chrI	49963	1	0.5	151
	chrI	49968	0	0.5	46
	chrI	49968	1	0.5	151
	chrI	49997	0	0.5	151
	chrI	50017	1	0.5	46
	chrI	50044	0	1.0	110
	chrI	50049	0	0.5	151
	chrI	50056	0	0.5	147
	chrI	50064	1	1.0	151
	chrI	50066	0	0.5	145
	chrI	50072	0	0.5	151
	chrI	50080	0	0.5	151
	chrI	50084	0	1.5	151
	chrI	50106	0	0.5	50
	chrI	50106	1	1.0	151
	chrI	50153	0	0.5	93
	chrI	50153	1	0.5	151
	chrI	50154	1	1.0	110
	chrI	50158	1	0.5	50
	chrI	50161	1	0.5	151
	chrI	50178	0	0.5	151
	chrI	50202	1	0.5	147
	chrI	50203	0	0.5	149
	chrI	50210	1	0.5	145
	chrI	50210	1	0.5	151
	chrI	50233	1	0.5	151
	chrI	50242	1	2.0	151
	chrI	50248	1	0.5	93
	chrI	50255	0	0.5	151
	chrI	50274	0	0.5	151
	chrI	50280	0	0.5	151
	chrI	50283	0	0.5	150
	chrI	50295	0	0.5	52
	chrI	50310	0	0.5	126
	chrI	50319	0	1.0	115
	chrI	50341	1	0.5	151
	chrI	50346	0	1.0	97
	chrI	50349	1	0.5	52
	chrI	50351	1	0.5	149
	chrI	50352	0	1.0	138
	chrI	50355	0	0.5	151
	chrI	50410	0	0.5	148
	chrI	50414	0	1.0	111
	chrI	50425	1	0.5	151
	chrI	50429	0	0.5	151
	chrI	50431	1	0.5	151
	chrI	50432	1	0.5	150
	chrI	50435	1	0.5	151
	chrI	50435	1	1.0	115
	chrI	50436	1	0.5	126
	chrI	50445	1	1.0	97
	chrI	50447	0	0.5	151
	chrI	50489	1	1.0	138
	chrI	50496	0	0.5	150
	chrI	50498	0	0.5	151
	chrI	50526	1	0.5	151
	chrI	50529	1	1.0	111
	chrI	50531	0	0.5	151
	chrI	50536	0	0.5	128
	chrI	50543	0	0.5	106
	chrI	50546	0	0.5	151
	chrI	50548	0	0.5	147
	chrI	50557	1	0.5	148
	chrI	50581	1	0.5	151
	chrI	50593	0	0.5	151
	chrI	50595	0	0.5	144
	chrI	50607	0	0.5	151
	chrI	50612	0	0.5	151
	chrI	50614	0	1.0	151
	chrI	50620	0	0.5	151
	chrI	50630	1	0.5	151
	chrI	50635	0	0.5	151
	chrI	50645	1	0.5	150
	chrI	50651	1	0.5	106
	chrI	50660	0	0.5	108
	chrI	50666	1	0.5	128
	chrI	50666	1	0.5	151
	chrI	50689	0	1.0	151
	chrI	50695	0	0.5	104
	chrI	50704	1	0.5	151
	chrI	50706	0	0.5	135
	chrI	50713	1	0.5	151
	chrI	50735	0	0.5	151
	chrI	50751	0	1.0	151
	chrI	50751	0	0.5	105
	chrI	50756	0	1.5	133
	chrI	50765	0	0.5	151
	chrI	50769	1	0.5	108
	chrI	50775	0	0.5	117
	chrI	50780	1	0.5	151
	chrI	50783	0	0.5	151
	chrI	50786	0	1.0	132
	chrI	50786	1	0.5	151
	chrI	50788	1	0.5	151
	chrI	50789	1	1.0	151
	chrI	50795	1	0.5	151
	chrI	50796	1	0.5	151
	chrI	50802	1	0.5	104
	chrI	50807	0	0.5	151
	chrI	50812	0	0.5	151
	chrI	50828	1	0.5	151
	chrI	50840	1	0.5	135
	chrI	50851	1	0.5	151
	chrI	50855	0	0.5	151
	chrI	50857	1	0.5	105
	chrI	50862	0	0.5	151
	chrI	50868	0	0.5	132
	chrI	50887	1	0.5	151
	chrI	50888	1	1.5	133
	chrI	50894	1	0.5	117
	chrI	50897	1	0.5	151
	chrI	50898	1	0.5	151
	chrI	50901	1	1.0	151
	chrI	50908	0	0.5	92
	chrI	50915	0	0.5	151
	chrI	50917	1	1.0	132
	chrI	50920	0	0.5	151
	chrI	50939	1	0.5	151
	chrI	50947	0	0.5	47
	chrI	50948	0	0.5	116
	chrI	50948	0	0.5	118
	chrI	50955	0	0.5	127
	chrI	50956	0	0.5	151
	chrI	50959	0	0.5	101
	chrI	50988	1	0.5	151
	chrI	50995	1	0.5	47
	chrI	50999	1	0.5	132
	chrI	51000	1	0.5	151
	chrI	51002	1	0.5	92
	chrI	51005	0	0.5	151
	chrI	51012	1	0.5	151
	chrI	51015	0	1.5	140
	chrI	51015	0	0.5	151
	chrI	51015	0	0.5	120
	chrI	51023	0	0.5	67
	chrI	51034	0	0.5	48
	chrI	51040	1	0.5	151
	chrI	51051	0	0.5	151
	chrI	51060	1	0.5	151
	chrI	51060	1	0.5	101
	chrI	51061	0	1.5	151
	chrI	51067	1	0.5	116
	chrI	51067	1	0.5	118
	chrI	51073	1	0.5	151
	chrI	51085	1	0.5	48
	chrI	51085	1	0.5	127
	chrI	51091	1	0.5	67
	chrI	51107	0	0.5	48
	chrI	51114	0	0.5	151
	chrI	51114	0	0.5	46
	chrI	51125	0	0.5	61
	chrI	51127	1	0.5	151
	chrI	51136	1	0.5	120
	chrI	51137	0	0.5	119
	chrI	51142	0	0.5	56
	chrI	51154	1	1.5	140
	chrI	51156	0	0.5	151
	chrI	51157	1	0.5	48
	chrI	51158	1	0.5	151
	chrI	51159	0	0.5	151
	chrI	51161	1	0.5	46
	chrI	51169	0	0.5	68
	chrI	51176	0	1.5	151
	chrI	51186	1	0.5	151
	chrI	51187	0	1.0	151
	chrI	51187	1	0.5	61
	chrI	51189	0	1.0	151
	chrI	51198	1	0.5	56
	chrI	51217	1	1.5	151
	chrI	51220	0	1.0	151
	chrI	51221	0	1.5	151
	chrI	51240	1	0.5	68
	chrI	51252	1	0.5	151
	chrI	51258	0	0.5	89
	chrI	51258	1	0.5	119
	chrI	51272	0	0.5	141
	chrI	51272	0	0.5	150
	chrI	51272	0	0.5	151
	chrI	51273	0	0.5	94
	chrI	51288	1	0.5	151
	chrI	51295	0	1.0	151
	chrI	51315	1	0.5	151
	chrI	51316	0	0.5	112
	chrI	51317	0	0.5	151
	chrI	51328	0	0.5	151
	chrI	51334	1	0.5	151
	chrI	51335	0	1.0	143
	chrI	51335	0	0.5	74
	chrI	51341	1	1.5	151
	chrI	51344	0	0.5	134
	chrI	51345	1	1.0	151
	chrI	51347	1	0.5	89
	chrI	51348	1	1.0	151
	chrI	51350	0	0.5	138
	chrI	51350	1	0.5	151
	chrI	51361	0	0.5	79
	chrI	51369	1	0.5	94
	chrI	51372	0	0.5	73
	chrI	51385	0	1.0	151
	chrI	51391	0	0.5	79
	chrI	51392	1	1.5	151
	chrI	51411	1	0.5	74
	chrI	51412	0	0.5	90
	chrI	51412	1	0.5	141
	chrI	51413	0	0.5	151
	chrI	51413	1	1.0	151
	chrI	51419	0	0.5	58
	chrI	51421	1	0.5	150
	chrI	51428	1	0.5	112
	chrI	51431	0	0.5	103
	chrI	51431	0	0.5	104
	chrI	51441	1	0.5	79
	chrI	51446	1	0.5	73
	chrI	51447	0	0.5	138
	chrI	51459	1	0.5	151
	chrI	51469	0	0.5	80
	chrI	51469	0	0.5	81
	chrI	51471	0	0.5	151
	chrI	51473	1	0.5	79
	chrI	51476	1	0.5	150
	chrI	51476	1	0.5	58
	chrI	51477	1	0.5	134
	chrI	51477	1	1.0	143
	chrI	51478	0	0.5	124
	chrI	51478	0	0.5	126
	chrI	51487	1	0.5	138
	chrI	51489	0	0.5	92
	chrI	51489	1	1.0	151
	chrI	51492	1	0.5	151
	chrI	51493	0	1.0	151
	chrI	51504	1	0.5	90
	chrI	51534	0	0.5	93
	chrI	51534	0	0.5	94
	chrI	51535	1	0.5	103
	chrI	51535	1	0.5	104
	chrI	51550	1	0.5	80
	chrI	51551	1	0.5	80
	chrI	51572	0	0.5	151
	chrI	51578	1	0.5	151
	chrI	51581	1	0.5	92
	chrI	51584	1	0.5	138
	chrI	51603	0	0.5	151
	chrI	51603	1	0.5	124
	chrI	51603	1	0.5	126
	chrI	51614	0	0.5	151
	chrI	51623	0	0.5	138
	chrI	51623	0	0.5	151
	chrI	51626	1	1.0	151
	chrI	51627	1	0.5	93
	chrI	51627	1	0.5	94
	chrI	51630	0	0.5	112
	chrI	51634	0	0.5	151
	chrI	51646	1	0.5	151
	chrI	51649	0	0.5	151
	chrI	51649	1	0.5	151
	chrI	51653	0	0.5	143
	chrI	51653	0	1.5	151
	chrI	51661	0	0.5	128
	chrI	51661	0	0.5	144
	chrI	51671	0	0.5	151
	chrI	51675	0	0.5	127
	chrI	51675	1	0.5	151
	chrI	51718	0	0.5	118
	chrI	51722	0	0.5	134
	chrI	51729	0	0.5	59
	chrI	51733	0	0.5	121
	chrI	51734	1	0.5	151
	chrI	51745	1	0.5	112
	chrI	51758	0	0.5	151
	chrI	51760	1	0.5	138
	chrI	51761	0	0.5	123
	chrI	51762	0	0.5	104
	chrI	51788	1	0.5	128
	chrI	51789	1	0.5	59
	chrI	51790	1	0.5	151
	chrI	51795	1	0.5	143
	chrI	51796	0	0.5	61
	chrI	51804	1	0.5	144
	chrI	51804	1	0.5	151
	chrI	51804	1	0.5	127
	chrI	51808	1	1.0	151
	chrI	51811	1	0.5	151
	chrI	51823	0	1.0	151
	chrI	51823	0	0.5	78
	chrI	51825	0	0.5	151
	chrI	51826	0	0.5	75
	chrI	51832	0	0.5	135
	chrI	51836	0	0.5	151
	chrI	51836	1	1.5	151
	chrI	51837	0	1.5	151
	chrI	51837	1	0.5	118
	chrI	51841	0	0.5	134
	chrI	51841	0	0.5	88
	chrI	51852	0	0.5	147
	chrI	51855	1	0.5	134
	chrI	51856	0	0.5	151
	chrI	51857	1	0.5	121
	chrI	51858	1	0.5	61
	chrI	51866	1	0.5	104
	chrI	51886	1	0.5	123
	chrI	51889	0	0.5	96
	chrI	51896	1	0.5	151
	chrI	51903	1	0.5	75
	chrI	51903	1	0.5	78
	chrI	51918	0	0.5	116
	chrI	51918	0	0.5	117
	chrI	51930	1	0.5	88
	chrI	51946	0	0.5	45
	chrI	51966	1	0.5	135
	chrI	51974	1	0.5	134
	chrI	51986	1	0.5	151
	chrI	51988	1	0.5	96
	chrI	51991	1	0.5	151
	chrI	51992	1	0.5	151
	chrI	51992	1	0.5	45
	chrI	51996	0	0.5	151
	chrI	51998	0	1.0	151
	chrI	51998	1	0.5	147
	chrI	52004	1	1.0	151
	chrI	52009	0	0.5	96
	chrI	52009	1	1.0	151
	chrI	52012	0	0.5	141
	chrI	52015	0	0.5	94
	chrI	52027	0	0.5	151
	chrI	52027	1	0.5	151
	chrI	52035	0	0.5	96
	chrI	52035	1	0.5	116
	chrI	52035	1	0.5	117
	chrI	52041	0	1.0	151
	chrI	52053	0	0.5	151
	chrI	52083	0	1.0	145
	chrI	52105	1	0.5	96
	chrI	52108	0	0.5	46
	chrI	52109	1	0.5	94
	chrI	52130	1	0.5	96
	chrI	52139	0	1.0	111
	chrI	52152	1	0.5	141
	chrI	52155	1	0.5	46
	chrI	52170	1	1.0	151
	chrI	52173	1	0.5	151
	chrI	52175	1	0.5	151
	chrI	52176	0	0.5	151
	chrI	52178	0	1.5	151
	chrI	52204	0	0.5	81
	chrI	52204	0	0.5	82
	chrI	52211	0	0.5	151
	chrI	52211	0	1.0	74
	chrI	52219	1	0.5	151
	chrI	52224	1	0.5	151
	chrI	52227	1	1.0	145
	chrI	52251	0	0.5	108
	chrI	52253	1	1.0	111
	chrI	52270	0	0.5	151
	chrI	52287	1	1.0	74
	chrI	52287	1	0.5	81
	chrI	52287	1	0.5	82
	chrI	52333	0	0.5	90
	chrI	52345	1	1.5	151
	chrI	52346	1	0.5	151
	chrI	52360	1	0.5	108
	chrI	52364	0	0.5	46
	chrI	52365	0	0.5	143
	chrI	52365	1	1.5	151
	chrI	52411	1	0.5	46
	chrI	52423	1	0.5	90
	chrI	52434	0	0.5	150
	chrI	52499	0	1.0	151
	chrI	52499	0	0.5	122
	chrI	52500	0	1.0	151
	chrI	52506	0	1.0	151
	chrI	52507	0	0.5	151
	chrI	52507	1	0.5	143
	chrI	52510	0	0.5	151
	chrI	52522	0	0.5	151
	chrI	52528	1	0.5	151
	chrI	52535	0	1.5	151
	chrI	52542	0	0.5	137
	chrI	52560	0	0.5	65
	chrI	52563	0	0.5	144
	chrI	52564	0	1.0	151
	chrI	52567	0	0.5	59
	chrI	52583	1	0.5	150
	chrI	52590	0	0.5	98
	chrI	52606	0	0.5	77
	chrI	52622	1	0.5	122
	chrI	52626	1	0.5	65
	chrI	52629	1	0.5	59
	chrI	52645	0	0.5	97
	chrI	52651	1	1.0	151
	chrI	52658	0	0.5	53
	chrI	52661	0	0.5	136
	chrI	52665	1	0.5	151
	chrI	52670	0	1.0	125
	chrI	52675	0	0.5	67
	chrI	52677	1	1.0	151
	chrI	52678	1	0.5	137
	chrI	52678	1	0.5	151
	chrI	52679	0	0.5	71
	chrI	52679	0	1.0	76
	chrI	52679	0	0.5	97
	chrI	52685	1	0.5	77
	chrI	52686	0	0.5	69
	chrI	52687	0	0.5	91
	chrI	52689	1	1.0	151
	chrI	52689	1	0.5	98
	chrI	52690	0	0.5	65
	chrI	52693	1	0.5	151
	chrI	52695	0	0.5	81
	chrI	52696	0	0.5	61
	chrI	52696	0	0.5	117
	chrI	52706	1	0.5	144
	chrI	52709	0	1.0	94
	chrI	52714	1	0.5	53
	chrI	52719	0	1.0	77
	chrI	52719	1	0.5	151
	chrI	52725	0	0.5	51
	chrI	52730	0	0.5	145
	chrI	52731	0	0.5	60
	chrI	52743	1	0.5	67
	chrI	52744	1	0.5	97
	chrI	52745	0	0.5	149
	chrI	52745	0	0.5	151
	chrI	52746	0	0.5	151
	chrI	52751	1	0.5	71
	chrI	52752	1	0.5	151
	chrI	52757	1	0.5	64
	chrI	52758	1	0.5	69
	chrI	52758	1	1.0	76
	chrI	52759	1	0.5	61
	chrI	52760	0	1.0	151
	chrI	52760	0	0.5	93
	chrI	52764	0	1.0	151
	chrI	52774	0	0.5	151
	chrI	52778	1	1.5	151
	chrI	52778	1	0.5	81
	chrI	52778	1	0.5	97
	chrI	52779	1	0.5	51
	chrI	52779	1	0.5	91
	chrI	52782	0	1.0	151
	chrI	52783	0	0.5	141
	chrI	52783	0	0.5	151
	chrI	52784	0	0.5	151
	chrI	52794	1	0.5	60
	chrI	52796	1	0.5	136
	chrI	52796	1	1.0	77
	chrI	52796	1	1.0	125
	chrI	52798	0	0.5	151
	chrI	52803	1	1.0	94
	chrI	52815	1	0.5	117
	chrI	52819	0	0.5	136
	chrI	52829	0	1.0	151
	chrI	52838	0	0.5	88
	chrI	52856	1	0.5	93
	chrI	52867	0	0.5	151
	chrI	52874	1	0.5	145
	chrI	52901	1	1.0	151
	chrI	52902	0	0.5	151
	chrI	52923	1	0.5	141
	chrI	52927	0	0.5	55
	chrI	52927	1	2.0	151
	chrI	52927	1	0.5	88
	chrI	52931	0	0.5	147
	chrI	52931	0	0.5	151
	chrI	52934	1	1.0	151
	chrI	52937	0	1.5	151
	chrI	52946	1	0.5	151
	chrI	52950	0	0.5	151
	chrI	52954	1	0.5	136
	chrI	52958	0	0.5	151
	chrI	52960	1	0.5	151
	chrI	52969	1	0.5	151
	chrI	52975	0	0.5	68
	chrI	52983	1	0.5	55
	chrI	52989	1	1.0	151
	chrI	52997	0	0.5	151
	chrI	52999	0	0.5	78
	chrI	53005	0	0.5	151
	chrI	53016	0	0.5	151
	chrI	53021	0	1.0	109
	chrI	53022	0	0.5	69
	chrI	53032	1	1.0	151
	chrI	53044	1	0.5	68
	chrI	53060	1	0.5	151
	chrI	53077	0	0.5	114
	chrI	53077	1	0.5	147
	chrI	53077	1	0.5	78
	chrI	53085	1	0.5	151
	chrI	53093	1	0.5	69
	chrI	53098	0	1.0	151
	chrI	53101	0	0.5	56
	chrI	53106	1	1.5	151
	chrI	53108	1	0.5	151
	chrI	53109	0	0.5	151
	chrI	53109	1	0.5	151
	chrI	53110	0	0.5	142
	chrI	53110	0	0.5	103
	chrI	53112	1	0.5	151
	chrI	53118	0	1.5	151
	chrI	53123	0	0.5	147
	chrI	53123	0	0.5	119
	chrI	53131	1	1.0	109
	chrI	53142	0	1.0	151
	chrI	53144	0	1.0	151
	chrI	53154	0	0.5	54
	chrI	53156	0	0.5	151
	chrI	53158	1	0.5	151
	chrI	53160	1	0.5	56
	chrI	53166	1	0.5	151
	chrI	53168	0	0.5	125
	chrI	53171	0	0.5	139
	chrI	53172	1	0.5	151
	chrI	53173	0	0.5	151
	chrI	53178	0	0.5	151
	chrI	53193	1	0.5	114
	chrI	53200	0	0.5	151
	chrI	53209	0	0.5	83
	chrI	53210	1	0.5	54
	chrI	53216	1	0.5	103
	chrI	53232	0	0.5	151
	chrI	53239	0	0.5	72
	chrI	53243	1	0.5	119
	chrI	53244	0	1.0	151
	chrI	53247	0	0.5	138
	chrI	53249	0	1.0	151
	chrI	53251	1	0.5	142
	chrI	53266	0	0.5	122
	chrI	53267	0	0.5	44
	chrI	53269	1	0.5	147
	chrI	53274	1	1.0	151
	chrI	53285	1	2.0	151
	chrI	53290	0	0.5	106
	chrI	53293	1	0.5	83
	chrI	53294	1	0.5	125
	chrI	53302	1	1.0	151
	chrI	53309	1	0.5	139
	chrI	53312	0	0.5	151
	chrI	53312	1	0.5	44
	chrI	53312	1	0.5	72
	chrI	53320	0	0.5	73
	chrI	53320	1	0.5	151
	chrI	53321	1	1.0	151
	chrI	53325	1	0.5	151
	chrI	53335	1	0.5	151
	chrI	53354	0	0.5	75
	chrI	53365	0	0.5	151
	chrI	53384	1	0.5	138
	chrI	53388	1	0.5	122
	chrI	53395	1	1.0	151
	chrI	53395	1	0.5	73
	chrI	53396	0	0.5	151
	chrI	53399	1	0.5	106
	chrI	53409	0	1.0	151
	chrI	53418	1	0.5	151
	chrI	53430	1	0.5	75
	chrI	53436	0	1.5	151
	chrI	53440	0	0.5	151
	chrI	53464	0	1.0	151
	chrI	53466	0	0.5	47
	chrI	53466	0	0.5	112
	chrI	53472	0	0.5	136
	chrI	53474	0	1.0	151
	chrI	53475	1	0.5	151
	chrI	53477	0	0.5	151
	chrI	53506	0	0.5	137
	chrI	53514	1	0.5	47
	chrI	53522	0	1.5	151
	chrI	53525	0	0.5	151
	chrI	53528	0	1.0	43
	chrI	53555	0	1.0	133
	chrI	53555	0	0.5	151
	chrI	53556	0	1.5	151
	chrI	53564	1	1.5	151
	chrI	53566	0	0.5	89
	chrI	53573	1	1.0	43
	chrI	53578	0	1.0	151
	chrI	53580	1	0.5	112
	chrI	53581	0	0.5	133
	chrI	53581	0	0.5	134
	chrI	53581	1	1.5	151
	chrI	53586	0	0.5	121
	chrI	53586	0	0.5	123
	chrI	53593	0	1.0	111
	chrI	53600	1	1.5	151
	chrI	53607	1	0.5	136
	chrI	53607	1	0.5	151
	chrI	53608	1	0.5	151
	chrI	53626	1	1.0	151
	chrI	53628	0	0.5	100
	chrI	53636	0	0.5	114
	chrI	53641	0	0.5	81
	chrI	53642	1	0.5	137
	chrI	53643	1	1.0	151
	chrI	53646	1	0.5	151
	chrI	53651	0	0.5	151
	chrI	53656	1	0.5	89
	chrI	53681	0	0.5	151
	chrI	53686	1	1.5	151
	chrI	53687	0	0.5	151
	chrI	53687	1	1.0	133
	chrI	53689	0	0.5	44
	chrI	53706	1	1.0	111
	chrI	53709	1	1.0	123
	chrI	53711	1	0.5	151
	chrI	53713	1	0.5	133
	chrI	53714	1	0.5	134
	chrI	53716	1	1.5	151
	chrI	53717	0	0.5	147
	chrI	53717	0	0.5	151
	chrI	53717	1	0.5	151
	chrI	53723	1	0.5	81
	chrI	53729	0	0.5	59
	chrI	53731	1	0.5	100
	chrI	53732	1	0.5	44
	chrI	53751	1	0.5	114
	chrI	53757	0	0.5	58
	chrI	53763	1	1.0	151
	chrI	53788	1	0.5	59
	chrI	53802	0	1.0	138
	chrI	53802	0	0.5	150
	chrI	53811	0	1.0	151
	chrI	53812	0	1.0	151
	chrI	53813	0	0.5	151
	chrI	53816	0	0.5	128
	chrI	53818	1	0.5	58
	chrI	53820	0	0.5	151
	chrI	53821	0	0.5	88
	chrI	53844	0	1.0	98
	chrI	53845	0	0.5	49
	chrI	53845	1	0.5	151
	chrI	53849	0	0.5	151
	chrI	53858	1	0.5	151
	chrI	53863	1	0.5	147
	chrI	53864	0	0.5	68
	chrI	53867	0	1.0	143
	chrI	53867	0	0.5	151
	chrI	53868	0	0.5	151
	chrI	53883	1	0.5	151
	chrI	53895	1	0.5	49
	chrI	53912	1	0.5	88
	chrI	53934	1	0.5	68
	chrI	53939	1	1.0	138
	chrI	53941	0	0.5	151
	chrI	53945	1	1.0	98
	chrI	53946	0	0.5	131
	chrI	53946	1	0.5	128
	chrI	53951	1	0.5	150
	chrI	53968	1	1.0	151
	chrI	53969	1	1.0	151
	chrI	53970	0	0.5	151
	chrI	53987	1	0.5	151
	chrI	53989	0	0.5	52
	chrI	53995	0	1.0	151
	chrI	53995	0	0.5	88
	chrI	53996	0	1.0	151
	chrI	54004	0	0.5	151
	chrI	54007	0	0.5	151
	chrI	54009	1	1.0	143
	chrI	54025	0	0.5	151
	chrI	54026	1	1.0	151
	chrI	54033	1	0.5	151
	chrI	54042	1	0.5	52
	chrI	54048	0	0.5	57
	chrI	54050	1	0.5	151
	chrI	54051	0	0.5	116
	chrI	54051	0	1.0	117
	chrI	54054	0	0.5	151
	chrI	54069	0	0.5	73
	chrI	54070	0	0.5	151
	chrI	54070	0	0.5	115
	chrI	54076	1	0.5	131
	chrI	54084	1	0.5	88
	chrI	54098	1	0.5	151
	chrI	54106	1	0.5	57
	chrI	54122	0	0.5	113
	chrI	54133	0	0.5	115
	chrI	54140	1	0.5	70
	chrI	54153	1	1.0	151
	chrI	54154	1	0.5	151
	chrI	54155	0	0.5	151
	chrI	54155	1	0.5	151
	chrI	54157	0	0.5	151
	chrI	54158	0	0.5	151
	chrI	54161	0	0.5	151
	chrI	54166	0	0.5	76
	chrI	54169	1	0.5	116
	chrI	54169	1	1.0	117
	chrI	54186	1	0.5	115
	chrI	54197	0	1.0	122
	chrI	54200	1	0.5	151
	chrI	54205	0	1.5	135
	chrI	54209	1	0.5	151
	chrI	54210	0	0.5	62
	chrI	54217	0	0.5	59
	chrI	54236	1	0.5	113
	chrI	54240	1	0.5	151
	chrI	54242	1	0.5	76
	chrI	54247	0	0.5	151
	chrI	54250	1	0.5	115
	chrI	54253	1	0.5	151
	chrI	54258	0	0.5	98
	chrI	54262	0	0.5	93
	chrI	54273	1	0.5	62
	chrI	54280	1	0.5	59
	chrI	54282	0	1.5	151
	chrI	54290	1	0.5	151
	chrI	54306	0	0.5	108
	chrI	54312	1	0.5	151
	chrI	54319	1	0.5	151
	chrI	54323	1	1.0	122
	chrI	54325	0	0.5	151
	chrI	54332	1	0.5	151
	chrI	54333	1	1.0	151
	chrI	54334	0	0.5	151
	chrI	54334	1	0.5	151
	chrI	54338	0	0.5	151
	chrI	54339	1	1.5	135
	chrI	54340	0	0.5	86
	chrI	54344	0	0.5	150
	chrI	54357	1	0.5	93
	chrI	54357	1	0.5	98
	chrI	54361	0	0.5	99
	chrI	54371	0	1.5	151
	chrI	54387	0	1.0	132
	chrI	54415	1	0.5	108
	chrI	54427	1	0.5	86
	chrI	54438	1	0.5	151
	chrI	54456	0	1.0	103
	chrI	54461	1	0.5	99
	chrI	54484	0	0.5	151
	chrI	54487	0	0.5	151
	chrI	54490	1	0.5	151
	chrI	54493	1	0.5	150
	chrI	54498	1	0.5	151
	chrI	54501	0	0.5	151
	chrI	54504	0	0.5	151
	chrI	54510	1	1.5	151
	chrI	54511	1	0.5	151
	chrI	54518	1	1.0	132
	chrI	54524	0	0.5	53
	chrI	54525	1	1.0	151
	chrI	54537	0	0.5	150
	chrI	54537	0	1.5	151
	chrI	54539	1	0.5	151
	chrI	54540	0	0.5	105
	chrI	54558	0	1.0	104
	chrI	54559	0	0.5	111
	chrI	54561	1	1.0	103
	chrI	54578	1	0.5	53
	chrI	54610	0	0.5	151
	chrI	54625	0	1.5	151
	chrI	54634	0	0.5	150
	chrI	54637	0	0.5	151
	chrI	54643	0	0.5	146
	chrI	54643	0	0.5	151
	chrI	54646	0	0.5	151
	chrI	54646	1	0.5	105
	chrI	54650	1	0.5	151
	chrI	54657	0	0.5	151
	chrI	54663	1	1.0	104
	chrI	54664	0	0.5	151
	chrI	54672	1	0.5	111
	chrI	54686	1	0.5	150
	chrI	54687	1	0.5	151
	chrI	54689	0	1.0	151
	chrI	54694	0	0.5	61
	chrI	54694	1	0.5	151
	chrI	54699	0	0.5	151
	chrI	54704	0	0.5	80
	chrI	54715	1	0.5	151
	chrI	54716	1	1.0	151
	chrI	54717	0	0.5	92
	chrI	54722	0	0.5	58
	chrI	54725	0	0.5	81
	chrI	54726	0	1.0	151
	chrI	54737	0	0.5	145
	chrI	54738	0	0.5	99
	chrI	54756	1	0.5	61
	chrI	54781	1	0.5	151
	chrI	54783	1	0.5	150
	chrI	54783	1	0.5	58
	chrI	54784	0	1.0	105
	chrI	54784	1	0.5	80
	chrI	54792	0	0.5	56
	chrI	54798	0	1.0	131
	chrI	54805	1	0.5	149
	chrI	54805	1	0.5	81
	chrI	54806	1	0.5	151
	chrI	54808	0	0.5	44
	chrI	54810	1	0.5	92
	chrI	54814	0	0.5	61
	chrI	54815	1	1.0	151
	chrI	54817	1	0.5	151
	chrI	54825	1	1.0	151
	chrI	54826	1	0.5	151
	chrI	54838	1	0.5	99
	chrI	54844	0	0.5	151
	chrI	54848	1	0.5	151
	chrI	54850	1	0.5	56
	chrI	54853	1	1.5	151
	chrI	54854	1	0.5	44
	chrI	54856	0	1.5	151
	chrI	54858	1	0.5	151
	chrI	54876	0	0.5	151
	chrI	54876	1	0.5	61
	chrI	54881	1	0.5	145
	chrI	54891	1	1.0	105
	chrI	54892	1	1.0	151
	chrI	54894	0	0.5	151
	chrI	54903	0	0.5	65
	chrI	54912	0	1.0	151
	chrI	54923	0	0.5	121
	chrI	54928	1	1.0	131
	chrI	54970	1	0.5	65
	chrI	54971	0	0.5	81
	chrI	54991	0	0.5	151
	chrI	54992	0	1.0	139
	chrI	54996	0	1.0	151
	chrI	55000	0	0.5	151
	chrI	55006	1	1.0	151
	chrI	55007	0	0.5	151
	chrI	55008	0	0.5	151
	chrI	55018	0	0.5	106
	chrI	55022	0	1.0	88
	chrI	55025	0	1.0	83
	chrI	55031	0	0.5	149
	chrI	55040	0	0.5	57
	chrI	55040	0	1.0	60
	chrI	55046	1	0.5	151
	chrI	55046	1	0.5	121
	chrI	55049	0	0.5	151
	chrI	55050	0	0.5	151
	chrI	55051	0	0.5	151
	chrI	55051	1	0.5	151
	chrI	55052	0	1.0	151
	chrI	55052	1	0.5	81
	chrI	55054	1	0.5	151
	chrI	55069	1	0.5	150
	chrI	55072	1	1.0	151
	chrI	55084	0	0.5	67
	chrI	55100	1	0.5	57
	chrI	55100	1	1.0	60
	chrI	55104	0	0.5	68
	chrI	55109	1	1.0	83
	chrI	55111	0	0.5	58
	chrI	55114	1	1.0	88
	chrI	55124	1	0.5	106
	chrI	55130	1	1.0	139
	chrI	55140	0	0.5	88
	chrI	55141	0	0.5	151
	chrI	55152	1	0.5	67
	chrI	55155	0	0.5	73
	chrI	55168	1	0.5	151
	chrI	55169	1	1.0	151
	chrI	55169	1	0.5	58
	chrI	55173	1	0.5	68
	chrI	55176	1	0.5	151
	chrI	55194	1	0.5	151
	chrI	55199	1	0.5	151
	chrI	55209	1	1.0	151
	chrI	55210	0	0.5	151
	chrI	55216	0	1.0	151
	chrI	55221	1	0.5	151
	chrI	55222	0	0.5	60
	chrI	55222	0	1.0	62
	chrI	55228	1	0.5	151
	chrI	55228	1	0.5	73
	chrI	55229	1	0.5	88
	chrI	55231	1	0.5	151
	chrI	55232	0	0.5	148
	chrI	55239	1	0.5	151
	chrI	55241	0	0.5	102
	chrI	55252	0	0.5	117
	chrI	55262	0	0.5	137
	chrI	55285	1	0.5	60
	chrI	55285	1	1.0	62
	chrI	55295	1	0.5	151
	chrI	55344	1	0.5	102
	chrI	55349	0	0.5	134
	chrI	55359	0	0.5	98
	chrI	55359	0	0.5	110
	chrI	55367	0	1.5	94
	chrI	55369	1	0.5	117
	chrI	55379	1	0.5	148
	chrI	55379	1	1.0	151
	chrI	55380	0	1.5	150
	chrI	55380	0	0.5	79
	chrI	55380	1	0.5	151
	chrI	55389	0	1.0	151
	chrI	55398	1	0.5	137
	chrI	55399	0	0.5	151
	chrI	55406	0	1.0	151
	chrI	55424	0	0.5	87
	chrI	55458	1	0.5	98
	chrI	55460	1	0.5	79
	chrI	55465	1	1.5	94
	chrI	55470	0	0.5	104
	chrI	55470	1	0.5	110
	chrI	55474	0	0.5	120
	chrI	55482	1	0.5	134
	chrI	55504	0	0.5	107
	chrI	55511	0	0.5	151
	chrI	55512	0	0.5	67
	chrI	55512	1	0.5	87
	chrI	55529	1	1.5	150
	chrI	55534	0	0.5	151
	chrI	55550	1	0.5	151
	chrI	55553	0	0.5	149
	chrI	55553	0	1.0	151
	chrI	55553	1	0.5	151
	chrI	55560	1	0.5	151
	chrI	55577	1	0.5	104
	chrI	55579	1	1.0	151
	chrI	55580	0	0.5	105
	chrI	55580	0	0.5	111
	chrI	55580	1	0.5	67
	chrI	55595	0	0.5	93
	chrI	55597	1	0.5	120
	chrI	55611	1	0.5	107
	chrI	55646	0	0.5	117
	chrI	55648	0	0.5	100
	chrI	55654	0	0.5	66
	chrI	55681	0	0.5	80
	chrI	55685	1	0.5	105
	chrI	55690	1	0.5	93
	chrI	55692	1	0.5	111
	chrI	55701	1	0.5	149
	chrI	55701	1	0.5	151
	chrI	55706	1	0.5	151
	chrI	55707	0	0.5	151
	chrI	55710	0	0.5	151
	chrI	55721	1	0.5	66
	chrI	55735	0	0.5	119
	chrI	55743	1	1.0	151
	chrI	55744	0	0.5	151
	chrI	55748	0	0.5	128
	chrI	55751	1	0.5	100
	chrI	55762	1	0.5	79
	chrI	55766	1	0.5	117
	chrI	55822	0	0.5	151
	chrI	55839	0	0.5	33
	chrI	55848	0	0.5	151
	chrI	55850	0	0.5	68
	chrI	55855	1	0.5	119
	chrI	55874	1	0.5	151
	chrI	55874	1	0.5	33
	chrI	55877	0	0.5	108
	chrI	55877	1	0.5	128
	chrI	55893	0	0.5	64
	chrI	55909	0	0.5	151
	chrI	55912	0	0.5	55
	chrI	55913	0	0.5	151
	chrI	55921	1	0.5	68
	chrI	55922	1	0.5	151
	chrI	55925	0	0.5	48
	chrI	55925	0	0.5	96
	chrI	55958	1	0.5	64
	chrI	55959	0	0.5	151
	chrI	55970	1	0.5	55
	chrI	55974	1	0.5	48
	chrI	55982	1	0.5	151
	chrI	55986	1	0.5	108
	chrI	56022	1	0.5	151
	chrI	56022	1	0.5	96
	chrI	56033	0	0.5	100
	chrI	56042	1	0.5	151
	chrI	56046	0	0.5	73
	chrI	56051	0	0.5	151
	chrI	56054	0	1.5	151
	chrI	56058	0	0.5	136
	chrI	56058	0	1.0	48
	chrI	56058	0	0.5	120
	chrI	56065	0	0.5	151
	chrI	56069	0	1.5	151
	chrI	56069	0	0.5	124
	chrI	56076	0	0.5	115
	chrI	56078	1	0.5	151
	chrI	56089	0	0.5	90
	chrI	56100	0	0.5	139
	chrI	56107	0	0.5	130
	chrI	56107	1	1.0	48
	chrI	56116	0	1.0	138
	chrI	56123	0	0.5	140
	chrI	56124	1	0.5	73
	chrI	56134	0	0.5	146
	chrI	56135	1	0.5	100
	chrI	56137	1	0.5	151
	chrI	56156	0	0.5	151
	chrI	56179	1	0.5	90
	chrI	56179	1	0.5	120
	chrI	56190	0	0.5	151
	chrI	56193	1	0.5	136
	chrI	56193	1	0.5	115
	chrI	56193	1	0.5	124
	chrI	56202	1	0.5	151
	chrI	56204	0	0.5	151
	chrI	56204	1	0.5	151
	chrI	56212	0	1.0	83
	chrI	56221	0	0.5	151
	chrI	56224	1	1.0	151
	chrI	56225	1	0.5	151
	chrI	56226	0	0.5	151
	chrI	56231	1	1.0	151
	chrI	56233	0	1.0	150
	chrI	56238	1	0.5	132
	chrI	56238	1	0.5	139
	chrI	56241	1	0.5	151
	chrI	56247	0	0.5	151
	chrI	56249	1	0.5	151
	chrI	56252	0	0.5	151
	chrI	56253	1	1.0	138
	chrI	56262	1	0.5	140
	chrI	56267	0	0.5	116
	chrI	56269	0	0.5	151
	chrI	56279	1	0.5	146
	chrI	56290	0	0.5	104
	chrI	56296	0	0.5	151
	chrI	56296	1	1.0	83
	chrI	56303	0	0.5	39
	chrI	56305	0	0.5	62
	chrI	56335	0	0.5	151
	chrI	56338	0	1.0	151
	chrI	56342	1	0.5	151
	chrI	56343	1	0.5	39
	chrI	56369	1	0.5	62
	chrI	56375	0	0.5	133
	chrI	56382	1	1.0	150
	chrI	56382	1	0.5	151
	chrI	56386	1	0.5	116
	chrI	56387	0	1.5	151
	chrI	56392	0	0.5	122
	chrI	56394	0	0.5	141
	chrI	56394	1	0.5	151
	chrI	56394	1	0.5	104
	chrI	56397	0	0.5	151
	chrI	56402	1	0.5	151
	chrI	56412	0	1.0	151
	chrI	56413	0	0.5	148
	chrI	56416	1	0.5	151
	chrI	56435	1	0.5	151
	chrI	56436	0	0.5	150
	chrI	56437	0	0.5	112
	chrI	56451	1	0.5	151
	chrI	56455	0	0.5	135
	chrI	56471	0	1.0	109
	chrI	56484	0	0.5	71
	chrI	56502	1	1.0	151
	chrI	56505	0	0.5	151
	chrI	56507	1	0.5	133
	chrI	56516	1	0.5	122
	chrI	56534	0	0.5	151
	chrI	56534	1	0.5	141
	chrI	56547	1	0.5	151
	chrI	56550	0	1.5	151
	chrI	56552	1	0.5	151
	chrI	56552	1	0.5	112
	chrI	56555	1	0.5	71
	chrI	56556	1	0.5	151
	chrI	56560	1	0.5	148
	chrI	56564	1	0.5	151
	chrI	56576	1	1.0	151
	chrI	56578	0	0.5	151
	chrI	56580	1	1.0	109
	chrI	56585	1	0.5	150
	chrI	56587	1	0.5	151
	chrI	56589	1	0.5	135
	chrI	56590	0	0.5	151
	chrI	56591	0	0.5	118
	chrI	56613	1	0.5	151
	chrI	56614	0	0.5	123
	chrI	56629	0	0.5	142
	chrI	56646	1	0.5	151
	chrI	56673	0	0.5	125
	chrI	56693	1	0.5	151
	chrI	56708	1	0.5	151
	chrI	56710	1	0.5	118
	chrI	56711	0	1.0	151
	chrI	56722	0	0.5	114
	chrI	56730	0	0.5	151
	chrI	56731	0	0.5	150
	chrI	56731	0	2.0	151
	chrI	56739	0	1.0	140
	chrI	56740	0	1.0	151
	chrI	56740	1	0.5	123
	chrI	56742	0	1.0	151
	chrI	56744	0	1.0	151
	chrI	56744	1	0.5	151
	chrI	56747	0	0.5	151
	chrI	56751	0	0.5	151
	chrI	56752	0	3.0	151
	chrI	56770	1	0.5	142
	chrI	56777	0	0.5	133
	chrI	56777	0	0.5	151
	chrI	56799	1	0.5	125
	chrI	56814	1	0.5	151
	chrI	56836	1	0.5	114
	chrI	56837	0	0.5	66
	chrI	56854	0	1.5	151
	chrI	56858	0	0.5	60
	chrI	56864	0	0.5	75
	chrI	56875	0	0.5	73
	chrI	56878	1	1.0	140
	chrI	56880	1	0.5	150
	chrI	56885	1	0.5	151
	chrI	56893	1	0.5	151
	chrI	56894	0	0.5	52
	chrI	56897	0	0.5	55
	chrI	56897	1	0.5	151
	chrI	56898	0	0.5	54
	chrI	56900	1	1.0	151
	chrI	56901	0	0.5	40
	chrI	56903	1	1.5	151
	chrI	56905	1	0.5	66
	chrI	56906	1	1.0	151
	chrI	56908	1	0.5	150
	chrI	56909	1	0.5	133
	chrI	56909	1	0.5	151
	chrI	56910	1	3.5	151
	chrI	56911	0	1.5	151
	chrI	56911	1	1.0	151
	chrI	56918	1	0.5	60
	chrI	56926	0	0.5	151
	chrI	56931	1	0.5	151
	chrI	56939	1	0.5	151
	chrI	56940	0	0.5	151
	chrI	56940	1	0.5	75
	chrI	56943	1	1.0	151
	chrI	56943	1	0.5	40
	chrI	56945	0	0.5	117
	chrI	56947	0	0.5	151
	chrI	56949	1	0.5	52
	chrI	56949	1	0.5	73
	chrI	56950	0	0.5	121
	chrI	56953	1	0.5	54
	chrI	56953	1	0.5	55
	chrI	56954	0	0.5	108
	chrI	56956	0	2.0	151
	chrI	56959	0	0.5	139
	chrI	56966	0	0.5	113
	chrI	56967	0	0.5	118
	chrI	56968	0	1.0	151
	chrI	56984	0	0.5	106
	chrI	56998	0	0.5	96
	chrI	57033	0	0.5	45
	chrI	57063	1	0.5	151
	chrI	57064	1	0.5	108
	chrI	57064	1	0.5	117
	chrI	57065	1	0.5	151
	chrI	57072	1	0.5	121
	chrI	57078	0	1.5	151
	chrI	57079	0	0.5	90
	chrI	57079	1	0.5	45
	chrI	57080	1	0.5	113
	chrI	57084	0	0.5	151
	chrI	57087	1	0.5	118
	chrI	57092	1	0.5	106
	chrI	57094	1	0.5	151
	chrI	57095	1	0.5	96
	chrI	57097	1	0.5	139
	chrI	57097	1	0.5	151
	chrI	57099	1	1.5	151
	chrI	57100	0	0.5	151
	chrI	57105	1	0.5	151
	chrI	57110	0	1.0	151
	chrI	57110	0	0.5	43
	chrI	57118	0	0.5	59
	chrI	57120	0	0.5	75
	chrI	57135	1	0.5	151
	chrI	57142	0	0.5	103
	chrI	57154	1	0.5	43
	chrI	57162	1	1.0	151
	chrI	57166	0	1.0	99
	chrI	57169	1	2.0	151
	chrI	57170	1	0.5	90
	chrI	57178	1	0.5	59
	chrI	57179	0	0.5	151
	chrI	57195	1	0.5	75
	chrI	57204	0	0.5	151
	chrI	57217	0	0.5	131
	chrI	57219	0	0.5	151
	chrI	57227	0	1.0	151
	chrI	57243	1	0.5	151
	chrI	57246	1	0.5	103
	chrI	57251	1	1.5	151
	chrI	57253	0	0.5	151
	chrI	57256	0	0.5	134
	chrI	57257	0	0.5	151
	chrI	57265	1	1.0	99
	chrI	57266	1	1.0	151
	chrI	57273	0	2.0	123
	chrI	57276	1	0.5	151
	chrI	57284	0	0.5	151
	chrI	57288	0	0.5	151
	chrI	57301	0	1.5	151
	chrI	57347	1	0.5	131
	chrI	57350	0	0.5	93
	chrI	57354	1	0.5	151
	chrI	57355	0	0.5	128
	chrI	57355	0	1.0	92
	chrI	57372	0	0.5	99
	chrI	57374	1	0.5	151
	chrI	57383	1	0.5	151
	chrI	57389	1	0.5	134
	chrI	57396	1	2.0	123
	chrI	57402	0	0.5	151
	chrI	57407	1	0.5	151
	chrI	57430	1	0.5	151
	chrI	57436	0	0.5	151
	chrI	57436	0	0.5	50
	chrI	57445	0	0.5	151
	chrI	57447	1	0.5	151
	chrI	57447	1	0.5	93
	chrI	57448	0	2.0	151
	chrI	57448	1	1.0	92
	chrI	57449	0	0.5	139
	chrI	57449	0	0.5	151
	chrI	57449	1	0.5	151
	chrI	57450	0	0.5	150
	chrI	57450	0	1.5	151
	chrI	57451	0	0.5	151
	chrI	57451	1	1.0	151
	chrI	57454	0	0.5	64
	chrI	57468	0	0.5	151
	chrI	57471	1	0.5	99
	chrI	57472	0	0.5	134
	chrI	57481	0	2.0	151
	chrI	57484	1	0.5	128
	chrI	57487	0	0.5	147
	chrI	57489	0	0.5	151
	chrI	57489	1	0.5	50
	chrI	57490	0	0.5	151
	chrI	57502	1	1.5	151
	chrI	57510	0	0.5	151
	chrI	57517	0	0.5	123
	chrI	57519	0	1.0	151
	chrI	57519	0	0.5	66
	chrI	57520	1	0.5	64
	chrI	57526	0	0.5	86
	chrI	57569	0	0.5	59
	chrI	57579	0	1.0	52
	chrI	57587	1	0.5	139
	chrI	57587	1	0.5	66
	chrI	57599	1	0.5	150
	chrI	57599	1	0.5	151
	chrI	57605	1	0.5	134
	chrI	57607	0	0.5	146
	chrI	57613	1	0.5	86
	chrI	57618	1	0.5	151
	chrI	57620	1	2.0	151
	chrI	57621	0	0.5	151
	chrI	57623	1	1.0	151
	chrI	57629	1	0.5	59
	chrI	57631	1	1.5	151
	chrI	57633	1	1.0	52
	chrI	57640	0	0.5	151
	chrI	57640	1	1.5	151
	chrI	57641	0	1.0	151
	chrI	57641	1	0.5	151
	chrI	57641	1	0.5	123
	chrI	57642	0	3.0	151
	chrI	57647	0	0.5	87
	chrI	57648	1	0.5	151
	chrI	57657	1	0.5	151
	chrI	57658	0	1.0	151
	chrI	57660	0	0.5	151
	chrI	57670	0	0.5	151
	chrI	57694	1	1.0	151
	chrI	57735	1	0.5	151
	chrI	57735	1	0.5	87
	chrI	57736	1	0.5	151
	chrI	57749	0	0.5	151
	chrI	57752	1	0.5	146
	chrI	57753	0	0.5	60
	chrI	57755	0	0.5	149
	chrI	57758	0	0.5	140
	chrI	57761	0	0.5	80
	chrI	57780	0	0.5	93
	chrI	57782	0	0.5	151
	chrI	57794	1	0.5	151
	chrI	57799	1	0.5	151
	chrI	57801	0	1.0	151
	chrI	57801	1	1.5	151
	chrI	57804	1	1.0	151
	chrI	57807	0	0.5	55
	chrI	57813	1	1.5	151
	chrI	57814	0	1.0	151
	chrI	57814	1	0.5	60
	chrI	57815	0	0.5	41
	chrI	57816	0	1.0	151
	chrI	57816	0	1.0	118
	chrI	57825	0	0.5	151
	chrI	57838	0	1.0	61
	chrI	57839	1	1.0	151
	chrI	57840	1	0.5	151
	chrI	57841	0	0.5	151
	chrI	57841	1	0.5	80
	chrI	57849	0	0.5	151
	chrI	57850	1	0.5	151
	chrI	57856	1	0.5	151
	chrI	57857	1	0.5	41
	chrI	57863	1	0.5	55
	chrI	57870	0	0.5	151
	chrI	57874	1	0.5	93
	chrI	57889	0	0.5	119
	chrI	57897	1	0.5	140
	chrI	57900	1	0.5	59
	chrI	57902	1	0.5	61
	chrI	57903	1	0.5	149
	chrI	57915	1	0.5	151
	chrI	57917	0	0.5	151
	chrI	57918	0	0.5	54
	chrI	57930	0	0.5	56
	chrI	57938	1	1.0	118
	chrI	57950	1	0.5	151
	chrI	57959	1	0.5	151
	chrI	57971	1	0.5	151
	chrI	57973	1	0.5	54
	chrI	57979	0	0.5	151
	chrI	57986	1	2.5	151
	chrI	57987	0	0.5	151
	chrI	57987	1	0.5	151
	chrI	57987	1	0.5	56
	chrI	57988	0	1.0	151
	chrI	57988	0	0.5	112
	chrI	57994	1	0.5	151
	chrI	57996	0	1.5	151
	chrI	57998	0	1.0	65
	chrI	58008	1	0.5	119
	chrI	58016	0	0.5	111
	chrI	58016	1	0.5	151
	chrI	58019	0	0.5	151
	chrI	58048	0	0.5	100
	chrI	58063	0	0.5	134
	chrI	58063	1	0.5	151
	chrI	58064	1	1.0	65
	chrI	58102	1	0.5	151
	chrI	58102	1	0.5	112
	chrI	58122	0	0.5	141
	chrI	58124	0	0.5	89
	chrI	58126	0	0.5	116
	chrI	58130	1	0.5	111
	chrI	58149	1	0.5	100
	chrI	58160	1	1.0	151
	chrI	58169	1	0.5	151
	chrI	58171	1	0.5	151
	chrI	58178	1	1.0	151
	chrI	58190	0	0.5	97
	chrI	58190	1	0.5	151
	chrI	58196	1	0.5	134
	chrI	58196	1	0.5	151
	chrI	58209	0	2.5	151
	chrI	58214	1	0.5	89
	chrI	58218	0	0.5	147
	chrI	58218	0	0.5	52
	chrI	58228	0	0.5	151
	chrI	58237	0	0.5	65
	chrI	58239	0	0.5	151
	chrI	58244	1	0.5	116
	chrI	58262	1	0.5	141
	chrI	58268	0	1.5	151
	chrI	58271	1	0.5	52
	chrI	58288	1	0.5	97
	chrI	58305	1	0.5	65
	chrI	58311	0	0.5	151
	chrI	58321	0	0.5	147
	chrI	58321	0	0.5	121
	chrI	58351	0	0.5	151
	chrI	58364	1	0.5	147
	chrI	58370	0	0.5	151
	chrI	58375	0	0.5	151
	chrI	58379	0	0.5	149
	chrI	58379	1	0.5	151
	chrI	58380	0	1.0	147
	chrI	58380	0	1.0	150
	chrI	58409	0	0.5	116
	chrI	58414	0	0.5	80
	chrI	58423	1	0.5	151
	chrI	58428	0	0.5	76
	chrI	58441	0	0.5	151
	chrI	58442	0	0.5	151
	chrI	58443	0	0.5	151
	chrI	58443	1	0.5	121
	chrI	58451	0	0.5	151
	chrI	58466	1	2.5	151
	chrI	58467	1	0.5	147
	chrI	58476	0	0.5	50
	chrI	58476	0	0.5	54
	chrI	58489	0	1.0	85
	chrI	58496	1	0.5	80
	chrI	58498	0	0.5	79
	chrI	58502	1	0.5	151
	chrI	58503	0	0.5	105
	chrI	58504	0	0.5	101
	chrI	58504	0	2.0	102
	chrI	58505	0	0.5	99
	chrI	58505	1	0.5	76
	chrI	58509	0	0.5	95
	chrI	58509	0	1.0	96
	chrI	58511	0	0.5	93
	chrI	58512	0	0.5	95
	chrI	58513	0	0.5	59
	chrI	58516	0	0.5	139
	chrI	58516	0	1.0	151
	chrI	58516	0	0.5	89
	chrI	58519	0	0.5	88
	chrI	58524	1	0.5	116
	chrI	58526	1	1.0	147
	chrI	58527	1	0.5	149
	chrI	58527	1	0.5	151
	chrI	58528	0	0.5	78
	chrI	58528	1	0.5	151
	chrI	58528	1	0.5	50
	chrI	58529	0	0.5	74
	chrI	58529	0	1.0	75
	chrI	58529	0	0.5	76
	chrI	58529	1	1.0	150
	chrI	58529	1	0.5	54
	chrI	58530	0	0.5	76
	chrI	58531	0	0.5	44
	chrI	58531	0	0.5	62
	chrI	58531	0	0.5	81
	chrI	58532	0	0.5	45
	chrI	58532	0	0.5	72
	chrI	58532	0	2.0	74
	chrI	58532	0	0.5	76
	chrI	58533	0	0.5	138
	chrI	58533	0	0.5	140
	chrI	58533	0	1.5	151
	chrI	58533	0	2.0	70
	chrI	58533	0	3.5	71
	chrI	58533	0	3.0	73
	chrI	58533	0	0.5	92
	chrI	58533	0	0.5	99
	chrI	58535	0	0.5	134
	chrI	58536	0	1.0	149
	chrI	58536	0	0.5	68
	chrI	58539	0	0.5	65
	chrI	58539	1	0.5	151
	chrI	58540	0	0.5	63
	chrI	58544	0	0.5	62
	chrI	58546	0	0.5	58
	chrI	58546	0	0.5	72
	chrI	58546	0	0.5	102
	chrI	58563	1	0.5	151
	chrI	58574	1	0.5	59
	chrI	58575	1	1.0	85
	chrI	58577	1	0.5	44
	chrI	58578	0	1.0	151
	chrI	58578	0	0.5	121
	chrI	58578	1	0.5	45
	chrI	58578	1	0.5	79
	chrI	58594	1	0.5	62
	chrI	58597	0	0.5	96
	chrI	58597	0	0.5	98
	chrI	58605	1	0.5	75
	chrI	58606	1	1.0	151
	chrI	58606	1	0.5	58
	chrI	58606	1	0.5	62
	chrI	58606	1	0.5	63
	chrI	58606	1	0.5	65
	chrI	58606	1	0.5	68
	chrI	58606	1	2.0	70
	chrI	58606	1	3.0	71
	chrI	58606	1	0.5	72
	chrI	58606	1	0.5	74
	chrI	58606	1	1.0	75
	chrI	58606	1	0.5	88
	chrI	58606	1	0.5	89
	chrI	58606	1	0.5	93
	chrI	58606	1	0.5	95
	chrI	58606	1	1.0	96
	chrI	58606	1	0.5	99
	chrI	58606	1	0.5	101
	chrI	58607	1	1.0	151
	chrI	58607	1	0.5	71
	chrI	58607	1	2.5	73
	chrI	58607	1	1.5	74
	chrI	58607	1	0.5	76
	chrI	58607	1	0.5	78
	chrI	58607	1	2.0	102
	chrI	58608	0	1.0	147
	chrI	58608	1	0.5	151
	chrI	58608	1	0.5	73
	chrI	58608	1	0.5	74
	chrI	58608	1	0.5	76
	chrI	58608	1	0.5	95
	chrI	58608	1	0.5	105
	chrI	58609	0	0.5	151
	chrI	58613	0	0.5	151
	chrI	58614	1	0.5	81
	chrI	58618	0	0.5	151
	chrI	58620	1	0.5	72
	chrI	58626	1	0.5	92
	chrI	58632	1	0.5	99
	chrI	58633	0	0.5	151
	chrI	58638	0	1.0	96
	chrI	58647	1	0.5	102
	chrI	58654	1	0.5	139
	chrI	58668	1	0.5	134
	chrI	58670	0	0.5	53
	chrI	58670	1	0.5	138
	chrI	58672	1	0.5	140
	chrI	58679	0	1.0	126
	chrI	58680	0	0.5	80
	chrI	58680	0	0.5	82
	chrI	58684	1	0.5	151
	chrI	58694	1	0.5	96
	chrI	58696	1	0.5	96
	chrI	58701	1	0.5	121
	chrI	58710	1	0.5	151
	chrI	58724	1	0.5	53
	chrI	58732	1	0.5	149
	chrI	58734	1	1.5	151
	chrI	58735	1	1.0	96
	chrI	58736	0	0.5	53
	chrI	58754	1	1.0	147
	chrI	58755	1	1.5	151
	chrI	58756	0	1.0	47
	chrI	58756	0	0.5	59
	chrI	58756	1	0.5	151
	chrI	58761	1	0.5	80
	chrI	58761	1	0.5	82
	chrI	58779	1	0.5	151
	chrI	58786	1	1.0	151
	chrI	58791	1	0.5	53
	chrI	58800	0	0.5	151
	chrI	58804	1	1.0	47
	chrI	58806	1	0.5	151
	chrI	58806	1	1.0	126
	chrI	58818	0	0.5	143
	chrI	58818	1	0.5	59
	chrI	58860	0	0.5	41
	chrI	58893	0	1.0	125
	chrI	58902	1	0.5	41
	chrI	58922	0	0.5	116
	chrI	58935	0	0.5	106
	chrI	58954	0	0.5	80
	chrI	58960	1	0.5	143
	chrI	58977	0	1.0	151
	chrI	58977	1	0.5	151
	chrI	58978	0	0.5	151
	chrI	59004	0	2.0	105
	chrI	59006	0	0.5	133
	chrI	59006	0	0.5	94
	chrI	59019	1	1.0	125
	chrI	59036	1	0.5	80
	chrI	59040	1	0.5	106
	chrI	59040	1	0.5	116
	chrI	59042	0	0.5	142
	chrI	59084	0	0.5	151
	chrI	59098	0	0.5	61
	chrI	59101	1	0.5	94
	chrI	59110	1	2.0	105
	chrI	59131	0	0.5	151
	chrI	59138	1	0.5	133
	chrI	59139	1	0.5	151
	chrI	59140	1	0.5	151
	chrI	59150	1	0.5	151
	chrI	59153	0	1.0	151
	chrI	59161	1	0.5	61
	chrI	59183	1	0.5	142
	chrI	59196	0	0.5	141
	chrI	59220	0	0.5	151
	chrI	59232	0	0.5	151
	chrI	59275	1	0.5	151
	chrI	59280	0	0.5	45
	chrI	59283	0	0.5	98
	chrI	59296	0	0.5	123
	chrI	59299	0	0.5	151
	chrI	59316	0	0.5	151
	chrI	59326	1	0.5	45
	chrI	59329	0	1.0	141
	chrI	59329	0	0.5	151
	chrI	59336	1	0.5	141
	chrI	59347	0	0.5	146
	chrI	59347	1	0.5	151
	chrI	59351	1	1.0	151
	chrI	59371	1	0.5	151
	chrI	59378	0	0.5	151
	chrI	59383	1	0.5	98
	chrI	59410	1	0.5	151
	chrI	59422	1	0.5	123
	chrI	59429	0	0.5	49
	chrI	59437	0	0.5	151
	chrI	59467	0	0.5	136
	chrI	59469	0	0.5	151
	chrI	59469	1	1.0	141
	chrI	59481	1	0.5	49
	chrI	59492	1	0.5	146
	chrI	59492	1	0.5	151
	chrI	59496	0	1.0	151
	chrI	59502	0	0.5	51
	chrI	59505	1	0.5	151
	chrI	59527	0	0.5	37
	chrI	59537	0	1.0	102
	chrI	59554	1	0.5	51
	chrI	59556	1	0.5	151
	chrI	59564	1	0.5	37
	chrI	59585	0	0.5	114
	chrI	59602	1	0.5	136
	chrI	59603	0	0.5	151
	chrI	59609	0	1.0	126
	chrI	59610	0	1.0	79
	chrI	59634	1	0.5	151
	chrI	59640	0	0.5	48
	chrI	59642	1	1.0	102
	chrI	59658	0	0.5	121
	chrI	59658	0	1.0	123
	chrI	59674	1	1.0	151
	chrI	59682	1	0.5	151
	chrI	59689	1	0.5	48
	chrI	59690	1	1.0	79
	chrI	59701	1	0.5	114
	chrI	59707	0	0.5	72
	chrI	59717	0	0.5	151
	chrI	59727	1	0.5	151
	chrI	59729	0	0.5	151
	chrI	59735	1	1.0	126
	chrI	59750	0	0.5	111
	chrI	59768	0	0.5	151
	chrI	59771	0	2.0	151
	chrI	59781	1	0.5	72
	chrI	59781	1	0.5	121
	chrI	59781	1	1.0	123
	chrI	59783	1	0.5	151
	chrI	59818	0	2.0	101
	chrI	59819	0	0.5	151
	chrI	59848	0	0.5	136
	chrI	59862	1	0.5	111
	chrI	59918	1	0.5	151
	chrI	59920	1	2.0	101
	chrI	59925	0	1.0	46
	chrI	59937	1	2.5	151
	chrI	59938	0	0.5	147
	chrI	59969	0	1.0	151
	chrI	59972	1	1.0	46
	chrI	59983	1	0.5	136
	chrI	59988	1	0.5	151
	chrI	59994	1	0.5	151
	chrI	60021	0	0.5	151
	chrI	60022	0	0.5	120
	chrI	60023	0	1.0	131
	chrI	60023	0	1.0	124
	chrI	60033	0	1.0	151
	chrI	60084	1	0.5	147
	chrI	60124	0	1.0	151
	chrI	60138	0	0.5	151
	chrI	60140	1	1.0	151
	chrI	60143	1	0.5	120
	chrI	60148	1	1.0	124
	chrI	60153	1	1.0	131
	chrI	60167	0	0.5	151
	chrI	60178	0	0.5	151
	chrI	60183	1	1.5	151
	chrI	60192	0	0.5	151
	chrI	60208	0	0.5	104
	chrI	60208	0	0.5	105
	chrI	60215	0	0.5	120
	chrI	60281	0	0.5	143
	chrI	60302	0	1.0	151
	chrI	60303	0	1.0	117
	chrI	60306	0	0.5	151
	chrI	60313	1	0.5	104
	chrI	60313	1	0.5	105
	chrI	60319	1	1.0	151
	chrI	60322	1	0.5	151
	chrI	60331	1	0.5	151
	chrI	60336	1	0.5	151
	chrI	60336	1	0.5	120
	chrI	60349	0	0.5	85
	chrI	60349	0	0.5	86
	chrI	60349	0	0.5	88
	chrI	60357	0	0.5	51
	chrI	60366	0	1.0	94
	chrI	60373	0	0.5	119
	chrI	60373	1	0.5	151
	chrI	60383	0	0.5	92
	chrI	60410	1	0.5	51
	chrI	60421	1	1.0	117
	chrI	60423	1	0.5	143
	chrI	60436	1	0.5	85
	chrI	60436	1	0.5	86
	chrI	60436	1	0.5	88
	chrI	60438	0	0.5	150
	chrI	60463	1	0.5	151
	chrI	60463	1	1.0	94
	chrI	60464	1	1.0	151
	chrI	60476	1	0.5	92
	chrI	60495	1	0.5	119
	chrI	60500	0	0.5	130
	chrI	60501	0	1.0	69
	chrI	60509	0	0.5	151
	chrI	60526	0	0.5	79
	chrI	60552	0	1.0	151
	chrI	60571	1	1.0	69
	chrI	60587	0	0.5	132
	chrI	60600	0	0.5	151
	chrI	60607	1	0.5	79
	chrI	60629	0	0.5	132
	chrI	60629	1	0.5	130
	chrI	60630	0	1.0	63
	chrI	60630	0	0.5	64
	chrI	60630	0	0.5	66
	chrI	60630	1	0.5	151
	chrI	60635	0	1.5	125
	chrI	60658	0	0.5	151
	chrI	60682	0	1.0	54
	chrI	60693	1	0.5	62
	chrI	60695	1	1.0	63
	chrI	60695	1	0.5	66
	chrI	60717	0	1.0	151
	chrI	60718	1	0.5	132
	chrI	60737	1	1.0	54
	chrI	60741	0	0.5	88
	chrI	60741	0	0.5	89
	chrI	60750	1	1.0	151
	chrI	60753	0	1.0	151
	chrI	60760	1	0.5	132
	chrI	60761	1	1.5	125
	chrI	60774	1	0.5	151
	chrI	60775	0	1.0	151
	chrI	60793	0	0.5	151
	chrI	60796	0	0.5	79
	chrI	60800	0	0.5	151
	chrI	60805	0	0.5	114
	chrI	60823	0	0.5	125
	chrI	60831	1	0.5	88
	chrI	60831	1	0.5	89
	chrI	60834	1	0.5	151
	chrI	60848	0	0.5	137
	chrI	60874	1	0.5	79
	chrI	60875	1	1.0	151
	chrI	60905	0	0.5	151
	chrI	60920	1	0.5	151
	chrI	60922	1	0.5	114
	chrI	60929	0	0.5	151
	chrI	60929	1	0.5	151
	chrI	60931	1	0.5	151
	chrI	60934	1	0.5	151
	chrI	60936	0	1.0	151
	chrI	60943	0	0.5	151
	chrI	60949	1	0.5	151
	chrI	60949	1	0.5	125
	chrI	60950	0	0.5	151
	chrI	60950	0	0.5	109
	chrI	60951	0	0.5	151
	chrI	60957	0	1.5	151
	chrI	60960	0	1.5	151
	chrI	60964	1	0.5	151
	chrI	60984	1	0.5	137
	chrI	60999	0	0.5	115
	chrI	60999	0	0.5	117
	chrI	60999	0	0.5	118
	chrI	61003	1	0.5	151
	chrI	61021	0	1.0	102
	chrI	61027	0	0.5	108
	chrI	61040	0	1.5	145
	chrI	61061	1	0.5	109
	chrI	61062	0	0.5	151
	chrI	61063	0	1.5	151
	chrI	61063	0	0.5	52
	chrI	61063	0	0.5	115
	chrI	61073	0	2.0	151
	chrI	61075	0	0.5	151
	chrI	61076	0	1.0	151
	chrI	61095	0	2.0	133
	chrI	61095	1	0.5	151
	chrI	61098	1	0.5	151
	chrI	61103	0	0.5	151
	chrI	61106	0	0.5	140
	chrI	61106	0	0.5	123
	chrI	61111	0	0.5	117
	chrI	61114	0	0.5	128
	chrI	61114	1	1.5	151
	chrI	61116	0	0.5	145
	chrI	61116	0	0.5	115
	chrI	61116	1	2.5	151
	chrI	61116	1	0.5	115
	chrI	61116	1	0.5	117
	chrI	61116	1	0.5	118
	chrI	61117	0	0.5	35
	chrI	61117	0	0.5	114
	chrI	61117	1	1.0	151
	chrI	61117	1	0.5	52
	chrI	61118	0	0.5	113
	chrI	61120	0	1.5	121
	chrI	61124	0	1.0	105
	chrI	61124	1	1.0	102
	chrI	61125	0	0.5	136
	chrI	61127	0	0.5	100
	chrI	61131	0	0.5	68
	chrI	61136	1	0.5	108
	chrI	61138	0	0.5	96
	chrI	61139	0	1.0	92
	chrI	61140	0	0.5	91
	chrI	61140	0	0.5	94
	chrI	61140	0	0.5	107
	chrI	61150	0	0.5	150
	chrI	61154	1	0.5	35
	chrI	61157	0	1.0	104
	chrI	61157	0	0.5	125
	chrI	61158	0	0.5	45
	chrI	61158	0	1.5	72
	chrI	61182	1	0.5	115
	chrI	61184	1	1.5	145
	chrI	61187	0	0.5	86
	chrI	61189	0	0.5	67
	chrI	61200	1	0.5	68
	chrI	61208	1	0.5	151
	chrI	61208	1	0.5	45
	chrI	61212	0	0.5	151
	chrI	61227	1	2.0	133
	chrI	61230	1	2.0	151
	chrI	61230	1	0.5	91
	chrI	61230	1	0.5	100
	chrI	61230	1	0.5	115
	chrI	61230	1	0.5	117
	chrI	61230	1	0.5	123
	chrI	61231	1	1.5	151
	chrI	61231	1	1.5	72
	chrI	61231	1	1.0	105
	chrI	61232	1	0.5	151
	chrI	61232	1	1.0	92
	chrI	61232	1	0.5	113
	chrI	61232	1	0.5	114
	chrI	61233	0	0.5	85
	chrI	61234	1	1.0	151
	chrI	61235	1	0.5	94
	chrI	61235	1	0.5	96
	chrI	61236	0	0.5	151
	chrI	61237	0	0.5	151
	chrI	61241	1	1.5	121
	chrI	61242	0	1.0	151
	chrI	61245	1	0.5	128
	chrI	61245	1	0.5	140
	chrI	61248	1	0.5	107
	chrI	61250	0	0.5	151
	chrI	61255	0	0.5	151
	chrI	61260	1	0.5	136
	chrI	61260	1	0.5	145
	chrI	61261	1	0.5	151
	chrI	61262	1	0.5	151
	chrI	61262	1	0.5	67
	chrI	61262	1	1.0	104
	chrI	61263	0	0.5	145
	chrI	61273	1	0.5	86
	chrI	61283	1	0.5	125
	chrI	61288	0	0.5	111
	chrI	61299	1	0.5	150
	chrI	61301	0	0.5	44
	chrI	61309	0	0.5	151
	chrI	61320	1	0.5	85
	chrI	61326	0	0.5	51
	chrI	61346	1	0.5	44
	chrI	61355	0	0.5	133
	chrI	61372	0	0.5	151
	chrI	61379	1	0.5	51
	chrI	61385	0	0.5	88
	chrI	61401	1	0.5	111
	chrI	61402	1	0.5	151
	chrI	61405	1	0.5	151
	chrI	61406	1	1.0	151
	chrI	61407	1	0.5	145
	chrI	61407	1	0.5	151
	chrI	61408	1	0.5	151
	chrI	61428	0	0.5	53
	chrI	61448	0	1.0	151
	chrI	61468	0	2.5	151
	chrI	61474	1	0.5	88
	chrI	61482	1	0.5	53
	chrI	61487	1	0.5	133
	chrI	61503	0	0.5	151
	chrI	61510	1	0.5	151
	chrI	61512	0	0.5	44
	chrI	61523	0	1.5	50
	chrI	61529	1	0.5	151
	chrI	61544	0	0.5	63
	chrI	61559	1	0.5	44
	chrI	61573	1	0.5	151
	chrI	61574	1	1.5	50
	chrI	61576	0	1.0	151
	chrI	61577	0	0.5	151
	chrI	61578	0	0.5	150
	chrI	61578	0	3.0	151
	chrI	61580	0	0.5	151
	chrI	61584	0	1.0	134
	chrI	61588	0	1.0	151
	chrI	61596	0	0.5	143
	chrI	61607	1	1.0	151
	chrI	61607	1	0.5	63
	chrI	61612	0	0.5	26
	chrI	61622	1	0.5	149
	chrI	61624	1	2.0	151
	chrI	61640	1	0.5	26
	chrI	61643	0	0.5	84
	chrI	61643	0	0.5	85
	chrI	61671	0	1.0	46
	chrI	61672	0	0.5	55
	chrI	61672	0	0.5	80
	chrI	61714	1	0.5	151
	chrI	61717	1	1.0	134
	chrI	61718	1	1.0	46
	chrI	61722	0	0.5	104
	chrI	61725	0	0.5	103
	chrI	61725	1	0.5	148
	chrI	61730	1	3.0	151
	chrI	61730	1	0.5	55
	chrI	61730	1	0.5	84
	chrI	61730	1	0.5	85
	chrI	61731	1	1.0	151
	chrI	61733	0	0.5	151
	chrI	61738	1	0.5	143
	chrI	61744	1	1.0	151
	chrI	61745	1	0.5	151
	chrI	61754	1	0.5	80
	chrI	61769	0	1.0	131
	chrI	61772	1	0.5	151
	chrI	61776	0	1.0	109
	chrI	61776	0	0.5	110
	chrI	61780	0	0.5	113
	chrI	61827	1	0.5	104
	chrI	61830	1	0.5	103
	chrI	61874	0	0.5	151
	chrI	61881	0	0.5	142
	chrI	61884	0	0.5	128
	chrI	61884	1	0.5	151
	chrI	61885	1	1.0	109
	chrI	61885	1	0.5	110
	chrI	61895	1	0.5	113
	chrI	61896	0	0.5	131
	chrI	61897	0	0.5	151
	chrI	61899	1	1.0	131
	chrI	61924	0	0.5	151
	chrI	61947	0	1.5	52
	chrI	61951	0	0.5	93
	chrI	61957	0	0.5	134
	chrI	61976	0	0.5	151
	chrI	61985	0	0.5	151
	chrI	62000	1	1.5	52
	chrI	62012	0	0.5	151
	chrI	62013	0	1.0	56
	chrI	62013	1	0.5	128
	chrI	62022	1	0.5	142
	chrI	62026	1	0.5	131
	chrI	62037	0	0.5	135
	chrI	62046	1	0.5	93
	chrI	62070	1	1.0	56
	chrI	62071	1	0.5	151
	chrI	62072	0	0.5	66
	chrI	62078	1	0.5	151
	chrI	62082	1	0.5	151
	chrI	62090	1	0.5	134
	chrI	62092	0	0.5	151
	chrI	62117	0	1.0	151
	chrI	62125	0	1.5	151
	chrI	62125	0	1.0	122
	chrI	62139	1	0.5	151
	chrI	62139	1	0.5	66
	chrI	62155	0	0.5	86
	chrI	62163	0	0.5	102
	chrI	62171	1	0.5	135
	chrI	62171	1	0.5	151
	chrI	62194	0	0.5	151
	chrI	62218	0	1.0	147
	chrI	62242	1	0.5	86
	chrI	62249	1	1.0	122
	chrI	62254	0	0.5	151
	chrI	62256	0	0.5	151
	chrI	62261	1	0.5	151
	chrI	62265	0	0.5	78
	chrI	62266	1	0.5	102
	chrI	62267	0	0.5	151
	chrI	62272	0	0.5	151
	chrI	62273	0	0.5	151
	chrI	62276	1	0.5	151
	chrI	62280	0	0.5	127
	chrI	62286	0	0.5	100
	chrI	62303	0	0.5	151
	chrI	62307	1	1.0	151
	chrI	62320	0	0.5	91
	chrI	62341	1	0.5	151
	chrI	62346	1	0.5	78
	chrI	62348	0	0.5	69
	chrI	62361	1	1.0	151
	chrI	62364	1	1.0	147
	chrI	62387	1	0.5	100
	chrI	62399	0	1.5	145
	chrI	62408	1	0.5	127
	chrI	62411	1	0.5	91
	chrI	62413	0	1.5	151
	chrI	62418	1	0.5	69
	chrI	62420	1	0.5	151
	chrI	62422	1	1.0	151
	chrI	62423	0	0.5	151
	chrI	62423	1	0.5	151
	chrI	62424	0	0.5	151
	chrI	62451	0	0.5	121
	chrI	62464	0	0.5	151
	chrI	62465	0	1.0	146
	chrI	62465	0	0.5	125
	chrI	62468	0	0.5	151
	chrI	62468	0	1.5	80
	chrI	62491	0	0.5	151
	chrI	62491	0	1.0	117
	chrI	62506	1	0.5	150
	chrI	62508	0	0.5	118
	chrI	62510	1	0.5	151
	chrI	62518	0	0.5	151
	chrI	62520	0	0.5	56
	chrI	62533	0	0.5	46
	chrI	62543	1	1.5	145
	chrI	62549	1	1.5	80
	chrI	62572	1	0.5	121
	chrI	62576	1	0.5	56
	chrI	62580	0	0.5	151
	chrI	62580	0	0.5	57
	chrI	62581	0	0.5	145
	chrI	62581	1	0.5	46
	chrI	62592	1	0.5	125
	chrI	62599	1	0.5	151
	chrI	62600	0	0.5	120
	chrI	62603	0	0.5	115
	chrI	62604	0	0.5	94
	chrI	62609	1	1.0	117
	chrI	62610	0	1.0	151
	chrI	62610	1	1.0	146
	chrI	62615	1	0.5	151
	chrI	62618	0	0.5	135
	chrI	62618	0	1.0	101
	chrI	62618	1	0.5	151
	chrI	62622	0	0.5	88
	chrI	62622	0	0.5	97
	chrI	62623	0	1.0	59
	chrI	62623	0	0.5	119
	chrI	62624	0	1.0	91
	chrI	62624	0	0.5	92
	chrI	62624	0	1.0	95
	chrI	62624	0	0.5	115
	chrI	62624	0	1.0	125
	chrI	62624	0	1.5	126
	chrI	62627	0	0.5	151
	chrI	62627	0	0.5	92
	chrI	62627	0	0.5	122
	chrI	62627	1	0.5	118
	chrI	62628	0	0.5	151
	chrI	62628	0	0.5	93
	chrI	62628	0	0.5	94
	chrI	62629	0	0.5	132
	chrI	62629	0	0.5	148
	chrI	62629	0	0.5	151
	chrI	62629	0	0.5	78
	chrI	62629	0	0.5	85
	chrI	62629	0	0.5	92
	chrI	62629	0	0.5	110
	chrI	62629	0	0.5	126
	chrI	62631	1	1.5	151
	chrI	62633	0	0.5	86
	chrI	62633	0	0.5	90
	chrI	62634	0	0.5	115
	chrI	62634	0	0.5	117
	chrI	62638	1	0.5	151
	chrI	62638	1	0.5	57
	chrI	62639	0	0.5	89
	chrI	62640	0	1.0	151
	chrI	62640	0	1.0	52
	chrI	62640	0	1.0	109
	chrI	62640	0	0.5	115
	chrI	62642	0	0.5	109
	chrI	62646	1	0.5	151
	chrI	62650	0	0.5	68
	chrI	62650	0	0.5	69
	chrI	62653	0	1.5	125
	chrI	62654	0	0.5	83
	chrI	62654	0	0.5	107
	chrI	62661	0	0.5	151
	chrI	62676	0	0.5	43
	chrI	62683	1	1.0	59
	chrI	62691	1	0.5	151
	chrI	62694	1	1.0	52
	chrI	62699	1	0.5	94
	chrI	62710	1	0.5	78
	chrI	62710	1	0.5	88
	chrI	62717	1	0.5	85
	chrI	62717	1	1.0	91
	chrI	62717	1	0.5	92
	chrI	62718	1	0.5	115
	chrI	62721	1	0.5	68
	chrI	62721	1	1.0	95
	chrI	62721	1	0.5	120
	chrI	62722	1	0.5	92
	chrI	62722	1	0.5	93
	chrI	62723	1	0.5	43
	chrI	62723	1	0.5	69
	chrI	62723	1	0.5	86
	chrI	62723	1	0.5	90
	chrI	62723	1	0.5	92
	chrI	62723	1	0.5	97
	chrI	62723	1	1.0	101
	chrI	62724	0	1.0	151
	chrI	62724	1	0.5	94
	chrI	62725	1	0.5	145
	chrI	62729	0	0.5	151
	chrI	62732	1	0.5	89
	chrI	62734	1	0.5	151
	chrI	62735	0	1.0	151
	chrI	62737	1	0.5	83
	chrI	62740	1	0.5	151
	chrI	62740	1	0.5	110
	chrI	62741	1	0.5	115
	chrI	62743	1	0.5	119
	chrI	62751	1	1.5	109
	chrI	62751	1	0.5	115
	chrI	62751	1	0.5	117
	chrI	62751	1	0.5	122
	chrI	62751	1	1.0	125
	chrI	62751	1	0.5	126
	chrI	62752	0	2.0	148
	chrI	62752	0	0.5	51
	chrI	62752	1	0.5	135
	chrI	62752	1	1.0	126
	chrI	62756	1	0.5	115
	chrI	62756	1	0.5	126
	chrI	62760	1	0.5	132
	chrI	62762	1	0.5	107
	chrI	62776	1	0.5	148
	chrI	62777	1	1.5	125
	chrI	62778	0	1.5	141
	chrI	62782	0	0.5	120
	chrI	62784	0	0.5	151
	chrI	62797	1	0.5	151
	chrI	62798	1	0.5	151
	chrI	62804	1	0.5	51
	chrI	62821	1	0.5	151
	chrI	62831	0	0.5	52
	chrI	62850	1	0.5	151
	chrI	62884	1	0.5	52
	chrI	62889	0	0.5	50
	chrI	62893	1	0.5	151
	chrI	62899	1	2.0	148
	chrI	62899	1	1.0	151
	chrI	62900	0	1.5	151
	chrI	62902	1	0.5	120
	chrI	62912	0	0.5	151
	chrI	62918	1	1.5	141
	chrI	62919	0	0.5	151
	chrI	62919	1	2.0	151
	chrI	62920	0	0.5	151
	chrI	62921	0	0.5	151
	chrI	62936	0	0.5	142
	chrI	62937	0	0.5	151
	chrI	62940	1	0.5	50
	chrI	62958	0	0.5	114
	chrI	62977	0	0.5	67
	chrI	63021	1	0.5	151
	chrI	63036	0	1.0	53
	chrI	63045	1	0.5	67
	chrI	63046	0	0.5	151
	chrI	63057	1	0.5	150
	chrI	63058	1	0.5	151
	chrI	63060	0	0.5	149
	chrI	63067	0	0.5	134
	chrI	63072	1	0.5	151
	chrI	63074	1	0.5	114
	chrI	63077	1	0.5	142
	chrI	63078	1	1.0	151
	chrI	63080	1	0.5	151
	chrI	63081	0	0.5	151
	chrI	63084	1	1.0	151
	chrI	63085	0	1.0	151
	chrI	63085	0	0.5	119
	chrI	63085	0	0.5	122
	chrI	63085	0	0.5	123
	chrI	63090	1	1.0	53
	chrI	63102	0	0.5	151
	chrI	63108	0	0.5	151
	chrI	63113	0	1.5	87
	chrI	63121	0	0.5	93
	chrI	63124	0	0.5	73
	chrI	63140	0	0.5	134
	chrI	63140	0	0.5	151
	chrI	63141	1	0.5	151
	chrI	63171	0	0.5	151
	chrI	63172	1	0.5	151
	chrI	63177	0	0.5	94
	chrI	63198	1	0.5	73
	chrI	63200	1	0.5	134
	chrI	63201	1	1.5	87
	chrI	63205	1	0.5	119
	chrI	63208	1	0.5	149
	chrI	63208	1	0.5	122
	chrI	63208	1	0.5	123
	chrI	63211	1	0.5	151
	chrI	63215	1	0.5	93
	chrI	63216	0	1.0	151
	chrI	63235	0	0.5	122
	chrI	63237	0	0.5	136
	chrI	63244	1	1.0	151
	chrI	63248	1	0.5	151
	chrI	63249	0	0.5	134
	chrI	63249	0	0.5	151
	chrI	63259	1	0.5	151
	chrI	63261	0	0.5	151
	chrI	63262	0	0.5	136
	chrI	63272	0	1.0	151
	chrI	63273	1	0.5	134
	chrI	63273	1	0.5	94
	chrI	63275	0	1.0	151
	chrI	63276	0	0.5	53
	chrI	63276	0	0.5	54
	chrI	63276	0	0.5	104
	chrI	63280	0	0.5	151
	chrI	63289	0	1.0	125
	chrI	63302	0	0.5	93
	chrI	63328	0	0.5	151
	chrI	63331	1	0.5	53
	chrI	63331	1	0.5	54
	chrI	63358	1	0.5	122
	chrI	63362	0	0.5	135
	chrI	63372	1	0.5	136
	chrI	63372	1	0.5	151
	chrI	63374	1	0.5	151
	chrI	63375	0	0.5	141
	chrI	63378	0	0.5	151
	chrI	63381	1	0.5	104
	chrI	63382	1	0.5	134
	chrI	63391	0	2.0	146
	chrI	63396	1	0.5	93
	chrI	63397	1	0.5	136
	chrI	63399	1	0.5	151
	chrI	63400	0	0.5	137
	chrI	63400	0	1.5	151
	chrI	63400	0	0.5	96
	chrI	63416	1	0.5	151
	chrI	63416	1	1.0	125
	chrI	63420	0	0.5	134
	chrI	63434	1	1.0	151
	chrI	63437	1	0.5	151
	chrI	63458	1	0.5	151
	chrI	63467	0	0.5	151
	chrI	63475	1	0.5	151
	chrI	63481	0	0.5	60
	chrI	63490	1	0.5	151
	chrI	63496	1	0.5	135
	chrI	63496	1	0.5	151
	chrI	63498	0	0.5	151
	chrI	63498	1	0.5	96
	chrI	63500	0	0.5	89
	chrI	63515	1	0.5	141
	chrI	63536	1	0.5	137
	chrI	63536	1	2.0	146
	chrI	63543	1	0.5	60
	chrI	63549	1	0.5	151
	chrI	63553	1	0.5	134
	chrI	63555	0	0.5	110
	chrI	63561	1	1.0	151
	chrI	63562	0	0.5	151
	chrI	63569	0	1.0	151
	chrI	63569	1	0.5	151
	chrI	63577	1	0.5	151
	chrI	63578	0	0.5	151
	chrI	63592	0	1.0	151
	chrI	63592	1	0.5	89
	chrI	63616	0	0.5	151
	chrI	63624	1	0.5	151
	chrI	63640	0	0.5	151
	chrI	63663	1	0.5	151
	chrI	63667	1	0.5	110
	chrI	63668	1	0.5	151
	chrI	63674	0	0.5	113
	chrI	63675	0	1.0	70
	chrI	63676	0	0.5	148
	chrI	63689	0	0.5	151
	chrI	63695	0	0.5	101
	chrI	63695	0	0.5	102
	chrI	63703	0	1.5	151
	chrI	63708	0	1.0	99
	chrI	63712	0	1.5	151
	chrI	63717	1	0.5	151
	chrI	63737	0	0.5	69
	chrI	63741	1	0.5	151
	chrI	63745	0	0.5	65
	chrI	63748	1	1.0	70
	chrI	63749	0	0.5	72
	chrI	63752	0	1.5	151
	chrI	63754	0	0.5	151
	chrI	63756	1	1.0	151
	chrI	63759	1	1.0	151
	chrI	63771	1	0.5	151
	chrI	63778	0	0.5	151
	chrI	63780	0	0.5	75
	chrI	63780	0	0.5	76
	chrI	63788	1	0.5	113
	chrI	63795	0	0.5	151
	chrI	63796	1	0.5	101
	chrI	63796	1	0.5	102
	chrI	63808	1	0.5	69
	chrI	63810	1	0.5	65
	chrI	63810	1	1.0	99
	chrI	63814	0	1.0	54
	chrI	63817	1	0.5	151
	chrI	63823	1	0.5	148
	chrI	63823	1	0.5	72
	chrI	63846	1	0.5	151
	chrI	63851	0	0.5	69
	chrI	63854	1	1.5	151
	chrI	63856	1	0.5	75
	chrI	63856	1	0.5	76
	chrI	63865	0	0.5	115
	chrI	63869	1	1.0	54
	chrI	63874	0	1.0	151
	chrI	63884	1	1.5	151
	chrI	63892	0	0.5	151
	chrI	63906	1	1.5	151
	chrI	63914	0	0.5	151
	chrI	63918	1	0.5	151
	chrI	63921	1	0.5	69
	chrI	63925	0	0.5	108
	chrI	63925	0	0.5	109
	chrI	63937	0	0.5	96
	chrI	63949	1	0.5	151
	chrI	63950	1	0.5	151
	chrI	63958	0	1.0	151
	chrI	63981	1	0.5	115
	chrI	64029	1	0.5	151
	chrI	64034	1	0.5	96
	chrI	64034	1	0.5	108
	chrI	64034	1	0.5	109
	chrI	64044	1	0.5	151
	chrI	64055	0	1.0	85
	chrI	64059	1	0.5	151
	chrI	64060	0	0.5	125
	chrI	64081	1	0.5	151
	chrI	64133	0	0.5	117
	chrI	64140	1	1.0	85
	chrI	64168	0	0.5	151
	chrI	64171	1	1.0	151
	chrI	64173	0	0.5	116
	chrI	64180	0	1.0	151
	chrI	64185	1	0.5	125
	chrI	64192	0	0.5	151
	chrI	64204	0	0.5	151
	chrI	64214	0	0.5	114
	chrI	64243	0	1.0	151
	chrI	64251	1	0.5	117
	chrI	64255	0	0.5	142
	chrI	64291	1	0.5	116
	chrI	64297	0	1.0	139
	chrI	64319	0	0.5	151
	chrI	64330	1	0.5	114
	chrI	64331	0	1.0	151
	chrI	64347	0	1.0	151
	chrI	64347	1	1.5	151
	chrI	64390	1	0.5	151
	chrI	64396	1	0.5	142
	chrI	64396	1	1.0	151
	chrI	64408	1	0.5	151
	chrI	64429	0	0.5	151
	chrI	64435	1	1.0	139
	chrI	64436	0	0.5	151
	chrI	64444	0	0.5	151
	chrI	64444	0	0.5	92
	chrI	64460	0	0.5	64
	chrI	64463	0	1.5	151
	chrI	64480	0	0.5	133
	chrI	64480	1	0.5	151
	chrI	64487	1	0.5	151
	chrI	64490	1	0.5	151
	chrI	64494	0	1.0	134
	chrI	64500	0	1.0	151
	chrI	64516	1	0.5	151
	chrI	64518	0	0.5	149
	chrI	64520	0	0.5	151
	chrI	64525	1	0.5	64
	chrI	64526	0	0.5	142
	chrI	64532	0	0.5	151
	chrI	64536	1	0.5	92
	chrI	64537	1	0.5	151
	chrI	64538	0	0.5	151
	chrI	64547	0	0.5	108
	chrI	64551	0	0.5	86
	chrI	64551	0	0.5	123
	chrI	64554	0	1.5	151
	chrI	64568	0	0.5	98
	chrI	64598	1	0.5	151
	chrI	64601	0	0.5	151
	chrI	64604	0	0.5	151
	chrI	64606	1	0.5	151
	chrI	64610	0	0.5	77
	chrI	64610	0	0.5	115
	chrI	64612	1	0.5	133
	chrI	64627	1	1.0	134
	chrI	64639	1	1.5	151
	chrI	64639	1	0.5	86
	chrI	64646	1	0.5	151
	chrI	64647	0	1.0	151
	chrI	64655	0	0.5	104
	chrI	64657	1	0.5	108
	chrI	64658	0	0.5	120
	chrI	64658	0	2.0	122
	chrI	64659	1	1.0	151
	chrI	64666	1	0.5	149
	chrI	64666	1	0.5	98
	chrI	64667	1	0.5	142
	chrI	64668	0	0.5	151
	chrI	64674	1	0.5	123
	chrI	64679	0	0.5	151
	chrI	64687	1	0.5	151
	chrI	64687	1	0.5	77
	chrI	64688	1	0.5	151
	chrI	64690	0	0.5	120
	chrI	64695	1	0.5	151
	chrI	64716	0	0.5	151
	chrI	64726	1	0.5	115
	chrI	64754	1	1.5	151
	chrI	64755	0	0.5	128
	chrI	64757	1	0.5	151
	chrI	64759	0	0.5	99
	chrI	64759	1	0.5	104
	chrI	64760	0	0.5	66
	chrI	64776	0	0.5	146
	chrI	64776	0	0.5	76
	chrI	64778	0	0.5	151
	chrI	64781	1	0.5	151
	chrI	64781	1	0.5	120
	chrI	64781	1	0.5	122
	chrI	64783	1	1.5	122
	chrI	64784	0	0.5	151
	chrI	64785	0	0.5	143
	chrI	64789	0	1.5	106
	chrI	64811	1	0.5	120
	chrI	64820	0	1.5	151
	chrI	64827	1	1.0	151
	chrI	64828	0	1.0	104
	chrI	64828	1	0.5	66
	chrI	64836	0	0.5	151
	chrI	64842	0	1.0	121
	chrI	64851	0	0.5	81
	chrI	64851	1	0.5	76
	chrI	64857	1	0.5	99
	chrI	64861	1	0.5	151
	chrI	64865	0	0.5	151
	chrI	64865	1	0.5	151
	chrI	64871	0	0.5	151
	chrI	64873	1	0.5	151
	chrI	64882	1	0.5	128
	chrI	64898	1	1.5	106
	chrI	64921	1	0.5	146
	chrI	64927	1	0.5	143
	chrI	64933	1	0.5	81
	chrI	64933	1	1.0	104
	chrI	64939	1	0.5	151
	chrI	64941	0	0.5	119
	chrI	64949	0	0.5	68
	chrI	64951	0	0.5	112
	chrI	64964	1	1.0	121
	chrI	64989	0	0.5	151
	chrI	64990	0	0.5	71
	chrI	64990	0	0.5	73
	chrI	65000	1	0.5	151
	chrI	65016	1	0.5	151
	chrI	65017	0	0.5	63
	chrI	65017	1	0.5	68
	chrI	65030	0	0.5	151
	chrI	65038	1	2.0	151
	chrI	65039	1	0.5	151
	chrI	65060	1	0.5	119
	chrI	65062	1	0.5	71
	chrI	65062	1	0.5	73
	chrI	65065	1	0.5	112
	chrI	65071	0	0.5	151
	chrI	65080	1	0.5	63
	chrI	65107	0	0.5	151
	chrI	65121	0	0.5	110
	chrI	65132	0	0.5	151
	chrI	65140	1	0.5	151
	chrI	65165	0	0.5	151
	chrI	65166	0	0.5	57
	chrI	65167	0	1.0	151
	chrI	65168	0	0.5	151
	chrI	65171	0	1.5	151
	chrI	65192	0	0.5	119
	chrI	65221	1	0.5	151
	chrI	65224	1	0.5	57
	chrI	65231	1	0.5	110
	chrI	65242	0	1.0	142
	chrI	65250	0	0.5	150
	chrI	65250	0	1.0	151
	chrI	65252	0	1.0	151
	chrI	65257	0	0.5	151
	chrI	65257	1	0.5	151
	chrI	65258	0	0.5	151
	chrI	65261	0	0.5	151
	chrI	65270	0	0.5	83
	chrI	65276	0	0.5	151
	chrI	65296	1	0.5	151
	chrI	65311	1	0.5	119
	chrI	65321	1	1.0	151
	chrI	65322	0	1.0	151
	chrI	65322	1	1.0	151
	chrI	65323	0	1.0	151
	chrI	65323	0	0.5	74
	chrI	65323	0	0.5	97
	chrI	65350	1	0.5	151
	chrI	65351	1	0.5	151
	chrI	65352	0	0.5	66
	chrI	65353	0	0.5	67
	chrI	65353	1	0.5	83
	chrI	65355	1	0.5	151
	chrI	65382	0	0.5	123
	chrI	65383	0	0.5	93
	chrI	65383	1	1.0	142
	chrI	65385	1	0.5	151
	chrI	65399	1	0.5	74
	chrI	65402	0	0.5	151
	chrI	65405	1	1.5	151
	chrI	65409	0	0.5	151
	chrI	65410	0	1.0	70
	chrI	65415	1	1.0	151
	chrI	65416	1	0.5	151
	chrI	65419	0	0.5	151
	chrI	65419	0	0.5	124
	chrI	65419	0	0.5	127
	chrI	65419	1	1.0	151
	chrI	65419	1	0.5	66
	chrI	65420	0	0.5	151
	chrI	65420	0	0.5	86
	chrI	65420	1	0.5	97
	chrI	65421	0	0.5	151
	chrI	65421	1	0.5	67
	chrI	65423	0	0.5	119
	chrI	65429	1	0.5	151
	chrI	65460	0	0.5	136
	chrI	65460	0	1.0	151
	chrI	65460	0	0.5	82
	chrI	65473	0	0.5	116
	chrI	65478	1	1.0	151
	chrI	65478	1	0.5	93
	chrI	65479	0	1.0	151
	chrI	65482	0	0.5	151
	chrI	65482	1	0.5	151
	chrI	65482	1	1.0	70
	chrI	65483	0	0.5	151
	chrI	65484	1	0.5	151
	chrI	65490	0	0.5	115
	chrI	65493	0	0.5	143
	chrI	65496	0	0.5	135
	chrI	65499	0	0.5	81
	chrI	65507	1	0.5	86
	chrI	65508	0	0.5	81
	chrI	65508	1	0.5	123
	chrI	65514	0	0.5	100
	chrI	65515	0	0.5	110
	chrI	65515	0	0.5	112
	chrI	65543	0	0.5	91
	chrI	65543	0	0.5	93
	chrI	65545	1	0.5	82
	chrI	65545	1	0.5	119
	chrI	65546	1	0.5	124
	chrI	65546	1	0.5	127
	chrI	65550	0	0.5	151
	chrI	65554	0	0.5	55
	chrI	65567	0	0.5	77
	chrI	65581	0	0.5	51
	chrI	65581	1	1.0	151
	chrI	65581	1	0.5	81
	chrI	65587	0	0.5	151
	chrI	65590	1	0.5	151
	chrI	65590	1	0.5	81
	chrI	65590	1	0.5	116
	chrI	65591	0	0.5	64
	chrI	65595	1	0.5	136
	chrI	65596	0	0.5	89
	chrI	65605	1	0.5	115
	chrI	65610	1	0.5	55
	chrI	65611	0	0.5	67
	chrI	65617	1	0.5	100
	chrI	65629	1	0.5	110
	chrI	65629	1	0.5	112
	chrI	65630	1	0.5	135
	chrI	65633	1	0.5	51
	chrI	65635	1	0.5	143
	chrI	65635	1	1.0	151
	chrI	65635	1	0.5	91
	chrI	65635	1	0.5	93
	chrI	65645	1	0.5	151
	chrI	65646	1	0.5	151
	chrI	65646	1	0.5	77
	chrI	65648	0	0.5	75
	chrI	65650	0	0.5	70
	chrI	65652	0	0.5	151
	chrI	65654	0	0.5	151
	chrI	65654	1	0.5	151
	chrI	65655	0	0.5	150
	chrI	65656	1	0.5	64
	chrI	65660	0	1.0	45
	chrI	65663	0	0.5	90
	chrI	65663	0	0.5	104
	chrI	65666	0	0.5	58
	chrI	65673	0	0.5	59
	chrI	65679	0	0.5	122
	chrI	65680	1	0.5	67
	chrI	65688	1	0.5	89
	chrI	65691	0	0.5	54
	chrI	65706	1	0.5	151
	chrI	65706	1	1.0	45
	chrI	65721	1	0.5	70
	chrI	65723	1	0.5	58
	chrI	65724	1	0.5	75
	chrI	65730	0	0.5	151
	chrI	65733	1	0.5	59
	chrI	65737	1	0.5	140
	chrI	65748	1	0.5	54
	chrI	65755	1	0.5	90
	chrI	65758	0	0.5	88
	chrI	65768	1	0.5	147
	chrI	65770	1	0.5	151
	chrI	65770	1	0.5	104
	chrI	65771	1	0.5	150
	chrI	65792	0	1.0	151
	chrI	65800	1	0.5	122
	chrI	65804	1	0.5	150
	chrI	65804	1	0.5	151
	chrI	65826	1	0.5	151
	chrI	65830	0	0.5	151
	chrI	65846	0	1.0	136
	chrI	65848	1	0.5	88
	chrI	65906	1	0.5	151
	chrI	65922	0	0.5	149
	chrI	65922	0	0.5	151
	chrI	65935	0	0.5	52
	chrI	65953	0	0.5	151
	chrI	65953	1	1.0	151
	chrI	65957	0	1.0	151
	chrI	65971	0	0.5	120
	chrI	65981	1	1.0	136
	chrI	65988	1	0.5	52
	chrI	66007	0	0.5	144
	chrI	66016	1	0.5	151
	chrI	66042	0	0.5	104
	chrI	66057	0	0.5	139
	chrI	66070	1	0.5	149
	chrI	66072	0	1.0	83
	chrI	66078	1	0.5	151
	chrI	66086	0	0.5	95
	chrI	66091	1	0.5	120
	chrI	66095	0	0.5	151
	chrI	66096	0	0.5	97
	chrI	66109	1	0.5	151
	chrI	66145	0	0.5	117
	chrI	66148	1	0.5	104
	chrI	66150	1	0.5	144
	chrI	66158	1	1.0	83
	chrI	66180	1	0.5	95
	chrI	66188	1	1.0	151
	chrI	66195	1	0.5	139
	chrI	66195	1	0.5	97
	chrI	66197	0	1.0	133
	chrI	66223	0	0.5	116
	chrI	66224	0	0.5	151
	chrI	66249	0	1.0	151
	chrI	66256	0	0.5	151
	chrI	66257	0	0.5	69
	chrI	66258	0	0.5	145
	chrI	66259	0	0.5	151
	chrI	66263	1	0.5	117
	chrI	66267	0	1.0	151
	chrI	66290	0	1.0	138
	chrI	66294	0	0.5	112
	chrI	66306	0	0.5	151
	chrI	66317	0	0.5	151
	chrI	66321	0	0.5	151
	chrI	66326	0	0.5	73
	chrI	66328	1	0.5	69
	chrI	66329	1	1.0	133
	chrI	66340	1	0.5	116
	chrI	66348	0	0.5	134
	chrI	66348	0	0.5	51
	chrI	66381	0	0.5	51
	chrI	66383	0	1.0	74
	chrI	66394	0	0.5	122
	chrI	66400	1	0.5	51
	chrI	66402	0	0.5	151
	chrI	66402	1	0.5	145
	chrI	66402	1	0.5	151
	chrI	66402	1	0.5	73
	chrI	66406	1	0.5	112
	chrI	66410	1	1.0	151
	chrI	66414	0	0.5	104
	chrI	66416	1	0.5	151
	chrI	66419	0	1.0	151
	chrI	66427	1	1.0	138
	chrI	66427	1	1.5	151
	chrI	66432	0	0.5	131
	chrI	66434	1	0.5	151
	chrI	66434	1	0.5	51
	chrI	66447	0	0.5	53
	chrI	66458	0	0.5	151
	chrI	66458	1	1.0	74
	chrI	66460	0	0.5	106
	chrI	66461	0	0.5	116
	chrI	66461	1	0.5	151
	chrI	66475	0	0.5	87
	chrI	66481	1	0.5	134
	chrI	66483	0	0.5	151
	chrI	66483	1	0.5	151
	chrI	66490	0	1.5	151
	chrI	66502	1	0.5	53
	chrI	66506	0	0.5	110
	chrI	66517	1	0.5	122
	chrI	66519	1	0.5	151
	chrI	66521	1	0.5	104
	chrI	66562	1	0.5	131
	chrI	66563	1	0.5	87
	chrI	66568	1	0.5	106
	chrI	66577	1	1.0	151
	chrI	66578	1	0.5	116
	chrI	66586	1	0.5	151
	chrI	66595	0	0.5	151
	chrI	66597	0	1.0	151
	chrI	66606	0	0.5	151
	chrI	66615	1	0.5	151
	chrI	66615	1	0.5	110
	chrI	66618	0	0.5	72
	chrI	66634	0	0.5	68
	chrI	66647	1	1.5	151
	chrI	66658	1	0.5	151
	chrI	66661	0	0.5	115
	chrI	66691	1	0.5	72
	chrI	66701	1	0.5	66
	chrI	66755	1	1.0	151
	chrI	66761	0	0.5	100
	chrI	66766	0	0.5	68
	chrI	66768	0	0.5	151
	chrI	66776	1	0.5	115
	chrI	66784	0	1.0	135
	chrI	66784	0	0.5	151
	chrI	66785	0	0.5	151
	chrI	66803	0	0.5	76
	chrI	66808	0	1.0	151
	chrI	66816	0	0.5	143
	chrI	66816	0	1.0	112
	chrI	66833	0	0.5	38
	chrI	66835	0	0.5	89
	chrI	66836	0	1.0	84
	chrI	66836	1	0.5	151
	chrI	66838	0	0.5	73
	chrI	66840	1	0.5	68
	chrI	66844	0	0.5	151
	chrI	66849	0	0.5	114
	chrI	66863	1	0.5	100
	chrI	66873	1	0.5	38
	chrI	66878	0	0.5	81
	chrI	66881	1	0.5	76
	chrI	66889	1	0.5	151
	chrI	66905	0	1.0	142
	chrI	66915	1	0.5	76
	chrI	66918	1	1.0	135
	chrI	66922	1	1.0	84
	chrI	66925	1	0.5	89
	chrI	66928	1	1.0	112
	chrI	66931	0	1.0	114
	chrI	66934	0	0.5	106
	chrI	66937	1	0.5	151
	chrI	66943	1	0.5	151
	chrI	66958	1	0.5	143
	chrI	66960	1	0.5	151
	chrI	66961	1	0.5	81
	chrI	66965	1	0.5	114
	chrI	66970	0	0.5	151
	chrI	66988	0	0.5	125
	chrI	66992	1	1.0	151
	chrI	67002	0	1.0	151
	chrI	67011	0	0.5	123
	chrI	67013	1	0.5	151
	chrI	67016	0	0.5	97
	chrI	67019	0	0.5	147
	chrI	67027	0	0.5	151
	chrI	67040	1	0.5	106
	chrI	67046	1	1.0	142
	chrI	67046	1	1.0	114
	chrI	67096	0	0.5	53
	chrI	67111	0	0.5	151
	chrI	67114	0	0.5	151
	chrI	67114	1	0.5	97
	chrI	67114	1	0.5	125
	chrI	67129	0	0.5	151
	chrI	67131	0	0.5	128
	chrI	67135	0	0.5	151
	chrI	67135	1	0.5	123
	chrI	67143	0	0.5	102
	chrI	67151	1	0.5	53
	chrI	67161	0	1.0	138
	chrI	67164	0	0.5	72
	chrI	67165	1	0.5	147
	chrI	67174	1	1.0	151
	chrI	67181	1	0.5	151
	chrI	67199	0	0.5	63
	chrI	67200	0	0.5	123
	chrI	67229	0	1.0	149
	chrI	67236	0	1.0	151
	chrI	67236	1	0.5	72
	chrI	67246	1	0.5	102
	chrI	67252	0	0.5	138
	chrI	67261	1	0.5	128
	chrI	67262	1	0.5	63
	chrI	67267	0	0.5	65
	chrI	67268	1	0.5	151
	chrI	67291	0	0.5	151
	chrI	67298	1	1.0	138
	chrI	67298	1	0.5	151
	chrI	67300	1	0.5	151
	chrI	67301	0	0.5	151
	chrI	67301	0	0.5	108
	chrI	67306	0	0.5	81
	chrI	67325	1	0.5	123
	chrI	67332	1	0.5	65
	chrI	67343	0	0.5	118
	chrI	67344	0	1.0	150
	chrI	67345	0	0.5	151
	chrI	67352	0	0.5	151
	chrI	67353	0	1.0	151
	chrI	67354	0	0.5	149
	chrI	67361	0	0.5	121
	chrI	67362	0	0.5	151
	chrI	67368	0	0.5	151
	chrI	67374	0	0.5	137
	chrI	67374	0	0.5	151
	chrI	67377	1	1.0	149
	chrI	67389	1	0.5	138
	chrI	67390	1	0.5	81
	chrI	67391	1	0.5	151
	chrI	67392	1	0.5	151
	chrI	67393	0	2.0	151
	chrI	67410	1	0.5	108
	chrI	67412	0	1.0	151
	chrI	67414	1	0.5	151
	chrI	67458	1	0.5	151
	chrI	67463	1	0.5	118
	chrI	67464	0	0.5	140
	chrI	67473	1	0.5	151
	chrI	67475	0	0.5	118
	chrI	67483	1	0.5	121
	chrI	67493	1	1.0	150
	chrI	67496	1	0.5	151
	chrI	67498	0	0.5	150
	chrI	67500	0	0.5	108
	chrI	67502	1	0.5	149
	chrI	67510	1	0.5	137
	chrI	67513	1	0.5	151
	chrI	67518	0	0.5	110
	chrI	67526	1	0.5	151
	chrI	67531	0	1.5	106
	chrI	67534	1	1.0	151
	chrI	67538	1	0.5	151
	chrI	67542	0	0.5	151
	chrI	67545	1	2.0	151
	chrI	67549	1	0.5	151
	chrI	67574	1	1.0	151
	chrI	67575	0	0.5	136
	chrI	67575	0	0.5	151
	chrI	67585	0	0.5	52
	chrI	67586	0	0.5	69
	chrI	67595	1	0.5	118
	chrI	67603	1	0.5	140
	chrI	67609	1	0.5	110
	chrI	67624	0	0.5	151
	chrI	67629	1	0.5	110
	chrI	67631	0	0.5	151
	chrI	67634	0	0.5	151
	chrI	67637	1	0.5	52
	chrI	67637	1	1.5	106
	chrI	67647	1	0.5	150
	chrI	67649	0	1.0	151
	chrI	67657	1	0.5	69
	chrI	67690	0	0.5	151
	chrI	67702	1	0.5	151
	chrI	67710	0	0.5	142
	chrI	67710	1	0.5	136
	chrI	67716	1	0.5	151
	chrI	67736	0	1.5	135
	chrI	67740	0	1.0	151
	chrI	67743	0	1.0	124
	chrI	67745	1	0.5	151
	chrI	67749	0	1.5	151
	chrI	67749	0	0.5	87
	chrI	67754	0	0.5	94
	chrI	67755	0	0.5	151
	chrI	67755	0	0.5	126
	chrI	67775	0	0.5	69
	chrI	67780	0	1.0	102
	chrI	67782	0	1.0	151
	chrI	67791	1	0.5	151
	chrI	67801	0	0.5	44
	chrI	67803	0	0.5	150
	chrI	67810	1	0.5	151
	chrI	67811	0	0.5	44
	chrI	67812	0	0.5	119
	chrI	67839	1	0.5	87
	chrI	67843	1	0.5	151
	chrI	67844	1	0.5	69
	chrI	67846	0	0.5	85
	chrI	67847	1	0.5	44
	chrI	67849	1	0.5	94
	chrI	67851	0	0.5	100
	chrI	67851	1	0.5	142
	chrI	67854	1	1.0	151
	chrI	67856	1	0.5	44
	chrI	67862	0	1.0	67
	chrI	67870	0	0.5	151
	chrI	67870	1	1.5	135
	chrI	67870	1	1.0	124
	chrI	67875	0	0.5	151
	chrI	67875	0	1.0	71
	chrI	67880	0	0.5	151
	chrI	67882	0	0.5	151
	chrI	67883	1	0.5	126
	chrI	67884	1	1.0	102
	chrI	67897	0	0.5	151
	chrI	67897	0	0.5	111
	chrI	67897	0	0.5	121
	chrI	67901	0	2.0	138
	chrI	67901	0	0.5	118
	chrI	67902	0	0.5	151
	chrI	67909	1	0.5	151
	chrI	67912	1	1.0	151
	chrI	67913	0	0.5	134
	chrI	67924	0	0.5	137
	chrI	67925	0	0.5	151
	chrI	67925	0	0.5	119
	chrI	67930	0	1.0	151
	chrI	67931	1	1.0	67
	chrI	67932	1	0.5	85
	chrI	67933	1	0.5	119
	chrI	67947	1	1.0	71
	chrI	67948	0	1.0	135
	chrI	67948	0	0.5	151
	chrI	67948	0	0.5	121
	chrI	67948	1	1.5	151
	chrI	67950	0	0.5	151
	chrI	67950	0	0.5	74
	chrI	67950	0	0.5	107
	chrI	67951	1	0.5	100
	chrI	67952	1	0.5	150
	chrI	67957	0	0.5	151
	chrI	67959	1	1.0	151
	chrI	67963	0	1.0	151
	chrI	67979	1	0.5	151
	chrI	68004	0	0.5	145
	chrI	68004	0	0.5	66
	chrI	68009	1	0.5	111
	chrI	68021	1	0.5	118
	chrI	68021	1	0.5	121
	chrI	68026	0	0.5	151
	chrI	68026	0	0.5	69
	chrI	68026	1	0.5	74
	chrI	68038	1	2.0	138
	chrI	68046	1	0.5	134
	chrI	68046	1	0.5	151
	chrI	68046	1	0.5	119
	chrI	68049	0	0.5	121
	chrI	68049	1	1.0	151
	chrI	68050	1	0.5	151
	chrI	68055	0	1.0	141
	chrI	68055	0	0.5	76
	chrI	68057	0	1.0	139
	chrI	68059	1	0.5	107
	chrI	68060	1	0.5	137
	chrI	68060	1	0.5	151
	chrI	68070	1	0.5	66
	chrI	68071	0	0.5	140
	chrI	68071	1	0.5	121
	chrI	68082	1	1.0	135
	chrI	68091	1	0.5	151
	chrI	68097	1	0.5	147
	chrI	68098	1	0.5	69
	chrI	68105	0	1.0	151
	chrI	68113	1	0.5	151
	chrI	68114	1	1.0	151
	chrI	68131	1	0.5	151
	chrI	68133	1	0.5	76
	chrI	68144	0	0.5	103
	chrI	68144	0	0.5	107
	chrI	68144	1	1.0	151
	chrI	68145	0	0.5	128
	chrI	68145	0	0.5	130
	chrI	68148	1	0.5	145
	chrI	68156	0	1.0	151
	chrI	68158	0	0.5	88
	chrI	68158	0	1.0	105
	chrI	68169	1	0.5	121
	chrI	68171	0	0.5	151
	chrI	68177	0	0.5	72
	chrI	68195	1	1.0	139
	chrI	68195	1	1.0	141
	chrI	68203	0	1.5	104
	chrI	68241	0	0.5	151
	chrI	68248	1	0.5	88
	chrI	68250	1	0.5	72
	chrI	68250	1	0.5	103
	chrI	68250	1	0.5	107
	chrI	68265	1	1.0	151
	chrI	68265	1	1.0	105
	chrI	68266	0	0.5	77
	chrI	68267	0	0.5	151
	chrI	68267	0	0.5	113
	chrI	68274	1	0.5	128
	chrI	68274	1	0.5	130
	chrI	68282	1	0.5	151
	chrI	68308	1	1.5	104
	chrI	68314	0	0.5	45
	chrI	68317	1	1.0	151
	chrI	68324	1	1.0	151
	chrI	68325	0	0.5	56
	chrI	68331	0	0.5	151
	chrI	68337	0	0.5	45
	chrI	68337	0	1.0	107
	chrI	68344	1	0.5	77
	chrI	68345	0	0.5	151
	chrI	68354	0	0.5	151
	chrI	68361	1	0.5	45
	chrI	68376	0	0.5	66
	chrI	68380	0	0.5	80
	chrI	68382	1	0.5	56
	chrI	68382	1	0.5	113
	chrI	68394	1	0.5	151
	chrI	68405	0	0.5	98
	chrI	68433	0	0.5	124
	chrI	68434	0	0.5	151
	chrI	68443	1	0.5	66
	chrI	68444	0	0.5	139
	chrI	68445	1	1.0	107
	chrI	68447	0	1.5	118
	chrI	68461	1	0.5	80
	chrI	68485	1	0.5	151
	chrI	68495	0	1.0	151
	chrI	68498	0	0.5	151
	chrI	68500	0	0.5	151
	chrI	68504	1	0.5	98
	chrI	68513	1	0.5	151
	chrI	68515	0	0.5	111
	chrI	68554	0	0.5	31
	chrI	68556	1	0.5	124
	chrI	68563	0	0.5	151
	chrI	68565	1	1.5	118
	chrI	68582	1	0.5	139
	chrI	68586	1	0.5	31
	chrI	68591	0	1.5	151
	chrI	68601	0	0.5	151
	chrI	68601	0	0.5	55
	chrI	68609	1	0.5	151
	chrI	68610	1	0.5	151
	chrI	68611	0	0.5	151
	chrI	68625	0	0.5	151
	chrI	68625	1	0.5	111
	chrI	68626	0	0.5	80
	chrI	68627	0	0.5	80
	chrI	68628	0	0.5	136
	chrI	68634	0	0.5	151
	chrI	68639	0	0.5	151
	chrI	68641	0	0.5	67
	chrI	68644	1	0.5	151
	chrI	68646	0	0.5	151
	chrI	68646	1	0.5	151
	chrI	68649	1	0.5	151
	chrI	68657	1	0.5	55
	chrI	68658	0	1.0	146
	chrI	68658	0	0.5	51
	chrI	68660	0	1.0	81
	chrI	68662	0	0.5	125
	chrI	68671	0	0.5	133
	chrI	68682	1	0.5	151
	chrI	68683	0	0.5	145
	chrI	68691	0	0.5	90
	chrI	68691	0	0.5	91
	chrI	68698	0	1.0	89
	chrI	68708	0	0.5	75
	chrI	68708	1	1.0	80
	chrI	68710	1	0.5	67
	chrI	68711	1	0.5	51
	chrI	68715	1	1.0	151
	chrI	68718	0	1.0	63
	chrI	68735	0	0.5	93
	chrI	68735	0	0.5	94
	chrI	68742	1	1.0	81
	chrI	68762	1	0.5	151
	chrI	68763	1	0.5	136
	chrI	68765	1	0.5	151
	chrI	68774	1	1.5	151
	chrI	68783	1	1.0	63
	chrI	68783	1	0.5	90
	chrI	68783	1	0.5	91
	chrI	68784	1	1.0	151
	chrI	68784	1	0.5	75
	chrI	68785	0	1.5	151
	chrI	68788	1	1.0	89
	chrI	68788	1	0.5	125
	chrI	68794	0	0.5	123
	chrI	68794	0	0.5	125
	chrI	68794	1	0.5	151
	chrI	68795	0	0.5	151
	chrI	68799	1	1.0	151
	chrI	68803	1	0.5	133
	chrI	68803	1	1.0	146
	chrI	68804	0	0.5	151
	chrI	68804	0	0.5	111
	chrI	68815	0	0.5	72
	chrI	68827	1	0.5	145
	chrI	68828	1	0.5	93
	chrI	68828	1	0.5	94
	chrI	68833	1	0.5	151
	chrI	68851	0	0.5	53
	chrI	68868	0	0.5	151
	chrI	68884	0	1.0	84
	chrI	68885	0	0.5	102
	chrI	68887	0	0.5	51
	chrI	68888	1	0.5	72
	chrI	68905	0	0.5	127
	chrI	68905	1	0.5	53
	chrI	68917	1	0.5	111
	chrI	68918	1	0.5	123
	chrI	68918	1	0.5	125
	chrI	68919	0	0.5	43
	chrI	68938	1	0.5	51
	chrI	68942	0	0.5	66
	chrI	68963	1	0.5	43
	chrI	68968	1	1.0	151
	chrI	68969	1	1.0	84
	chrI	68973	1	1.0	151
	chrI	68981	0	0.5	150
	chrI	68987	1	0.5	102
	chrI	69009	1	0.5	66
	chrI	69029	1	0.5	151
	chrI	69031	1	0.5	127
	chrI	69064	0	0.5	64
	chrI	69073	0	0.5	128
	chrI	69089	0	0.5	70
	chrI	69104	0	0.5	151
	chrI	69128	0	0.5	151
	chrI	69130	1	0.5	150
	chrI	69130	1	0.5	64
	chrI	69152	0	0.5	151
	chrI	69157	0	0.5	132
	chrI	69161	1	0.5	70
	chrI	69201	0	0.5	151
	chrI	69201	1	0.5	128
	chrI	69217	0	1.0	151
	chrI	69261	1	0.5	151
	chrI	69271	1	0.5	151
	chrI	69278	0	0.5	151
	chrI	69288	0	1.5	151
	chrI	69288	1	0.5	132
	chrI	69307	0	1.0	151
	chrI	69312	1	0.5	151
	chrI	69317	0	0.5	73
	chrI	69320	0	0.5	60
	chrI	69329	0	0.5	85
	chrI	69332	1	0.5	151
	chrI	69337	0	0.5	151
	chrI	69357	0	0.5	123
	chrI	69360	0	0.5	151
	chrI	69370	1	1.0	151
	chrI	69371	1	0.5	151
	chrI	69377	0	1.5	151
	chrI	69381	1	0.5	60
	chrI	69390	1	0.5	73
	chrI	69416	1	0.5	85
	chrI	69438	1	0.5	151
	chrI	69443	0	1.5	145
	chrI	69445	0	0.5	151
	chrI	69459	1	1.0	151
	chrI	69467	0	0.5	134
	chrI	69467	0	0.5	110
	chrI	69467	0	0.5	121
	chrI	69481	1	1.5	151
	chrI	69481	1	0.5	123
	chrI	69489	0	0.5	94
	chrI	69490	1	0.5	151
	chrI	69533	1	1.0	151
	chrI	69538	1	0.5	151
	chrI	69579	1	0.5	110
	chrI	69583	1	0.5	151
	chrI	69587	1	1.5	145
	chrI	69588	1	0.5	94
	chrI	69588	1	0.5	121
	chrI	69600	1	0.5	134
	chrI	69600	1	0.5	151
	chrI	69615	0	0.5	151
	chrI	69618	0	1.0	151
	chrI	69618	0	0.5	69
	chrI	69627	0	0.5	83
	chrI	69628	0	0.5	66
	chrI	69628	0	0.5	67
	chrI	69628	0	0.5	89
	chrI	69629	0	0.5	151
	chrI	69630	0	1.5	151
	chrI	69662	0	0.5	85
	chrI	69674	0	1.0	137
	chrI	69674	0	0.5	94
	chrI	69688	1	0.5	69
	chrI	69693	0	0.5	151
	chrI	69698	1	0.5	66
	chrI	69699	1	0.5	67
	chrI	69703	0	0.5	93
	chrI	69707	0	0.5	54
	chrI	69707	0	0.5	58
	chrI	69707	0	0.5	77
	chrI	69710	1	0.5	83
	chrI	69713	0	0.5	82
	chrI	69721	1	0.5	89
	chrI	69726	0	0.5	135
	chrI	69746	1	0.5	84
	chrI	69762	1	0.5	56
	chrI	69764	0	0.5	83
	chrI	69764	1	0.5	54
	chrI	69768	1	0.5	148
	chrI	69768	1	0.5	94
	chrI	69783	1	1.0	151
	chrI	69786	1	0.5	77
	chrI	69790	1	1.0	151
	chrI	69791	0	0.5	63
	chrI	69793	1	0.5	151
	chrI	69794	1	0.5	151
	chrI	69794	1	0.5	81
	chrI	69795	0	0.5	151
	chrI	69798	1	0.5	93
	chrI	69800	0	0.5	54
	chrI	69810	1	1.0	137
	chrI	69822	0	0.5	151
	chrI	69849	1	0.5	150
	chrI	69850	1	0.5	83
	chrI	69851	0	1.0	63
	chrI	69855	1	0.5	63
	chrI	69856	0	1.0	151
	chrI	69857	1	0.5	54
	chrI	69858	1	0.5	133
	chrI	69860	0	0.5	151
	chrI	69868	0	0.5	73
	chrI	69910	0	1.0	69
	chrI	69915	1	1.0	63
	chrI	69934	0	0.5	68
	chrI	69937	0	0.5	91
	chrI	69943	1	0.5	73
	chrI	69950	0	0.5	100
	chrI	69981	1	0.5	151
	chrI	69981	1	1.0	69
	chrI	69989	0	1.0	81
	chrI	69991	1	0.5	151
	chrI	70003	1	0.5	68
	chrI	70013	1	1.0	151
	chrI	70016	0	0.5	56
	chrI	70020	0	1.0	143
	chrI	70023	1	0.5	151
	chrI	70030	1	0.5	91
	chrI	70051	1	0.5	100
	chrI	70060	0	0.5	151
	chrI	70072	1	0.5	56
	chrI	70072	1	1.0	81
	chrI	70073	0	0.5	136
	chrI	70078	0	1.0	151
	chrI	70079	0	0.5	133
	chrI	70079	0	1.5	151
	chrI	70088	0	0.5	151
	chrI	70091	0	0.5	151
	chrI	70095	0	0.5	150
	chrI	70095	0	1.0	151
	chrI	70117	0	0.5	83
	chrI	70125	0	0.5	124
	chrI	70126	0	0.5	80
	chrI	70126	0	0.5	104
	chrI	70158	0	1.5	112
	chrI	70162	1	1.0	143
	chrI	70164	0	0.5	151
	chrI	70200	1	0.5	83
	chrI	70208	0	0.5	63
	chrI	70208	1	0.5	136
	chrI	70209	1	0.5	80
	chrI	70211	1	0.5	133
	chrI	70220	0	0.5	151
	chrI	70233	1	1.5	151
	chrI	70233	1	0.5	104
	chrI	70237	1	1.0	151
	chrI	70238	0	0.5	72
	chrI	70239	0	0.5	151
	chrI	70244	1	0.5	151
	chrI	70248	0	0.5	94
	chrI	70250	1	1.0	151
	chrI	70250	1	0.5	124
	chrI	70254	0	0.5	151
	chrI	70257	1	0.5	151
	chrI	70271	1	1.5	112
	chrI	70274	1	0.5	63
	chrI	70292	0	0.5	117
	chrI	70310	1	0.5	72
	chrI	70340	0	0.5	97
	chrI	70342	1	0.5	94
	chrI	70361	0	2.0	151
	chrI	70361	0	0.5	62
	chrI	70361	0	1.0	105
	chrI	70380	1	0.5	151
	chrI	70388	0	1.0	97
	chrI	70394	1	0.5	151
	chrI	70395	1	0.5	151
	chrI	70401	0	0.5	67
	chrI	70413	0	0.5	122
	chrI	70413	1	0.5	119
	chrI	70420	0	0.5	151
	chrI	70420	1	0.5	151
	chrI	70424	1	0.5	151
	chrI	70425	1	0.5	62
	chrI	70433	0	0.5	151
	chrI	70438	1	0.5	97
	chrI	70468	1	0.5	67
	chrI	70468	1	1.0	105
	chrI	70470	0	0.5	71
	chrI	70487	1	1.0	97
	chrI	70492	0	0.5	151
	chrI	70519	0	0.5	121
	chrI	70536	1	0.5	122
	chrI	70543	1	0.5	71
	chrI	70578	1	2.0	151
	chrI	70593	1	0.5	151
	chrI	70608	1	0.5	151
	chrI	70612	0	0.5	136
	chrI	70620	0	0.5	126
	chrI	70623	0	0.5	151
	chrI	70623	1	0.5	151
	chrI	70640	1	0.5	121
	chrI	70654	1	0.5	151
	chrI	70655	0	0.5	100
	chrI	70658	0	0.5	90
	chrI	70685	0	0.5	94
	chrI	70699	0	0.5	115
	chrI	70734	0	1.0	151
	chrI	70746	1	0.5	126
	chrI	70747	1	0.5	136
	chrI	70749	1	0.5	90
	chrI	70755	1	0.5	100
	chrI	70762	0	0.5	126
	chrI	70781	1	0.5	94
	chrI	70815	1	0.5	115
	chrI	70833	0	0.5	55
	chrI	70836	0	0.5	129
	chrI	70867	0	0.5	62
	chrI	70867	0	0.5	63
	chrI	70889	0	0.5	120
	chrI	70889	1	0.5	55
	chrI	70889	1	0.5	126
	chrI	70890	1	1.0	151
	chrI	70903	0	0.5	151
	chrI	70929	0	0.5	55
	chrI	70929	1	0.5	62
	chrI	70929	1	0.5	63
	chrI	70954	0	1.0	65
	chrI	70964	1	0.5	129
	chrI	70969	0	0.5	53
	chrI	70976	0	0.5	67
	chrI	70985	1	0.5	55
	chrI	70988	0	0.5	101
	chrI	70990	0	1.5	101
	chrI	70990	0	0.5	102
	chrI	71008	1	0.5	120
	chrI	71009	0	0.5	151
	chrI	71009	0	0.5	75
	chrI	71010	0	0.5	66
	chrI	71014	0	0.5	133
	chrI	71014	0	0.5	151
	chrI	71016	1	0.5	151
	chrI	71019	1	1.0	65
	chrI	71023	1	0.5	53
	chrI	71043	1	0.5	67
	chrI	71078	1	0.5	66
	chrI	71085	1	0.5	75
	chrI	71088	0	0.5	150
	chrI	71089	1	0.5	101
	chrI	71091	1	1.5	101
	chrI	71091	1	0.5	102
	chrI	71092	0	0.5	127
	chrI	71101	0	0.5	98
	chrI	71105	1	0.5	151
	chrI	71108	0	0.5	149
	chrI	71114	0	0.5	49
	chrI	71115	0	0.5	151
	chrI	71116	0	0.5	149
	chrI	71146	1	0.5	133
	chrI	71166	1	0.5	151
	chrI	71167	1	0.5	150
	chrI	71168	1	0.5	52
	chrI	71169	0	0.5	140
	chrI	71202	0	0.5	103
	chrI	71202	1	0.5	98
	chrI	71211	0	1.0	151
	chrI	71220	0	0.5	106
	chrI	71222	1	0.5	127
	chrI	71224	0	0.5	78
	chrI	71225	0	0.5	114
	chrI	71230	0	0.5	135
	chrI	71232	0	2.0	106
	chrI	71232	0	0.5	107
	chrI	71234	0	0.5	151
	chrI	71253	0	1.5	118
	chrI	71259	0	1.5	151
	chrI	71261	0	1.0	151
	chrI	71292	0	1.0	60
	chrI	71304	0	1.0	151
	chrI	71304	1	0.5	78
	chrI	71304	1	0.5	103
	chrI	71308	0	0.5	124
	chrI	71308	1	0.5	140
	chrI	71313	0	0.5	151
	chrI	71314	0	0.5	74
	chrI	71315	0	0.5	80
	chrI	71320	0	0.5	103
	chrI	71320	0	0.5	107
	chrI	71327	1	0.5	106
	chrI	71332	0	0.5	73
	chrI	71334	0	0.5	151
	chrI	71339	1	2.0	106
	chrI	71339	1	0.5	107
	chrI	71340	1	0.5	114
	chrI	71341	0	0.5	93
	chrI	71342	0	0.5	119
	chrI	71342	0	1.5	120
	chrI	71353	1	1.0	60
	chrI	71362	0	0.5	139
	chrI	71364	1	0.5	135
	chrI	71367	0	0.5	151
	chrI	71367	1	1.0	151
	chrI	71374	1	1.5	118
	chrI	71376	1	0.5	151
	chrI	71387	1	0.5	151
	chrI	71389	1	0.5	74
	chrI	71394	1	0.5	80
	chrI	71404	0	1.0	150
	chrI	71405	1	0.5	73
	chrI	71426	0	0.5	151
	chrI	71426	0	0.5	92
	chrI	71426	1	0.5	103
	chrI	71426	1	0.5	107
	chrI	71427	0	0.5	72
	chrI	71427	0	0.5	96
	chrI	71431	1	0.5	151
	chrI	71432	1	0.5	151
	chrI	71433	1	0.5	124
	chrI	71435	1	0.5	93
	chrI	71439	1	0.5	151
	chrI	71442	0	0.5	57
	chrI	71443	1	1.5	151
	chrI	71455	0	1.0	45
	chrI	71461	0	0.5	126
	chrI	71463	1	0.5	119
	chrI	71463	1	1.5	120
	chrI	71478	0	0.5	151
	chrI	71487	1	0.5	151
	chrI	71500	1	0.5	139
	chrI	71500	1	0.5	57
	chrI	71500	1	0.5	72
	chrI	71501	0	0.5	68
	chrI	71501	1	0.5	151
	chrI	71501	1	1.0	45
	chrI	71502	0	0.5	151
	chrI	71506	0	0.5	139
	chrI	71510	0	0.5	131
	chrI	71520	0	0.5	147
	chrI	71520	0	2.0	151
	chrI	71520	0	0.5	36
	chrI	71520	0	0.5	67
	chrI	71520	0	0.5	101
	chrI	71520	0	0.5	112
	chrI	71520	1	0.5	92
	chrI	71521	1	0.5	151
	chrI	71526	1	0.5	96
	chrI	71530	0	0.5	140
	chrI	71531	0	1.0	151
	chrI	71531	1	1.0	151
	chrI	71539	0	1.0	139
	chrI	71553	1	1.0	150
	chrI	71555	0	0.5	124
	chrI	71555	1	0.5	36
	chrI	71557	0	1.0	80
	chrI	71564	0	0.5	151
	chrI	71565	0	0.5	137
	chrI	71565	0	0.5	93
	chrI	71565	0	0.5	121
	chrI	71566	0	0.5	97
	chrI	71568	1	0.5	68
	chrI	71586	1	0.5	67
	chrI	71589	1	0.5	126
	chrI	71591	1	0.5	151
	chrI	71599	0	0.5	54
	chrI	71600	0	0.5	37
	chrI	71600	0	0.5	116
	chrI	71600	0	0.5	123
	chrI	71612	0	0.5	151
	chrI	71615	0	0.5	91
	chrI	71619	0	0.5	90
	chrI	71621	1	0.5	101
	chrI	71627	1	0.5	96
	chrI	71630	0	0.5	139
	chrI	71634	1	0.5	112
	chrI	71637	1	0.5	151
	chrI	71638	1	0.5	129
	chrI	71638	1	1.0	80
	chrI	71639	1	0.5	37
	chrI	71640	0	0.5	118
	chrI	71641	0	0.5	82
	chrI	71641	0	0.5	109
	chrI	71641	0	0.5	123
	chrI	71644	1	0.5	139
	chrI	71651	0	1.0	88
	chrI	71653	1	0.5	54
	chrI	71655	0	0.5	140
	chrI	71658	1	0.5	93
	chrI	71664	1	0.5	97
	chrI	71666	1	0.5	151
	chrI	71669	1	0.5	140
	chrI	71677	1	1.0	139
	chrI	71680	1	0.5	151
	chrI	71681	1	1.5	151
	chrI	71681	1	0.5	124
	chrI	71682	0	0.5	151
	chrI	71686	1	0.5	121
	chrI	71692	0	0.5	60
	chrI	71698	0	0.5	140
	chrI	71701	0	0.5	63
	chrI	71701	0	0.5	109
	chrI	71701	1	0.5	137
	chrI	71708	1	0.5	91
	chrI	71711	1	1.0	151
	chrI	71711	1	0.5	90
	chrI	71712	0	0.5	82
	chrI	71715	1	1.0	151
	chrI	71717	1	0.5	116
	chrI	71720	0	0.5	86
	chrI	71724	0	0.5	105
	chrI	71724	1	0.5	82
	chrI	71724	1	0.5	123
	chrI	71731	0	0.5	151
	chrI	71734	0	0.5	89
	chrI	71738	0	0.5	46
	chrI	71740	1	1.0	88
	chrI	71741	0	0.5	151
	chrI	71748	0	0.5	151
	chrI	71748	0	0.5	115
	chrI	71751	1	0.5	109
	chrI	71753	1	0.5	60
	chrI	71759	1	0.5	151
	chrI	71759	1	0.5	118
	chrI	71761	0	0.5	144
	chrI	71764	1	0.5	63
	chrI	71765	1	0.5	123
	chrI	71768	1	0.5	139
	chrI	71785	1	0.5	46
	chrI	71794	1	0.5	140
	chrI	71795	1	0.5	82
	chrI	71801	0	1.0	151
	chrI	71806	1	0.5	86
	chrI	71812	1	0.5	109
	chrI	71821	0	0.5	151
	chrI	71823	1	0.5	89
	chrI	71833	1	0.5	105
	chrI	71835	0	0.5	118
	chrI	71837	1	0.5	140
	chrI	71864	1	0.5	115
	chrI	71872	1	0.5	151
	chrI	71890	0	0.5	42
	chrI	71900	1	0.5	151
	chrI	71902	1	0.5	151
	chrI	71903	0	1.0	96
	chrI	71904	1	0.5	144
	chrI	71925	0	1.0	151
	chrI	71933	1	0.5	151
	chrI	71933	1	0.5	42
	chrI	71954	1	0.5	118
	chrI	71971	1	1.0	151
	chrI	71974	0	0.5	90
	chrI	71990	1	0.5	151
	chrI	71998	0	0.5	50
	chrI	71999	1	1.0	96
	chrI	72003	0	0.5	137
	chrI	72008	0	0.5	131
	chrI	72010	0	0.5	78
	chrI	72027	0	0.5	151
	chrI	72033	0	0.5	83
	chrI	72038	0	0.5	151
	chrI	72042	0	0.5	135
	chrI	72049	1	0.5	50
	chrI	72065	1	0.5	90
	chrI	72072	0	0.5	97
	chrI	72072	0	1.0	99
	chrI	72091	1	1.0	151
	chrI	72091	1	0.5	78
	chrI	72117	1	0.5	83
	chrI	72120	0	0.5	89
	chrI	72131	0	0.5	107
	chrI	72132	0	0.5	99
	chrI	72138	1	0.5	131
	chrI	72139	1	0.5	137
	chrI	72171	1	0.5	97
	chrI	72171	1	1.0	99
	chrI	72173	0	0.5	151
	chrI	72176	1	0.5	135
	chrI	72187	0	0.5	75
	chrI	72190	1	0.5	151
	chrI	72193	0	0.5	151
	chrI	72202	1	0.5	151
	chrI	72212	1	0.5	89
	chrI	72224	1	0.5	151
	chrI	72233	1	0.5	99
	chrI	72239	1	0.5	107
	chrI	72266	1	0.5	75
	chrI	72267	0	1.5	151
	chrI	72282	0	0.5	59
	chrI	72282	0	0.5	127
	chrI	72288	0	0.5	151
	chrI	72308	0	0.5	138
	chrI	72312	0	0.5	60
	chrI	72315	0	0.5	151
	chrI	72328	1	0.5	151
	chrI	72343	1	0.5	59
	chrI	72373	1	0.5	60
	chrI	72381	0	1.0	72
	chrI	72381	0	0.5	73
	chrI	72405	0	1.0	151
	chrI	72409	0	0.5	122
	chrI	72410	1	0.5	127
	chrI	72425	1	1.5	151
	chrI	72426	0	0.5	151
	chrI	72445	1	0.5	138
	chrI	72452	0	0.5	151
	chrI	72455	1	1.0	72
	chrI	72455	1	0.5	73
	chrI	72456	0	0.5	98
	chrI	72458	0	0.5	90
	chrI	72469	0	0.5	104
	chrI	72469	1	0.5	151
	chrI	72481	0	1.5	97
	chrI	72481	1	0.5	151
	chrI	72482	0	0.5	83
	chrI	72483	0	0.5	57
	chrI	72518	0	0.5	151
	chrI	72520	0	0.5	62
	chrI	72523	0	0.5	73
	chrI	72527	0	1.0	108
	chrI	72527	0	0.5	109
	chrI	72534	1	0.5	122
	chrI	72539	1	0.5	151
	chrI	72540	1	0.5	57
	chrI	72548	1	0.5	90
	chrI	72549	0	0.5	147
	chrI	72556	1	0.5	98
	chrI	72564	1	1.0	151
	chrI	72565	1	0.5	83
	chrI	72574	1	0.5	104
	chrI	72575	0	0.5	63
	chrI	72579	0	0.5	73
	chrI	72579	0	0.5	74
	chrI	72581	1	1.5	97
	chrI	72584	1	0.5	151
	chrI	72585	0	1.0	114
	chrI	72586	1	0.5	62
	chrI	72592	0	0.5	99
	chrI	72592	0	1.0	108
	chrI	72596	0	0.5	151
	chrI	72597	1	0.5	73
	chrI	72605	1	0.5	151
	chrI	72606	0	0.5	151
	chrI	72607	0	0.5	50
	chrI	72614	0	1.0	151
	chrI	72627	0	0.5	151
	chrI	72631	0	0.5	77
	chrI	72635	1	1.0	108
	chrI	72640	1	0.5	63
	chrI	72640	1	0.5	112
	chrI	72641	0	0.5	141
	chrI	72652	1	0.5	73
	chrI	72652	1	0.5	74
	chrI	72660	1	0.5	50
	chrI	72669	0	0.5	151
	chrI	72683	0	0.5	151
	chrI	72690	1	0.5	99
	chrI	72695	1	0.5	147
	chrI	72696	0	0.5	128
	chrI	72700	1	1.0	114
	chrI	72702	1	1.0	108
	chrI	72709	1	0.5	77
	chrI	72710	0	1.0	151
	chrI	72715	0	0.5	60
	chrI	72722	0	0.5	46
	chrI	72732	0	0.5	151
	chrI	72768	1	0.5	46
	chrI	72770	1	1.0	151
	chrI	72773	1	0.5	151
	chrI	72776	1	0.5	60
	chrI	72779	0	0.5	101
	chrI	72781	1	0.5	141
	chrI	72792	0	0.5	64
	chrI	72794	1	0.5	151
	chrI	72812	0	0.5	141
	chrI	72815	0	0.5	98
	chrI	72826	1	0.5	128
	chrI	72826	1	0.5	151
	chrI	72827	0	0.5	151
	chrI	72828	0	0.5	151
	chrI	72847	0	0.5	123
	chrI	72855	1	0.5	151
	chrI	72857	1	0.5	64
	chrI	72861	0	0.5	42
	chrI	72866	1	0.5	151
	chrI	72880	1	0.5	101
	chrI	72904	1	1.0	151
	chrI	72904	1	0.5	42
	chrI	72906	0	1.0	151
	chrI	72913	1	0.5	98
	chrI	72921	0	0.5	151
	chrI	72925	1	0.5	151
	chrI	72930	0	0.5	67
	chrI	72949	0	0.5	97
	chrI	72952	1	0.5	141
	chrI	72971	1	0.5	151
	chrI	72971	1	0.5	123
	chrI	72986	1	1.0	151
	chrI	72997	1	0.5	67
	chrI	73028	0	0.5	105
	chrI	73047	1	0.5	97
	chrI	73049	0	0.5	146
	chrI	73055	0	0.5	119
	chrI	73088	1	0.5	151
	chrI	73094	1	1.0	151
	chrI	73100	0	1.0	151
	chrI	73116	0	0.5	104
	chrI	73121	0	1.5	151
	chrI	73134	1	0.5	105
	chrI	73140	0	0.5	82
	chrI	73163	0	0.5	151
	chrI	73175	1	0.5	119
	chrI	73194	1	0.5	146
	chrI	73220	1	0.5	104
	chrI	73221	0	0.5	151
	chrI	73221	0	0.5	46
	chrI	73222	0	0.5	105
	chrI	73224	1	0.5	82
	chrI	73226	0	0.5	39
	chrI	73228	0	0.5	105
	chrI	73230	0	2.5	95
	chrI	73232	0	0.5	133
	chrI	73234	0	0.5	151
	chrI	73236	0	0.5	71
	chrI	73237	0	0.5	98
	chrI	73262	1	1.0	151
	chrI	73267	1	0.5	39
	chrI	73268	1	0.5	46
	chrI	73272	1	1.5	151
	chrI	73297	0	0.5	109
	chrI	73297	0	0.5	121
	chrI	73308	0	0.5	135
	chrI	73308	1	0.5	71
	chrI	73310	0	0.5	80
	chrI	73314	1	0.5	151
	chrI	73325	1	2.5	95
	chrI	73327	1	0.5	105
	chrI	73330	0	0.5	96
	chrI	73335	1	0.5	98
	chrI	73335	1	0.5	105
	chrI	73343	0	0.5	151
	chrI	73349	0	0.5	49
	chrI	73351	0	0.5	125
	chrI	73352	0	0.5	151
	chrI	73352	0	1.0	74
	chrI	73364	1	0.5	133
	chrI	73383	0	0.5	84
	chrI	73389	0	0.5	128
	chrI	73390	1	0.5	80
	chrI	73400	1	0.5	49
	chrI	73405	0	1.0	151
	chrI	73407	1	0.5	109
	chrI	73414	1	0.5	151
	chrI	73418	1	0.5	121
	chrI	73427	1	1.0	74
	chrI	73427	1	0.5	96
	chrI	73433	0	0.5	151
	chrI	73434	0	0.5	151
	chrI	73442	1	0.5	135
	chrI	73443	0	0.5	106
	chrI	73449	0	0.5	75
	chrI	73451	1	0.5	151
	chrI	73453	0	0.5	80
	chrI	73464	0	0.5	85
	chrI	73468	1	0.5	84
	chrI	73478	1	0.5	125
	chrI	73479	0	0.5	89
	chrI	73479	0	1.0	105
	chrI	73479	0	0.5	108
	chrI	73480	0	0.5	94
	chrI	73481	0	1.0	151
	chrI	73506	0	0.5	151
	chrI	73517	1	0.5	151
	chrI	73518	1	0.5	128
	chrI	73525	1	0.5	75
	chrI	73534	1	0.5	80
	chrI	73535	1	0.5	151
	chrI	73540	0	0.5	151
	chrI	73540	0	0.5	38
	chrI	73542	0	0.5	151
	chrI	73550	1	0.5	85
	chrI	73550	1	0.5	106
	chrI	73561	0	1.0	144
	chrI	73563	0	1.5	151
	chrI	73570	1	0.5	89
	chrI	73572	0	0.5	151
	chrI	73575	1	0.5	94
	chrI	73576	0	1.0	146
	chrI	73577	1	1.0	151
	chrI	73581	1	0.5	38
	chrI	73586	1	1.0	105
	chrI	73586	1	0.5	108
	chrI	73587	0	0.5	151
	chrI	73590	0	0.5	109
	chrI	73591	0	0.5	147
	chrI	73595	0	1.5	151
	chrI	73597	0	0.5	151
	chrI	73599	1	0.5	151
	chrI	73604	1	0.5	151
	chrI	73606	0	1.0	151
	chrI	73611	0	0.5	151
	chrI	73634	0	0.5	94
	chrI	73635	0	0.5	139
	chrI	73649	0	0.5	92
	chrI	73665	0	0.5	104
	chrI	73671	0	0.5	112
	chrI	73672	0	0.5	139
	chrI	73681	0	1.0	151
	chrI	73687	0	1.0	46
	chrI	73700	1	0.5	109
	chrI	73701	1	0.5	151
	chrI	73702	0	1.0	76
	chrI	73704	1	1.0	144
	chrI	73706	0	0.5	66
	chrI	73706	0	0.5	118
	chrI	73721	1	1.0	146
	chrI	73722	1	0.5	151
	chrI	73726	1	0.5	151
	chrI	73727	1	0.5	94
	chrI	73728	0	0.5	44
	chrI	73728	0	0.5	55
	chrI	73728	0	0.5	70
	chrI	73734	1	1.0	46
	chrI	73736	1	1.0	151
	chrI	73737	0	0.5	151
	chrI	73737	1	0.5	147
	chrI	73737	1	1.0	151
	chrI	73739	0	0.5	104
	chrI	73741	1	0.5	151
	chrI	73742	1	0.5	92
	chrI	73747	0	0.5	130
	chrI	73748	0	0.5	76
	chrI	73770	1	0.5	151
	chrI	73771	0	0.5	151
	chrI	73772	1	0.5	104
	chrI	73773	1	0.5	139
	chrI	73773	1	1.5	151
	chrI	73773	1	0.5	44
	chrI	73773	1	0.5	66
	chrI	73776	0	0.5	151
	chrI	73776	0	1.5	125
	chrI	73777	0	0.5	132
	chrI	73777	0	0.5	151
	chrI	73780	1	1.0	76
	chrI	73782	1	0.5	151
	chrI	73784	1	0.5	55
	chrI	73784	1	0.5	112
	chrI	73785	0	0.5	151
	chrI	73785	0	0.5	113
	chrI	73790	1	1.0	151
	chrI	73799	1	0.5	70
	chrI	73800	0	0.5	151
	chrI	73802	1	0.5	151
	chrI	73810	1	0.5	139
	chrI	73821	0	0.5	151
	chrI	73825	1	0.5	76
	chrI	73825	1	0.5	118
	chrI	73827	0	0.5	151
	chrI	73840	0	0.5	151
	chrI	73841	0	1.0	151
	chrI	73844	0	0.5	142
	chrI	73845	1	0.5	104
	chrI	73861	1	1.0	151
	chrI	73871	0	0.5	121
	chrI	73876	1	0.5	130
	chrI	73886	0	0.5	75
	chrI	73890	1	0.5	151
	chrI	73901	1	0.5	113
	chrI	73902	1	1.5	125
	chrI	73906	0	0.5	53
	chrI	73908	1	0.5	132
	chrI	73913	0	1.0	88
	chrI	73935	0	0.5	151
	chrI	73936	1	0.5	151
	chrI	73946	0	0.5	151
	chrI	73957	0	2.0	151
	chrI	73960	1	1.5	151
	chrI	73960	1	0.5	53
	chrI	73961	1	0.5	151
	chrI	73963	1	0.5	75
	chrI	73965	0	1.5	151
	chrI	73965	0	0.5	52
	chrI	73966	0	3.0	151
	chrI	73966	1	0.5	151
	chrI	73967	0	1.0	151
	chrI	73968	0	3.0	151
	chrI	73975	0	0.5	112
	chrI	73977	0	0.5	151
	chrI	73978	0	1.0	151
	chrI	73985	1	0.5	142
	chrI	73990	0	0.5	149
	chrI	73992	1	0.5	121
	chrI	74002	1	1.0	88
	chrI	74005	0	0.5	115
	chrI	74009	1	1.0	151
	chrI	74019	1	0.5	151
	chrI	74019	1	0.5	52
	chrI	74033	0	0.5	151
	chrI	74038	0	0.5	61
	chrI	74089	1	0.5	112
	chrI	74101	1	0.5	61
	chrI	74103	0	1.0	151
	chrI	74106	0	1.0	151
	chrI	74112	1	2.0	151
	chrI	74117	1	0.5	151
	chrI	74121	1	5.0	151
	chrI	74122	0	0.5	149
	chrI	74122	0	0.5	151
	chrI	74122	1	0.5	115
	chrI	74123	1	1.0	151
	chrI	74124	0	1.0	151
	chrI	74129	0	0.5	151
	chrI	74132	1	2.0	151
	chrI	74134	1	0.5	151
	chrI	74135	0	0.5	151
	chrI	74138	1	0.5	149
	chrI	74143	1	1.0	151
	chrI	74145	1	0.5	151
	chrI	74164	0	0.5	147
	chrI	74164	0	0.5	151
	chrI	74182	1	0.5	151
	chrI	74195	0	0.5	64
	chrI	74209	0	1.0	98
	chrI	74226	0	0.5	151
	chrI	74234	1	0.5	151
	chrI	74235	0	0.5	97
	chrI	74256	0	0.5	151
	chrI	74261	1	1.0	151
	chrI	74261	1	0.5	64
	chrI	74266	1	1.0	151
	chrI	74267	0	0.5	39
	chrI	74282	0	0.5	85
	chrI	74290	1	0.5	151
	chrI	74293	0	0.5	151
	chrI	74293	1	1.0	151
	chrI	74296	0	2.0	151
	chrI	74299	0	0.5	151
	chrI	74304	0	0.5	151
	chrI	74304	1	0.5	151
	chrI	74306	0	0.5	151
	chrI	74307	1	0.5	39
	chrI	74308	1	1.0	151
	chrI	74309	1	1.0	98
	chrI	74310	0	1.0	151
	chrI	74310	0	0.5	47
	chrI	74312	0	0.5	151
	chrI	74313	0	0.5	102
	chrI	74316	0	0.5	151
	chrI	74318	0	1.0	151
	chrI	74328	0	0.5	101
	chrI	74333	1	0.5	97
	chrI	74341	0	0.5	77
	chrI	74342	0	1.0	139
	chrI	74354	0	0.5	151
	chrI	74358	0	0.5	145
	chrI	74358	1	0.5	47
	chrI	74362	0	1.5	114
	chrI	74368	1	0.5	85
	chrI	74369	0	0.5	151
	chrI	74369	0	1.0	60
	chrI	74370	0	0.5	122
	chrI	74370	0	0.5	123
	chrI	74374	0	0.5	146
	chrI	74397	1	0.5	151
	chrI	74409	1	0.5	151
	chrI	74416	1	0.5	102
	chrI	74419	1	0.5	77
	chrI	74425	1	0.5	151
	chrI	74428	0	0.5	119
	chrI	74429	1	0.5	151
	chrI	74430	1	0.5	101
	chrI	74431	1	1.0	60
	chrI	74441	0	0.5	147
	chrI	74456	1	1.0	151
	chrI	74464	1	1.0	151
	chrI	74471	1	1.0	151
	chrI	74480	0	0.5	151
	chrI	74480	1	1.0	139
	chrI	74480	1	1.5	114
	chrI	74482	1	1.5	151
	chrI	74484	0	1.0	54
	chrI	74485	1	1.0	151
	chrI	74494	1	0.5	122
	chrI	74494	1	0.5	123
	chrI	74495	0	0.5	107
	chrI	74502	1	0.5	145
	chrI	74512	0	0.5	86
	chrI	74513	1	0.5	151
	chrI	74517	1	0.5	151
	chrI	74519	1	0.5	146
	chrI	74519	1	0.5	151
	chrI	74531	1	0.5	151
	chrI	74533	1	1.5	151
	chrI	74541	0	0.5	94
	chrI	74541	1	1.0	54
	chrI	74549	1	0.5	119
	chrI	74555	0	0.5	116
	chrI	74578	0	0.5	127
	chrI	74579	0	0.5	151
	chrI	74582	0	0.5	93
	chrI	74587	0	0.5	151
	chrI	74587	1	0.5	147
	chrI	74589	0	0.5	86
	chrI	74597	1	0.5	86
	chrI	74602	1	0.5	107
	chrI	74609	0	1.0	151
	chrI	74617	0	1.5	151
	chrI	74622	0	0.5	151
	chrI	74636	1	0.5	94
	chrI	74647	0	0.5	102
	chrI	74649	0	0.5	62
	chrI	74664	0	0.5	147
	chrI	74667	0	0.5	151
	chrI	74669	0	0.5	99
	chrI	74671	1	0.5	116
	chrI	74676	1	0.5	86
	chrI	74676	1	0.5	93
	chrI	74679	0	0.5	151
	chrI	74687	0	0.5	66
	chrI	74692	0	0.5	71
	chrI	74703	0	0.5	151
	chrI	74706	1	0.5	127
	chrI	74712	0	0.5	105
	chrI	74714	1	0.5	62
	chrI	74715	0	0.5	151
	chrI	74716	0	0.5	151
	chrI	74722	0	2.5	151
	chrI	74741	0	0.5	96
	chrI	74741	0	0.5	98
	chrI	74744	1	0.5	151
	chrI	74753	1	0.5	151
	chrI	74753	1	0.5	102
	chrI	74754	1	0.5	66
	chrI	74764	1	0.5	71
	chrI	74770	1	0.5	99
	chrI	74773	0	0.5	151
	chrI	74792	1	0.5	151
	chrI	74794	0	0.5	151
	chrI	74794	1	1.5	151
	chrI	74804	1	0.5	150
	chrI	74805	1	0.5	151
	chrI	74807	0	0.5	151
	chrI	74807	0	0.5	84
	chrI	74810	1	0.5	147
	chrI	74817	1	0.5	105
	chrI	74826	0	0.5	151
	chrI	74839	0	0.5	151
	chrI	74839	1	0.5	151
	chrI	74840	1	0.5	96
	chrI	74840	1	0.5	98
	chrI	74853	1	0.5	151
	chrI	74855	0	1.0	134
	chrI	74868	1	0.5	151
	chrI	74876	1	0.5	151
	chrI	74879	0	0.5	112
	chrI	74882	0	1.0	81
	chrI	74882	1	0.5	151
	chrI	74883	0	0.5	99
	chrI	74893	1	0.5	84
	chrI	74899	1	0.5	151
	chrI	74900	1	2.0	151
	chrI	74902	0	0.5	151
	chrI	74902	0	0.5	89
	chrI	74905	0	0.5	85
	chrI	74910	0	0.5	66
	chrI	74915	0	0.5	120
	chrI	74947	1	0.5	151
	chrI	74965	1	1.0	81
	chrI	74975	0	0.5	147
	chrI	74978	1	1.0	151
	chrI	74978	1	0.5	66
	chrI	74985	1	0.5	99
	chrI	74988	1	1.0	134
	chrI	74988	1	0.5	151
	chrI	74991	0	0.5	141
	chrI	74991	0	0.5	150
	chrI	74991	0	1.0	151
	chrI	74991	1	0.5	85
	chrI	74992	0	0.5	67
	chrI	74992	1	0.5	112
	chrI	74995	1	0.5	89
	chrI	75021	1	0.5	151
	chrI	75022	0	0.5	151
	chrI	75024	0	1.0	151
	chrI	75025	1	0.5	151
	chrI	75026	0	1.0	135
	chrI	75034	0	0.5	151
	chrI	75035	1	0.5	120
	chrI	75060	1	0.5	67
	chrI	75061	0	0.5	89
	chrI	75083	0	1.0	151
	chrI	75084	0	1.5	151
	chrI	75104	0	0.5	151
	chrI	75117	0	0.5	147
	chrI	75119	1	0.5	151
	chrI	75121	1	0.5	147
	chrI	75125	0	0.5	112
	chrI	75128	0	0.5	151
	chrI	75131	1	0.5	141
	chrI	75144	0	0.5	112
	chrI	75145	0	0.5	58
	chrI	75148	1	1.5	151
	chrI	75151	1	0.5	89
	chrI	75160	1	1.0	135
	chrI	75162	0	1.0	151
	chrI	75163	0	0.5	84
	chrI	75180	1	1.0	151
	chrI	75203	1	0.5	58
	chrI	75206	1	0.5	151
	chrI	75207	0	0.5	70
	chrI	75214	0	0.5	150
	chrI	75232	0	1.0	151
	chrI	75232	1	0.5	151
	chrI	75239	1	0.5	112
	chrI	75244	0	0.5	139
	chrI	75251	1	1.0	151
	chrI	75251	1	0.5	84
	chrI	75256	1	0.5	112
	chrI	75258	1	1.5	151
	chrI	75263	1	0.5	147
	chrI	75268	0	0.5	128
	chrI	75269	0	0.5	138
	chrI	75277	1	0.5	70
	chrI	75281	0	0.5	133
	chrI	75285	1	0.5	151
	chrI	75289	0	0.5	151
	chrI	75292	0	0.5	61
	chrI	75344	0	0.5	87
	chrI	75354	1	0.5	61
	chrI	75355	1	1.0	151
	chrI	75362	1	0.5	151
	chrI	75371	0	1.0	110
	chrI	75378	0	0.5	94
	chrI	75382	1	0.5	139
	chrI	75384	0	0.5	120
	chrI	75385	0	2.5	151
	chrI	75397	1	0.5	128
	chrI	75406	1	0.5	138
	chrI	75413	1	0.5	133
	chrI	75417	0	0.5	151
	chrI	75421	1	1.0	151
	chrI	75432	1	0.5	87
	chrI	75450	0	0.5	103
	chrI	75467	0	0.5	131
	chrI	75467	0	0.5	151
	chrI	75475	1	0.5	94
	chrI	75481	1	1.0	110
	chrI	75484	0	0.5	49
	chrI	75488	0	0.5	151
	chrI	75504	1	0.5	120
	chrI	75534	1	0.5	49
	chrI	75536	1	1.0	151
	chrI	75539	1	0.5	151
	chrI	75553	1	0.5	103
	chrI	75567	0	0.5	121
	chrI	75574	1	1.5	151
	chrI	75591	1	0.5	151
	chrI	75592	1	0.5	151
	chrI	75607	0	0.5	111
	chrI	75620	0	1.0	143
	chrI	75635	0	0.5	151
	chrI	75656	1	0.5	151
	chrI	75679	0	0.5	146
	chrI	75689	1	0.5	121
	chrI	75691	0	1.0	62
	chrI	75708	0	0.5	151
	chrI	75712	0	0.5	150
	chrI	75716	0	2.0	151
	chrI	75718	1	0.5	111
	chrI	75753	1	1.0	62
	chrI	75754	0	1.0	151
	chrI	75762	1	1.0	143
	chrI	75774	1	1.0	151
	chrI	75778	0	0.5	151
	chrI	75824	1	0.5	146
	chrI	75826	0	1.0	151
	chrI	75828	0	0.5	123
	chrI	75854	0	0.5	151
	chrI	75861	1	0.5	150
	chrI	75861	1	0.5	151
	chrI	75885	1	0.5	151
	chrI	75889	0	0.5	84
	chrI	75892	0	0.5	126
	chrI	75892	0	1.0	127
	chrI	75895	0	0.5	151
	chrI	75910	1	1.5	151
	chrI	75912	1	1.5	151
	chrI	75916	0	0.5	151
	chrI	75943	0	0.5	84
	chrI	75951	1	0.5	123
	chrI	75974	1	0.5	84
	chrI	75975	0	2.0	111
	chrI	75993	0	0.5	128
	chrI	76019	1	0.5	126
	chrI	76019	1	1.0	127
	chrI	76026	0	0.5	151
	chrI	76028	1	0.5	84
	chrI	76031	0	1.0	151
	chrI	76058	1	0.5	151
	chrI	76071	0	0.5	141
	chrI	76077	0	0.5	151
	chrI	76078	0	0.5	151
	chrI	76082	0	0.5	66
	chrI	76088	1	2.0	111
	chrI	76089	0	0.5	151
	chrI	76089	0	0.5	100
	chrI	76093	0	0.5	88
	chrI	76093	0	0.5	89
	chrI	76102	0	0.5	151
	chrI	76112	0	1.0	151
	chrI	76122	1	0.5	128
	chrI	76124	0	0.5	151
	chrI	76128	0	0.5	79
	chrI	76135	0	0.5	151
	chrI	76143	0	0.5	151
	chrI	76143	1	1.0	151
	chrI	76144	0	0.5	118
	chrI	76147	0	0.5	56
	chrI	76148	1	0.5	66
	chrI	76150	0	0.5	117
	chrI	76153	0	0.5	75
	chrI	76156	1	0.5	151
	chrI	76160	0	0.5	151
	chrI	76162	0	1.0	98
	chrI	76172	0	1.0	151
	chrI	76173	0	0.5	151
	chrI	76182	1	0.5	88
	chrI	76182	1	0.5	89
	chrI	76184	0	0.5	147
	chrI	76185	0	1.0	61
	chrI	76193	0	0.5	137
	chrI	76193	1	0.5	100
	chrI	76197	0	0.5	142
	chrI	76199	0	1.0	99
	chrI	76206	1	0.5	56
	chrI	76210	1	0.5	79
	chrI	76211	0	1.0	51
	chrI	76211	1	0.5	141
	chrI	76213	1	0.5	151
	chrI	76227	1	0.5	74
	chrI	76234	1	0.5	151
	chrI	76236	0	0.5	118
	chrI	76237	0	0.5	87
	chrI	76237	0	1.0	125
	chrI	76238	0	1.0	119
	chrI	76244	0	0.5	76
	chrI	76247	0	0.5	79
	chrI	76247	0	0.5	99
	chrI	76247	0	0.5	123
	chrI	76247	1	1.0	61
	chrI	76248	0	0.5	78
	chrI	76251	0	0.5	75
	chrI	76251	0	0.5	105
	chrI	76251	0	0.5	106
	chrI	76251	0	0.5	107
	chrI	76253	0	0.5	81
	chrI	76263	1	2.5	151
	chrI	76263	1	1.0	98
	chrI	76264	0	0.5	71
	chrI	76264	1	0.5	151
	chrI	76264	1	0.5	118
	chrI	76265	0	0.5	70
	chrI	76265	1	1.0	151
	chrI	76265	1	1.0	51
	chrI	76267	0	0.5	151
	chrI	76270	1	0.5	117
	chrI	76277	0	0.5	84
	chrI	76284	0	0.5	86
	chrI	76300	1	1.0	99
	chrI	76322	0	1.0	151
	chrI	76322	1	0.5	76
	chrI	76326	1	0.5	151
	chrI	76327	1	0.5	151
	chrI	76328	1	1.5	151
	chrI	76328	1	0.5	75
	chrI	76328	1	0.5	78
	chrI	76328	1	0.5	79
	chrI	76328	1	0.5	87
	chrI	76329	1	0.5	137
	chrI	76335	1	0.5	81
	chrI	76336	1	0.5	70
	chrI	76336	1	0.5	71
	chrI	76338	1	0.5	142
	chrI	76340	1	0.5	151
	chrI	76341	0	0.5	151
	chrI	76352	1	0.5	106
	chrI	76358	0	0.5	57
	chrI	76358	1	0.5	105
	chrI	76358	1	0.5	118
	chrI	76358	1	1.0	119
	chrI	76359	1	0.5	106
	chrI	76359	1	0.5	107
	chrI	76361	1	0.5	151
	chrI	76363	1	0.5	84
	chrI	76363	1	1.0	125
	chrI	76370	1	0.5	123
	chrI	76371	0	0.5	151
	chrI	76371	1	0.5	86
	chrI	76373	0	1.5	151
	chrI	76378	1	0.5	151
	chrI	76383	0	0.5	125
	chrI	76416	1	0.5	57
	chrI	76442	0	1.0	124
	chrI	76481	1	0.5	150
	chrI	76485	0	0.5	124
	chrI	76492	0	0.5	151
	chrI	76508	1	1.0	151
	chrI	76510	1	0.5	125
	chrI	76525	1	2.5	151
	chrI	76526	0	1.5	151
	chrI	76533	0	0.5	151
	chrI	76533	0	0.5	63
	chrI	76534	0	1.0	151
	chrI	76535	0	0.5	136
	chrI	76561	0	0.5	115
	chrI	76561	0	0.5	116
	chrI	76568	1	1.0	124
	chrI	76583	0	0.5	83
	chrI	76597	1	0.5	63
	chrI	76612	1	0.5	124
	chrI	76635	0	0.5	151
	chrI	76644	1	0.5	151
	chrI	76663	0	0.5	149
	chrI	76668	0	0.5	77
	chrI	76669	1	0.5	83
	chrI	76670	1	0.5	136
	chrI	76678	1	0.5	151
	chrI	76678	1	0.5	115
	chrI	76678	1	0.5	116
	chrI	76684	1	1.0	151
	chrI	76689	1	0.5	151
	chrI	76690	1	0.5	151
	chrI	76695	0	0.5	80
	chrI	76697	0	0.5	151
	chrI	76700	1	1.0	151
	chrI	76712	0	0.5	151
	chrI	76745	1	0.5	77
	chrI	76753	0	0.5	151
	chrI	76775	1	0.5	80
	chrI	76788	0	0.5	109
	chrI	76795	0	0.5	77
	chrI	76811	1	0.5	149
	chrI	76825	0	0.5	66
	chrI	76825	1	0.5	151
	chrI	76851	1	0.5	150
	chrI	76856	0	1.0	151
	chrI	76870	0	1.0	151
	chrI	76870	1	0.5	151
	chrI	76872	1	0.5	77
	chrI	76890	0	2.0	151
	chrI	76893	1	0.5	66
	chrI	76899	1	0.5	109
	chrI	76949	0	0.5	135
	chrI	76956	1	0.5	151
	chrI	76977	0	0.5	103
	chrI	77011	1	1.0	151
	chrI	77012	0	0.5	151
	chrI	77025	1	1.0	151
	chrI	77038	0	0.5	151
	chrI	77040	0	0.5	151
	chrI	77072	0	1.0	151
	chrI	77081	1	0.5	103
	chrI	77082	1	0.5	134
	chrI	77088	0	0.5	66
	chrI	77089	0	0.5	55
	chrI	77091	0	0.5	151
	chrI	77135	1	2.0	151
	chrI	77144	1	0.5	55
	chrI	77150	0	0.5	151
	chrI	77154	1	0.5	66
	chrI	77164	0	0.5	134
	chrI	77172	1	0.5	151
	chrI	77204	1	0.5	151
	chrI	77223	1	0.5	151
	chrI	77232	0	0.5	66
	chrI	77241	1	1.0	151
	chrI	77267	1	0.5	151
	chrI	77283	0	0.5	150
	chrI	77283	0	0.5	151
	chrI	77297	1	0.5	134
	chrI	77298	1	0.5	66
	chrI	77301	0	0.5	151
	chrI	77313	0	0.5	151
	chrI	77315	0	0.5	109
	chrI	77315	0	0.5	110
	chrI	77318	1	0.5	151
	chrI	77339	0	0.5	83
	chrI	77343	0	0.5	115
	chrI	77380	0	0.5	81
	chrI	77421	1	0.5	83
	chrI	77424	1	0.5	109
	chrI	77424	1	0.5	110
	chrI	77431	0	0.5	151
	chrI	77432	1	0.5	150
	chrI	77435	0	0.5	53
	chrI	77459	1	0.5	151
	chrI	77459	1	0.5	115
	chrI	77462	1	0.5	81
	chrI	77475	1	0.5	151
	chrI	77476	0	0.5	89
	chrI	77489	1	0.5	53
	chrI	77513	0	0.5	60
	chrI	77517	0	0.5	120
	chrI	77540	0	0.5	103
	chrI	77553	0	1.0	132
	chrI	77554	0	0.5	46
	chrI	77567	1	0.5	89
	chrI	77574	1	0.5	60
	chrI	77603	1	0.5	50
	chrI	77605	0	0.5	85
	chrI	77628	0	0.5	135
	chrI	77638	1	0.5	120
	chrI	77642	0	0.5	151
	chrI	77644	0	0.5	108
	chrI	77644	1	0.5	103
	chrI	77658	0	1.0	86
	chrI	77665	0	0.5	144
	chrI	77684	1	1.0	132
	chrI	77690	0	1.0	81
	chrI	77692	1	0.5	85
	chrI	77700	1	0.5	151
	chrI	77718	0	1.5	151
	chrI	77719	0	1.0	151
	chrI	77745	1	1.0	86
	chrI	77753	1	0.5	108
	chrI	77762	1	0.5	135
	chrI	77770	1	1.0	81
	chrI	77787	0	0.5	85
	chrI	77797	0	0.5	139
	chrI	77797	0	0.5	151
	chrI	77802	0	0.5	151
	chrI	77808	1	0.5	144
	chrI	77827	0	1.5	151
	chrI	77831	1	0.5	151
	chrI	77842	0	0.5	127
	chrI	77855	0	0.5	132
	chrI	77860	0	0.5	108
	chrI	77874	0	0.5	110
	chrI	77875	1	0.5	85
	chrI	77878	1	2.5	151
	chrI	77889	0	0.5	55
	chrI	77891	0	0.5	119
	chrI	77899	1	0.5	151
	chrI	77929	0	0.5	97
	chrI	77935	1	0.5	139
	chrI	77947	0	0.5	151
	chrI	77948	1	0.5	55
	chrI	77954	0	0.5	151
	chrI	77959	1	0.5	151
	chrI	77964	0	0.5	99
	chrI	77968	1	0.5	151
	chrI	77969	1	0.5	127
	chrI	77972	1	0.5	108
	chrI	77979	0	1.0	137
	chrI	77980	1	1.5	151
	chrI	77984	1	0.5	110
	chrI	77986	1	0.5	132
	chrI	78004	0	0.5	112
	chrI	78009	0	0.5	151
	chrI	78009	0	1.0	116
	chrI	78013	1	0.5	119
	chrI	78028	1	0.5	97
	chrI	78046	0	0.5	45
	chrI	78053	0	0.5	54
	chrI	78059	0	0.5	149
	chrI	78065	1	0.5	99
	chrI	78067	0	0.5	151
	chrI	78079	0	1.0	145
	chrI	78081	0	0.5	151
	chrI	78084	0	0.5	82
	chrI	78093	1	0.5	45
	chrI	78102	1	0.5	151
	chrI	78108	1	0.5	54
	chrI	78115	1	1.0	137
	chrI	78116	0	1.0	148
	chrI	78116	0	1.0	151
	chrI	78117	1	0.5	112
	chrI	78126	0	0.5	142
	chrI	78126	0	1.0	151
	chrI	78126	1	1.0	116
	chrI	78151	0	0.5	151
	chrI	78154	1	0.5	151
	chrI	78156	0	0.5	139
	chrI	78161	0	0.5	114
	chrI	78165	1	0.5	82
	chrI	78179	0	1.0	151
	chrI	78206	0	1.0	53
	chrI	78207	1	0.5	149
	chrI	78223	1	1.0	145
	chrI	78232	0	0.5	135
	chrI	78242	1	0.5	150
	chrI	78252	0	1.0	141
	chrI	78252	0	1.0	151
	chrI	78255	0	0.5	87
	chrI	78261	1	1.0	53
	chrI	78262	0	1.0	151
	chrI	78263	1	1.0	148
	chrI	78265	1	0.5	151
	chrI	78267	1	0.5	142
	chrI	78270	0	0.5	151
	chrI	78274	0	0.5	67
	chrI	78276	0	0.5	64
	chrI	78276	1	1.0	151
	chrI	78276	1	0.5	114
	chrI	78277	0	0.5	112
	chrI	78277	0	0.5	114
	chrI	78278	0	1.0	151
	chrI	78279	0	0.5	150
	chrI	78294	1	0.5	139
	chrI	78295	0	0.5	66
	chrI	78308	1	0.5	151
	chrI	78315	0	0.5	151
	chrI	78338	1	1.0	151
	chrI	78341	1	1.0	151
	chrI	78342	1	0.5	64
	chrI	78342	1	0.5	67
	chrI	78343	1	0.5	87
	chrI	78362	1	0.5	66
	chrI	78366	1	0.5	135
	chrI	78367	0	1.0	42
	chrI	78392	1	1.0	141
	chrI	78392	1	0.5	112
	chrI	78392	1	0.5	114
	chrI	78393	0	1.0	151
	chrI	78399	0	0.5	71
	chrI	78410	1	0.5	42
	chrI	78411	1	0.5	42
	chrI	78412	0	0.5	127
	chrI	78414	1	1.0	151
	chrI	78417	0	0.5	138
	chrI	78422	0	1.0	78
	chrI	78428	1	0.5	150
	chrI	78428	1	0.5	151
	chrI	78436	1	1.0	151
	chrI	78458	1	1.0	151
	chrI	78464	0	0.5	72
	chrI	78470	1	0.5	71
	chrI	78476	1	0.5	151
	chrI	78477	0	1.0	51
	chrI	78478	0	1.5	50
	chrI	78481	1	0.5	138
	chrI	78489	0	0.5	113
	chrI	78491	0	0.5	58
	chrI	78501	1	1.0	78
	chrI	78504	0	0.5	60
	chrI	78534	1	1.5	50
	chrI	78534	1	1.0	51
	chrI	78535	0	1.5	151
	chrI	78537	1	0.5	72
	chrI	78540	0	0.5	105
	chrI	78540	1	0.5	127
	chrI	78547	0	1.0	136
	chrI	78549	1	0.5	58
	chrI	78554	1	0.5	138
	chrI	78554	1	1.0	151
	chrI	78555	0	0.5	149
	chrI	78556	0	0.5	151
	chrI	78564	1	0.5	60
	chrI	78584	0	0.5	151
	chrI	78592	0	0.5	124
	chrI	78605	1	0.5	113
	chrI	78631	0	0.5	93
	chrI	78646	1	0.5	105
	chrI	78682	1	1.0	136
	chrI	78690	1	1.5	151
	chrI	78703	1	0.5	149
	chrI	78710	1	0.5	151
	chrI	78719	1	0.5	124
	chrI	78720	0	0.5	95
	chrI	78727	1	0.5	93
	chrI	78732	0	0.5	119
	chrI	78740	1	0.5	151
	chrI	78770	0	0.5	151
	chrI	78792	0	1.5	151
	chrI	78806	0	0.5	151
	chrI	78807	0	1.0	151
	chrI	78817	1	0.5	95
	chrI	78819	0	0.5	92
	chrI	78821	0	0.5	149
	chrI	78840	0	0.5	151
	chrI	78849	0	1.0	116
	chrI	78852	1	0.5	119
	chrI	78866	0	0.5	151
	chrI	78875	0	0.5	151
	chrI	78877	0	0.5	50
	chrI	78880	0	0.5	151
	chrI	78910	1	0.5	92
	chrI	78912	0	0.5	130
	chrI	78912	0	0.5	151
	chrI	78929	1	0.5	50
	chrI	78932	1	0.5	151
	chrI	78933	0	0.5	151
	chrI	78950	1	1.0	151
	chrI	78952	0	0.5	151
	chrI	78952	1	0.5	151
	chrI	78962	1	0.5	151
	chrI	78963	0	0.5	151
	chrI	78966	1	1.0	116
	chrI	78969	1	0.5	149
	chrI	78978	0	0.5	151
	chrI	79002	1	0.5	151
	chrI	79003	0	0.5	151
	chrI	79011	0	1.0	151
	chrI	79016	0	0.5	55
	chrI	79017	0	1.0	151
	chrI	79022	0	0.5	151
	chrI	79027	0	0.5	116
	chrI	79027	0	0.5	117
	chrI	79032	1	0.5	151
	chrI	79037	1	0.5	151
	chrI	79038	0	0.5	151
	chrI	79041	1	0.5	130
	chrI	79048	0	0.5	77
	chrI	79048	0	0.5	110
	chrI	79049	0	0.5	94
	chrI	79052	0	0.5	151
	chrI	79061	1	1.0	151
	chrI	79063	1	1.0	151
	chrI	79072	0	0.5	92
	chrI	79073	1	0.5	55
	chrI	79094	0	0.5	151
	chrI	79112	1	0.5	151
	chrI	79114	1	0.5	151
	chrI	79118	0	0.5	137
	chrI	79127	1	0.5	77
	chrI	79139	0	0.5	151
	chrI	79141	0	0.5	135
	chrI	79144	1	0.5	94
	chrI	79144	1	0.5	116
	chrI	79144	1	0.5	117
	chrI	79153	1	0.5	151
	chrI	79160	1	0.5	150
	chrI	79160	1	0.5	110
	chrI	79161	0	0.5	103
	chrI	79161	1	0.5	151
	chrI	79164	1	0.5	151
	chrI	79165	1	0.5	92
	chrI	79170	0	0.5	151
	chrI	79172	1	0.5	151
	chrI	79179	0	0.5	37
	chrI	79185	1	0.5	151
	chrI	79190	0	0.5	61
	chrI	79205	0	1.0	117
	chrI	79209	1	0.5	151
	chrI	79210	0	0.5	118
	chrI	79213	0	0.5	151
	chrI	79216	1	0.5	151
	chrI	79216	1	0.5	37
	chrI	79218	0	0.5	92
	chrI	79228	0	0.5	151
	chrI	79237	0	0.5	97
	chrI	79241	0	0.5	151
	chrI	79254	1	0.5	137
	chrI	79254	1	0.5	151
	chrI	79254	1	0.5	61
	chrI	79262	0	0.5	151
	chrI	79267	1	0.5	103
	chrI	79275	1	0.5	135
	chrI	79280	1	0.5	151
	chrI	79297	0	0.5	116
	chrI	79303	0	0.5	151
	chrI	79309	1	0.5	151
	chrI	79310	0	0.5	84
	chrI	79312	0	0.5	151
	chrI	79313	1	0.5	92
	chrI	79315	0	0.5	131
	chrI	79322	1	1.0	117
	chrI	79327	1	0.5	151
	chrI	79330	1	0.5	118
	chrI	79331	0	1.0	151
	chrI	79339	1	0.5	151
	chrI	79339	1	0.5	97
	chrI	79347	0	0.5	128
	chrI	79347	0	0.5	130
	chrI	79350	0	1.0	151
	chrI	79367	0	1.0	151
	chrI	79397	1	0.5	84
	chrI	79398	1	0.5	151
	chrI	79399	0	1.0	151
	chrI	79404	0	1.0	151
	chrI	79407	0	0.5	95
	chrI	79414	1	0.5	116
	chrI	79433	0	1.5	131
	chrI	79435	0	0.5	151
	chrI	79444	1	0.5	151
	chrI	79445	1	0.5	131
	chrI	79464	0	0.5	151
	chrI	79474	0	0.5	96
	chrI	79476	1	0.5	128
	chrI	79476	1	0.5	130
	chrI	79487	1	1.0	151
	chrI	79490	0	0.5	151
	chrI	79493	0	1.5	94
	chrI	79495	0	0.5	136
	chrI	79495	0	0.5	151
	chrI	79504	1	0.5	95
	chrI	79509	0	0.5	55
	chrI	79513	1	0.5	151
	chrI	79514	0	0.5	128
	chrI	79517	1	0.5	151
	chrI	79521	1	1.0	150
	chrI	79524	0	0.5	110
	chrI	79538	1	1.0	151
	chrI	79541	0	0.5	65
	chrI	79543	0	0.5	67
	chrI	79544	0	0.5	102
	chrI	79544	0	0.5	103
	chrI	79554	0	0.5	94
	chrI	79557	1	1.0	151
	chrI	79558	0	0.5	72
	chrI	79562	1	1.0	151
	chrI	79563	1	1.5	131
	chrI	79566	0	0.5	108
	chrI	79566	1	0.5	55
	chrI	79572	1	0.5	96
	chrI	79580	0	0.5	50
	chrI	79588	1	1.5	94
	chrI	79589	0	0.5	70
	chrI	79596	0	0.5	50
	chrI	79608	1	0.5	151
	chrI	79608	1	0.5	65
	chrI	79609	0	0.5	151
	chrI	79611	1	0.5	67
	chrI	79618	0	0.5	151
	chrI	79627	0	0.5	151
	chrI	79630	1	0.5	136
	chrI	79631	1	0.5	50
	chrI	79631	1	0.5	72
	chrI	79635	1	0.5	110
	chrI	79636	0	0.5	150
	chrI	79636	0	2.0	151
	chrI	79643	1	0.5	128
	chrI	79643	1	0.5	151
	chrI	79644	0	0.5	151
	chrI	79646	1	0.5	50
	chrI	79646	1	0.5	102
	chrI	79646	1	0.5	103
	chrI	79649	1	0.5	94
	chrI	79650	1	0.5	151
	chrI	79652	0	0.5	148
	chrI	79652	0	0.5	151
	chrI	79659	1	0.5	70
	chrI	79660	0	0.5	96
	chrI	79663	1	0.5	151
	chrI	79665	0	0.5	137
	chrI	79665	0	0.5	53
	chrI	79665	0	0.5	100
	chrI	79665	0	0.5	124
	chrI	79675	1	0.5	108
	chrI	79693	0	0.5	95
	chrI	79697	0	0.5	121
	chrI	79698	0	0.5	97
	chrI	79703	1	0.5	151
	chrI	79706	0	0.5	98
	chrI	79719	1	0.5	53
	chrI	79757	1	0.5	96
	chrI	79766	1	0.5	100
	chrI	79769	1	0.5	151
	chrI	79776	0	0.5	151
	chrI	79789	1	0.5	151
	chrI	79789	1	0.5	95
	chrI	79790	1	0.5	124
	chrI	79794	1	0.5	97
	chrI	79799	1	0.5	148
	chrI	79801	1	0.5	137
	chrI	79804	0	0.5	55
	chrI	79805	1	0.5	98
	chrI	79809	1	1.0	151
	chrI	79810	0	1.0	151
	chrI	79810	1	0.5	151
	chrI	79811	0	0.5	151
	chrI	79813	0	1.0	108
	chrI	79815	1	0.5	151
	chrI	79819	0	0.5	151
	chrI	79819	1	0.5	121
	chrI	79821	0	0.5	151
	chrI	79826	1	1.0	151
	chrI	79847	1	1.0	151
	chrI	79850	0	0.5	55
	chrI	79858	1	0.5	55
	chrI	79863	0	1.0	98
	chrI	79902	0	0.5	125
	chrI	79907	1	0.5	55
	chrI	79923	1	1.0	108
	chrI	79949	0	1.0	60
	chrI	79965	0	1.0	151
	chrI	79965	1	1.0	98
	chrI	79972	1	0.5	151
	chrI	79973	1	1.5	151
	chrI	79974	1	0.5	151
	chrI	79975	0	1.0	151
	chrI	79980	1	0.5	151
	chrI	79992	1	0.5	151
	chrI	80004	0	0.5	151
	chrI	80004	0	0.5	96
	chrI	80010	1	1.0	60
	chrI	80013	0	0.5	151
	chrI	80030	1	0.5	125
	chrI	80034	0	0.5	151
	chrI	80080	0	1.0	151
	chrI	80101	1	0.5	96
	chrI	80117	0	0.5	143
	chrI	80132	1	1.0	151
	chrI	80134	0	0.5	65
	chrI	80134	1	0.5	151
	chrI	80150	1	0.5	151
	chrI	80155	0	0.5	151
	chrI	80156	0	0.5	150
	chrI	80158	0	0.5	114
	chrI	80161	1	0.5	151
	chrI	80162	0	1.0	132
	chrI	80162	0	0.5	150
	chrI	80162	0	1.0	151
	chrI	80166	0	0.5	151
	chrI	80167	0	1.0	151
	chrI	80172	0	0.5	114
	chrI	80172	0	0.5	117
	chrI	80184	1	0.5	151
	chrI	80186	0	0.5	124
	chrI	80201	1	0.5	65
	chrI	80202	1	0.5	151
	chrI	80221	0	0.5	149
	chrI	80221	0	0.5	151
	chrI	80222	0	1.0	141
	chrI	80242	0	0.5	130
	chrI	80259	1	0.5	143
	chrI	80264	0	0.5	122
	chrI	80271	0	1.0	151
	chrI	80271	0	0.5	78
	chrI	80275	1	0.5	114
	chrI	80278	0	0.5	146
	chrI	80278	0	2.5	151
	chrI	80290	1	0.5	115
	chrI	80290	1	0.5	117
	chrI	80293	0	0.5	151
	chrI	80293	1	1.0	132
	chrI	80296	0	0.5	126
	chrI	80296	1	1.0	151
	chrI	80308	1	0.5	151
	chrI	80309	1	0.5	124
	chrI	80311	0	0.5	151
	chrI	80314	1	1.0	151
	chrI	80317	0	0.5	52
	chrI	80319	1	0.5	151
	chrI	80320	0	0.5	147
	chrI	80320	0	0.5	150
	chrI	80321	1	0.5	151
	chrI	80322	0	1.5	151
	chrI	80322	1	0.5	151
	chrI	80326	0	0.5	134
	chrI	80326	0	0.5	144
	chrI	80329	1	1.0	151
	chrI	80330	0	0.5	73
	chrI	80336	0	0.5	67
	chrI	80350	1	0.5	78
	chrI	80362	1	1.0	141
	chrI	80370	1	0.5	52
	chrI	80371	1	0.5	130
	chrI	80381	0	0.5	94
	chrI	80386	0	0.5	59
	chrI	80387	1	0.5	122
	chrI	80397	1	1.0	151
	chrI	80398	0	0.5	151
	chrI	80404	1	0.5	67
	chrI	80404	1	0.5	73
	chrI	80405	0	0.5	126
	chrI	80422	1	0.5	126
	chrI	80423	1	0.5	146
	chrI	80427	0	1.0	131
	chrI	80431	1	0.5	151
	chrI	80432	1	0.5	151
	chrI	80433	0	0.5	151
	chrI	80434	0	0.5	141
	chrI	80434	0	1.0	151
	chrI	80441	1	1.0	151
	chrI	80445	0	0.5	151
	chrI	80445	1	0.5	59
	chrI	80459	1	0.5	134
	chrI	80466	1	0.5	147
	chrI	80466	1	1.5	151
	chrI	80467	0	1.0	146
	chrI	80467	0	0.5	151
	chrI	80469	1	0.5	144
	chrI	80469	1	0.5	150
	chrI	80469	1	0.5	151
	chrI	80470	0	3.0	151
	chrI	80476	1	0.5	94
	chrI	80477	0	0.5	151
	chrI	80477	1	1.5	151
	chrI	80479	0	1.0	151
	chrI	80481	0	1.0	151
	chrI	80498	0	0.5	65
	chrI	80498	0	0.5	66
	chrI	80520	1	0.5	151
	chrI	80524	0	0.5	151
	chrI	80532	1	0.5	126
	chrI	80541	0	1.0	83
	chrI	80542	0	0.5	151
	chrI	80557	1	1.0	131
	chrI	80562	0	1.0	58
	chrI	80562	1	0.5	63
	chrI	80564	1	0.5	66
	chrI	80574	1	0.5	141
	chrI	80576	0	1.0	61
	chrI	80583	1	0.5	133
	chrI	80584	1	0.5	151
	chrI	80597	0	0.5	151
	chrI	80610	1	0.5	151
	chrI	80612	1	1.0	146
	chrI	80619	0	0.5	151
	chrI	80624	1	0.5	151
	chrI	80624	1	1.0	58
	chrI	80625	1	1.0	83
	chrI	80626	0	0.5	150
	chrI	80626	1	1.0	151
	chrI	80629	0	0.5	151
	chrI	80634	1	1.0	151
	chrI	80637	1	0.5	151
	chrI	80640	1	1.0	151
	chrI	80640	1	1.0	61
	chrI	80641	1	0.5	88
	chrI	80642	1	0.5	151
	chrI	80643	0	1.0	151
	chrI	80645	0	1.0	151
	chrI	80647	1	1.0	151
	chrI	80648	1	1.0	151
	chrI	80674	0	0.5	151
	chrI	80682	0	0.5	91
	chrI	80687	0	0.5	141
	chrI	80687	0	0.5	95
	chrI	80708	1	0.5	151
	chrI	80710	1	0.5	151
	chrI	80765	0	0.5	109
	chrI	80775	1	0.5	150
	chrI	80777	1	0.5	91
	chrI	80784	1	0.5	95
	chrI	80787	0	0.5	50
	chrI	80787	0	0.5	53
	chrI	80787	0	0.5	54
	chrI	80788	0	1.0	88
	chrI	80799	1	1.0	151
	chrI	80800	0	1.0	151
	chrI	80806	1	0.5	151
	chrI	80808	1	0.5	151
	chrI	80810	0	0.5	68
	chrI	80824	0	2.0	151
	chrI	80827	1	0.5	141
	chrI	80839	1	0.5	50
	chrI	80841	1	0.5	151
	chrI	80843	1	0.5	151
	chrI	80843	1	0.5	53
	chrI	80843	1	0.5	54
	chrI	80850	0	0.5	151
	chrI	80853	0	0.5	151
	chrI	80853	1	0.5	151
	chrI	80854	0	0.5	149
	chrI	80855	0	0.5	123
	chrI	80861	0	0.5	151
	chrI	80863	1	0.5	151
	chrI	80871	0	0.5	151
	chrI	80877	1	0.5	109
	chrI	80879	1	0.5	68
	chrI	80879	1	1.0	88
	chrI	80913	0	0.5	151
	chrI	80962	1	1.0	151
	chrI	80966	0	1.0	151
	chrI	80972	0	0.5	91
	chrI	80977	0	0.5	151
	chrI	80978	1	0.5	123
	chrI	80980	0	0.5	133
	chrI	80980	0	1.0	151
	chrI	80999	0	0.5	151
	chrI	81002	1	0.5	149
	chrI	81002	1	0.5	151
	chrI	81007	0	0.5	151
	chrI	81008	0	0.5	151
	chrI	81014	1	0.5	151
	chrI	81021	0	0.5	84
	chrI	81024	0	0.5	121
	chrI	81028	1	0.5	151
	chrI	81036	1	0.5	151
	chrI	81053	0	0.5	151
	chrI	81063	0	0.5	137
	chrI	81064	1	0.5	91
	chrI	81066	1	0.5	151
	chrI	81074	0	0.5	151
	chrI	81085	0	0.5	151
	chrI	81086	0	0.5	151
	chrI	81087	0	0.5	132
	chrI	81089	0	2.0	151
	chrI	81106	1	0.5	84
	chrI	81112	1	0.5	133
	chrI	81127	0	1.5	143
	chrI	81127	1	0.5	149
	chrI	81133	1	0.5	151
	chrI	81138	0	0.5	135
	chrI	81146	1	0.5	121
	chrI	81162	0	1.0	90
	chrI	81186	1	0.5	151
	chrI	81197	0	1.0	151
	chrI	81199	1	0.5	137
	chrI	81203	1	0.5	151
	chrI	81206	1	2.0	151
	chrI	81218	1	0.5	132
	chrI	81226	1	1.0	151
	chrI	81254	1	1.0	90
	chrI	81256	1	0.5	151
	chrI	81259	1	1.0	151
	chrI	81261	1	0.5	151
	chrI	81262	0	1.0	136
	chrI	81265	1	0.5	151
	chrI	81266	1	0.5	151
	chrI	81267	0	1.0	151
	chrI	81269	1	1.5	143
	chrI	81270	1	0.5	151
	chrI	81272	1	0.5	135
	chrI	81288	1	0.5	151
	chrI	81292	0	0.5	151
	chrI	81293	0	0.5	151
	chrI	81297	0	1.0	151
	chrI	81306	1	0.5	151
	chrI	81311	0	1.0	108
	chrI	81315	0	0.5	79
	chrI	81323	0	0.5	84
	chrI	81330	0	1.0	151
	chrI	81341	0	0.5	84
	chrI	81341	0	0.5	85
	chrI	81347	0	0.5	86
	chrI	81347	0	0.5	92
	chrI	81353	0	0.5	112
	chrI	81375	1	1.0	151
	chrI	81395	1	0.5	79
	chrI	81397	1	1.0	136
	chrI	81400	0	0.5	147
	chrI	81400	0	0.5	122
	chrI	81407	1	0.5	84
	chrI	81414	0	0.5	151
	chrI	81420	1	1.0	108
	chrI	81428	0	0.5	151
	chrI	81429	1	1.0	85
	chrI	81436	1	0.5	86
	chrI	81439	0	1.0	151
	chrI	81442	1	0.5	92
	chrI	81447	0	0.5	134
	chrI	81447	1	1.5	151
	chrI	81448	0	0.5	133
	chrI	81450	1	0.5	151
	chrI	81454	0	0.5	125
	chrI	81454	0	0.5	127
	chrI	81459	1	0.5	151
	chrI	81464	0	1.0	147
	chrI	81464	1	0.5	151
	chrI	81465	1	0.5	112
	chrI	81482	1	0.5	151
	chrI	81485	0	0.5	150
	chrI	81502	0	0.5	56
	chrI	81521	0	0.5	76
	chrI	81523	1	0.5	122
	chrI	81530	0	0.5	151
	chrI	81532	0	1.0	131
	chrI	81532	0	0.5	88
	chrI	81537	0	0.5	140
	chrI	81542	0	0.5	151
	chrI	81545	0	1.0	151
	chrI	81546	1	0.5	147
	chrI	81551	0	0.5	84
	chrI	81558	1	0.5	56
	chrI	81567	0	0.5	128
	chrI	81571	0	0.5	105
	chrI	81572	0	0.5	104
	chrI	81580	1	0.5	133
	chrI	81580	1	0.5	134
	chrI	81580	1	0.5	151
	chrI	81581	0	0.5	98
	chrI	81582	1	1.0	151
	chrI	81582	1	0.5	125
	chrI	81582	1	0.5	127
	chrI	81583	0	1.0	151
	chrI	81589	0	1.5	137
	chrI	81596	1	0.5	151
	chrI	81597	1	0.5	76
	chrI	81599	0	0.5	132
	chrI	81599	0	1.0	151
	chrI	81605	0	0.5	124
	chrI	81606	1	1.0	151
	chrI	81608	1	0.5	145
	chrI	81610	1	0.5	147
	chrI	81616	0	0.5	60
	chrI	81621	1	0.5	88
	chrI	81623	0	1.0	151
	chrI	81634	1	0.5	84
	chrI	81643	0	1.0	151
	chrI	81662	1	1.0	131
	chrI	81674	1	0.5	151
	chrI	81676	1	0.5	140
	chrI	81676	1	0.5	105
	chrI	81677	1	0.5	104
	chrI	81678	1	0.5	60
	chrI	81681	0	0.5	139
	chrI	81681	1	0.5	98
	chrI	81695	0	0.5	151
	chrI	81695	1	0.5	128
	chrI	81695	1	0.5	151
	chrI	81696	0	1.0	151
	chrI	81704	0	0.5	151
	chrI	81704	1	0.5	151
	chrI	81716	0	0.5	151
	chrI	81725	1	1.5	137
	chrI	81730	1	0.5	132
	chrI	81731	0	0.5	151
	chrI	81732	1	0.5	124
	chrI	81736	0	0.5	151
	chrI	81737	0	1.5	151
	chrI	81751	1	0.5	151
	chrI	81756	0	0.5	80
	chrI	81756	1	0.5	151
	chrI	81757	0	0.5	137
	chrI	81759	0	1.0	81
	chrI	81762	0	0.5	151
	chrI	81767	1	0.5	151
	chrI	81775	0	1.0	135
	chrI	81778	1	1.0	151
	chrI	81782	0	0.5	151
	chrI	81797	0	0.5	151
	chrI	81803	0	0.5	58
	chrI	81803	0	0.5	59
	chrI	81819	1	0.5	139
	chrI	81834	0	0.5	83
	chrI	81836	1	0.5	80
	chrI	81838	0	1.5	119
	chrI	81838	0	0.5	121
	chrI	81841	0	1.0	102
	chrI	81845	1	1.0	81
	chrI	81850	1	0.5	151
	chrI	81860	1	1.0	151
	chrI	81861	0	0.5	147
	chrI	81861	0	0.5	119
	chrI	81861	0	0.5	120
	chrI	81862	1	0.5	58
	chrI	81862	1	0.5	59
	chrI	81872	0	1.0	151
	chrI	81872	1	0.5	151
	chrI	81876	1	1.0	151
	chrI	81880	0	0.5	151
	chrI	81889	1	0.5	151
	chrI	81893	1	0.5	137
	chrI	81893	1	0.5	151
	chrI	81894	0	1.0	151
	chrI	81895	0	0.5	151
	chrI	81898	1	1.5	151
	chrI	81900	0	1.0	150
	chrI	81900	0	0.5	151
	chrI	81903	0	0.5	151
	chrI	81904	0	0.5	102
	chrI	81909	0	0.5	134
	chrI	81909	0	0.5	151
	chrI	81909	1	1.0	135
	chrI	81910	1	0.5	151
	chrI	81917	0	0.5	151
	chrI	81917	0	0.5	127
	chrI	81918	1	0.5	83
	chrI	81919	0	1.0	146
	chrI	81926	0	1.0	138
	chrI	81927	0	0.5	136
	chrI	81944	1	1.0	102
	chrI	81953	1	0.5	151
	chrI	81958	0	0.5	151
	chrI	81958	1	1.0	119
	chrI	81958	1	0.5	120
	chrI	81958	1	0.5	121
	chrI	81960	1	0.5	151
	chrI	81963	0	0.5	151
	chrI	81969	0	0.5	87
	chrI	81979	1	0.5	151
	chrI	81980	1	0.5	119
	chrI	81980	1	0.5	120
	chrI	81992	0	1.0	143
	chrI	81993	0	0.5	77
	chrI	82007	0	0.5	125
	chrI	82007	1	0.5	147
	chrI	82007	1	0.5	102
	chrI	82017	0	0.5	111
	chrI	82028	0	0.5	113
	chrI	82029	0	0.5	96
	chrI	82029	0	1.0	102
	chrI	82042	1	0.5	134
	chrI	82045	1	1.0	151
	chrI	82046	1	0.5	127
	chrI	82049	1	1.0	150
	chrI	82051	0	1.5	77
	chrI	82051	0	1.0	108
	chrI	82052	0	1.0	151
	chrI	82052	0	1.0	89
	chrI	82052	0	0.5	91
	chrI	82057	1	0.5	87
	chrI	82062	1	0.5	136
	chrI	82062	1	1.0	151
	chrI	82063	0	0.5	151
	chrI	82063	0	0.5	70
	chrI	82063	0	0.5	81
	chrI	82063	0	0.5	96
	chrI	82063	1	1.0	138
	chrI	82063	1	2.5	151
	chrI	82064	0	1.0	66
	chrI	82064	0	0.5	67
	chrI	82064	0	0.5	68
	chrI	82064	0	0.5	76
	chrI	82064	0	0.5	85
	chrI	82064	0	0.5	87
	chrI	82064	1	1.0	146
	chrI	82064	1	0.5	151
	chrI	82068	0	0.5	64
	chrI	82068	0	0.5	68
	chrI	82070	1	0.5	77
	chrI	82080	0	0.5	45
	chrI	82081	0	0.5	151
	chrI	82081	0	0.5	63
	chrI	82081	0	0.5	66
	chrI	82088	0	0.5	150
	chrI	82103	1	0.5	151
	chrI	82124	0	0.5	55
	chrI	82126	1	0.5	45
	chrI	82127	0	0.5	151
	chrI	82127	1	0.5	96
	chrI	82129	0	0.5	151
	chrI	82129	1	1.5	77
	chrI	82129	1	0.5	111
	chrI	82131	1	1.0	66
	chrI	82133	1	0.5	151
	chrI	82133	1	0.5	67
	chrI	82133	1	1.0	102
	chrI	82133	1	0.5	125
	chrI	82134	1	1.0	143
	chrI	82134	1	0.5	151
	chrI	82134	1	0.5	64
	chrI	82134	1	0.5	68
	chrI	82134	1	0.5	70
	chrI	82135	0	0.5	66
	chrI	82137	1	0.5	68
	chrI	82140	0	0.5	106
	chrI	82142	1	0.5	76
	chrI	82142	1	1.0	89
	chrI	82142	1	0.5	113
	chrI	82143	1	0.5	63
	chrI	82144	1	0.5	81
	chrI	82144	1	0.5	91
	chrI	82148	1	0.5	151
	chrI	82149	1	0.5	66
	chrI	82150	0	1.0	133
	chrI	82151	1	0.5	151
	chrI	82151	1	0.5	85
	chrI	82152	1	0.5	87
	chrI	82153	0	0.5	151
	chrI	82158	0	0.5	151
	chrI	82160	1	0.5	96
	chrI	82160	1	1.0	108
	chrI	82175	0	0.5	151
	chrI	82181	1	0.5	55
	chrI	82203	1	0.5	66
	chrI	82225	1	0.5	151
	chrI	82237	1	0.5	150
	chrI	82244	0	0.5	151
	chrI	82252	1	0.5	106
	chrI	82254	0	0.5	85
	chrI	82260	0	0.5	67
	chrI	82261	0	0.5	105
	chrI	82270	1	1.0	151
	chrI	82282	1	1.0	133
	chrI	82299	0	0.5	151
	chrI	82305	1	0.5	151
	chrI	82313	0	0.5	151
	chrI	82329	1	0.5	67
	chrI	82339	1	0.5	85
	chrI	82356	1	1.0	151
	chrI	82360	0	0.5	95
	chrI	82362	0	0.5	151
	chrI	82367	1	0.5	105
	chrI	82376	1	0.5	151
	chrI	82381	0	0.5	77
	chrI	82383	0	1.0	104
	chrI	82383	0	0.5	106
	chrI	82397	0	0.5	50
	chrI	82403	0	0.5	50
	chrI	82427	0	0.5	151
	chrI	82431	0	1.0	151
	chrI	82435	1	0.5	151
	chrI	82448	0	1.0	151
	chrI	82448	1	0.5	50
	chrI	82453	1	0.5	50
	chrI	82455	1	0.5	151
	chrI	82457	1	0.5	95
	chrI	82458	0	0.5	121
	chrI	82459	0	0.5	151
	chrI	82459	1	0.5	77
	chrI	82463	0	0.5	140
	chrI	82463	0	0.5	151
	chrI	82464	0	0.5	151
	chrI	82467	0	0.5	151
	chrI	82475	0	0.5	150
	chrI	82475	1	0.5	151
	chrI	82476	0	0.5	136
	chrI	82477	0	1.0	151
	chrI	82479	0	0.5	134
	chrI	82489	1	1.0	104
	chrI	82489	1	0.5	106
	chrI	82494	0	0.5	151
	chrI	82501	0	0.5	149
	chrI	82509	0	0.5	89
	chrI	82514	0	1.0	133
	chrI	82514	1	0.5	151
	chrI	82544	0	0.5	47
	chrI	82546	0	0.5	111
	chrI	82568	0	1.0	106
	chrI	82570	1	0.5	151
	chrI	82573	0	0.5	95
	chrI	82576	0	1.0	75
	chrI	82579	1	0.5	121
	chrI	82583	1	0.5	151
	chrI	82586	0	0.5	133
	chrI	82589	0	0.5	78
	chrI	82589	0	1.0	79
	chrI	82593	1	0.5	47
	chrI	82596	0	0.5	74
	chrI	82598	1	0.5	89
	chrI	82602	0	0.5	50
	chrI	82602	1	0.5	140
	chrI	82611	1	0.5	136
	chrI	82611	1	1.0	151
	chrI	82612	1	0.5	134
	chrI	82617	1	0.5	151
	chrI	82618	0	2.0	151
	chrI	82621	1	1.0	151
	chrI	82622	0	0.5	52
	chrI	82623	0	0.5	50
	chrI	82623	0	0.5	64
	chrI	82630	1	0.5	151
	chrI	82631	0	0.5	151
	chrI	82639	0	0.5	48
	chrI	82642	1	1.0	151
	chrI	82646	1	1.0	133
	chrI	82646	1	0.5	151
	chrI	82653	1	1.0	151
	chrI	82653	1	0.5	50
	chrI	82653	1	1.0	75
	chrI	82654	0	0.5	151
	chrI	82655	0	0.5	151
	chrI	82656	1	0.5	151
	chrI	82658	1	0.5	111
	chrI	82668	1	0.5	151
	chrI	82668	1	0.5	78
	chrI	82668	1	1.0	79
	chrI	82668	1	0.5	95
	chrI	82669	1	0.5	74
	chrI	82670	0	0.5	151
	chrI	82672	0	1.0	151
	chrI	82674	1	1.0	106
	chrI	82675	1	0.5	151
	chrI	82675	1	0.5	50
	chrI	82675	1	0.5	52
	chrI	82679	0	1.0	151
	chrI	82688	1	0.5	48
	chrI	82688	1	0.5	64
	chrI	82690	0	0.5	151
	chrI	82699	0	0.5	49
	chrI	82704	0	0.5	85
	chrI	82718	1	0.5	133
	chrI	82733	0	0.5	80
	chrI	82745	0	0.5	99
	chrI	82748	1	0.5	49
	chrI	82759	0	0.5	151
	chrI	82771	0	0.5	119
	chrI	82790	1	0.5	85
	chrI	82799	1	0.5	151
	chrI	82812	1	2.0	151
	chrI	82814	1	0.5	151
	chrI	82814	1	0.5	80
	chrI	82819	0	0.5	61
	chrI	82839	1	2.0	151
	chrI	82840	0	1.0	150
	chrI	82840	0	0.5	151
	chrI	82840	1	1.0	151
	chrI	82841	0	0.5	151
	chrI	82845	0	0.5	132
	chrI	82846	1	0.5	99
	chrI	82849	0	0.5	150
	chrI	82849	0	2.0	151
	chrI	82854	1	0.5	151
	chrI	82884	0	0.5	151
	chrI	82884	1	0.5	61
	chrI	82892	1	0.5	119
	chrI	82893	0	0.5	151
	chrI	82894	0	0.5	151
	chrI	82905	0	0.5	86
	chrI	82919	0	0.5	151
	chrI	82932	0	0.5	61
	chrI	82934	0	0.5	151
	chrI	82948	0	0.5	40
	chrI	82952	1	0.5	151
	chrI	82976	1	0.5	132
	chrI	82988	1	0.5	40
	chrI	82989	1	1.0	150
	chrI	82990	0	0.5	70
	chrI	82992	1	0.5	86
	chrI	82993	0	0.5	151
	chrI	82993	1	0.5	151
	chrI	82995	1	0.5	61
	chrI	82997	0	0.5	151
	chrI	83004	0	0.5	151
	chrI	83004	1	2.5	151
	chrI	83006	0	0.5	84
	chrI	83007	0	0.5	133
	chrI	83048	0	0.5	74
	chrI	83057	1	0.5	151
	chrI	83061	1	0.5	70
	chrI	83066	0	0.5	41
	chrI	83079	0	1.0	151
	chrI	83089	1	0.5	84
	chrI	83096	1	0.5	151
	chrI	83099	1	0.5	151
	chrI	83110	1	0.5	41
	chrI	83111	0	0.5	101
	chrI	83112	0	0.5	81
	chrI	83123	1	0.5	74
	chrI	83134	1	0.5	151
	chrI	83139	1	0.5	133
	chrI	83142	0	0.5	140
	chrI	83159	0	0.5	97
	chrI	83164	0	0.5	126
	chrI	83170	0	0.5	151
	chrI	83171	1	0.5	151
	chrI	83174	1	0.5	151
	chrI	83175	0	1.0	151
	chrI	83175	0	0.5	82
	chrI	83175	1	0.5	151
	chrI	83186	0	0.5	93
	chrI	83191	0	0.5	49
	chrI	83191	0	1.0	81
	chrI	83196	1	0.5	81
	chrI	83197	0	1.0	102
	chrI	83211	0	0.5	123
	chrI	83211	1	0.5	101
	chrI	83226	0	0.5	151
	chrI	83230	0	0.5	151
	chrI	83236	0	0.5	144
	chrI	83241	0	0.5	137
	chrI	83241	0	0.5	139
	chrI	83241	1	0.5	49
	chrI	83242	0	0.5	145
	chrI	83243	0	0.5	124
	chrI	83251	1	1.0	151
	chrI	83254	1	0.5	151
	chrI	83255	0	0.5	117
	chrI	83256	1	0.5	97
	chrI	83257	0	1.0	79
	chrI	83258	0	0.5	58
	chrI	83258	0	0.5	59
	chrI	83258	1	0.5	82
	chrI	83274	1	1.0	81
	chrI	83279	1	0.5	93
	chrI	83281	1	0.5	140
	chrI	83286	0	0.5	126
	chrI	83287	0	0.5	151
	chrI	83290	1	0.5	126
	chrI	83299	1	1.0	102
	chrI	83318	1	0.5	58
	chrI	83318	1	0.5	59
	chrI	83336	1	1.5	151
	chrI	83336	1	0.5	123
	chrI	83337	0	1.0	123
	chrI	83337	1	1.0	79
	chrI	83344	1	0.5	151
	chrI	83350	0	1.5	151
	chrI	83350	0	1.0	111
	chrI	83352	0	1.0	151
	chrI	83352	0	0.5	119
	chrI	83352	0	0.5	120
	chrI	83360	0	1.0	151
	chrI	83368	1	0.5	124
	chrI	83369	0	0.5	151
	chrI	83376	1	0.5	151
	chrI	83376	1	0.5	117
	chrI	83377	0	0.5	121
	chrI	83379	1	1.0	139
	chrI	83379	1	0.5	144
	chrI	83380	0	0.5	77
	chrI	83380	0	0.5	100
	chrI	83380	1	0.5	151
	chrI	83381	0	0.5	145
	chrI	83386	1	0.5	145
	chrI	83413	1	0.5	126
	chrI	83421	0	0.5	126
	chrI	83425	0	0.5	44
	chrI	83447	0	0.5	56
	chrI	83458	0	0.5	149
	chrI	83459	1	0.5	77
	chrI	83462	1	1.0	111
	chrI	83462	1	1.0	123
	chrI	83465	0	0.5	151
	chrI	83469	1	0.5	151
	chrI	83470	1	0.5	44
	chrI	83473	1	0.5	119
	chrI	83473	1	0.5	120
	chrI	83475	0	1.0	151
	chrI	83482	1	0.5	100
	chrI	83500	1	0.5	121
	chrI	83503	1	0.5	56
	chrI	83515	1	0.5	151
	chrI	83516	0	1.5	151
	chrI	83519	0	0.5	151
	chrI	83522	0	0.5	151
	chrI	83523	1	1.5	151
	chrI	83525	0	0.5	151
	chrI	83525	1	0.5	145
	chrI	83525	1	0.5	151
	chrI	83526	0	0.5	151
	chrI	83536	1	1.0	151
	chrI	83547	1	0.5	151
	chrI	83548	0	0.5	108
	chrI	83549	1	0.5	126
	chrI	83554	0	0.5	140
	chrI	83588	0	0.5	112
	chrI	83596	0	0.5	151
	chrI	83606	1	0.5	149
	chrI	83622	1	0.5	151
	chrI	83627	0	0.5	105
	chrI	83656	0	0.5	151
	chrI	83659	1	0.5	110
	chrI	83675	1	0.5	151
	chrI	83678	0	1.0	151
	chrI	83690	1	1.0	151
	chrI	83691	1	1.0	151
	chrI	83693	0	0.5	151
	chrI	83693	1	0.5	140
	chrI	83694	1	1.0	151
	chrI	83695	1	0.5	151
	chrI	83696	1	0.5	151
	chrI	83698	0	0.5	101
	chrI	83700	0	0.5	109
	chrI	83702	1	0.5	112
	chrI	83715	0	1.0	151
	chrI	83728	0	1.5	151
	chrI	83730	0	0.5	60
	chrI	83732	1	0.5	105
	chrI	83743	0	1.0	72
	chrI	83770	0	0.5	81
	chrI	83776	0	1.5	69
	chrI	83779	0	0.5	81
	chrI	83791	1	0.5	151
	chrI	83791	1	0.5	60
	chrI	83801	1	0.5	101
	chrI	83810	1	0.5	109
	chrI	83818	1	1.0	72
	chrI	83824	1	0.5	151
	chrI	83842	1	1.0	151
	chrI	83846	1	0.5	151
	chrI	83846	1	1.5	69
	chrI	83852	1	0.5	81
	chrI	83853	0	0.5	142
	chrI	83858	0	0.5	151
	chrI	83861	1	0.5	81
	chrI	83871	1	1.0	151
	chrI	83872	0	0.5	141
	chrI	83873	0	0.5	41
	chrI	83874	0	0.5	151
	chrI	83874	0	0.5	96
	chrI	83880	0	0.5	117
	chrI	83882	1	1.5	151
	chrI	83891	0	0.5	151
	chrI	83896	0	1.0	134
	chrI	83917	1	0.5	41
	chrI	83930	0	0.5	124
	chrI	83950	0	2.0	151
	chrI	83958	0	0.5	70
	chrI	83971	1	0.5	96
	chrI	83994	1	0.5	142
	chrI	83995	0	0.5	151
	chrI	84000	0	0.5	63
	chrI	84001	1	0.5	117
	chrI	84003	0	0.5	72
	chrI	84012	1	0.5	141
	chrI	84013	0	0.5	122
	chrI	84029	1	1.0	134
	chrI	84029	1	0.5	151
	chrI	84029	1	0.5	70
	chrI	84031	0	0.5	151
	chrI	84031	0	0.5	125
	chrI	84031	1	0.5	151
	chrI	84032	0	0.5	151
	chrI	84032	0	0.5	125
	chrI	84032	0	0.5	127
	chrI	84055	1	0.5	124
	chrI	84063	1	0.5	63
	chrI	84076	1	0.5	72
	chrI	84087	1	0.5	151
	chrI	84114	0	0.5	113
	chrI	84133	1	0.5	151
	chrI	84136	1	0.5	122
	chrI	84139	1	1.5	151
	chrI	84156	0	0.5	151
	chrI	84158	1	1.0	125
	chrI	84158	1	0.5	127
	chrI	84164	0	1.5	151
	chrI	84179	1	0.5	151
	chrI	84181	1	0.5	151
	chrI	84182	0	0.5	151
	chrI	84189	0	0.5	50
	chrI	84202	1	0.5	151
	chrI	84220	0	0.5	64
	chrI	84231	1	0.5	113
	chrI	84241	1	0.5	50
	chrI	84247	0	0.5	39
	chrI	84249	0	0.5	113
	chrI	84255	0	0.5	82
	chrI	84259	0	0.5	108
	chrI	84286	1	0.5	64
	chrI	84290	1	0.5	39
	chrI	84305	0	0.5	42
	chrI	84307	0	0.5	78
	chrI	84307	0	1.0	79
	chrI	84314	1	0.5	151
	chrI	84324	0	0.5	151
	chrI	84324	1	1.0	151
	chrI	84328	0	0.5	56
	chrI	84334	0	0.5	151
	chrI	84337	0	0.5	72
	chrI	84338	1	0.5	82
	chrI	84343	0	0.5	151
	chrI	84343	1	0.5	151
	chrI	84348	0	0.5	151
	chrI	84350	1	0.5	42
	chrI	84358	0	0.5	99
	chrI	84360	1	0.5	151
	chrI	84361	0	1.0	133
	chrI	84362	1	0.5	113
	chrI	84369	1	0.5	108
	chrI	84370	0	2.0	151
	chrI	84372	0	0.5	144
	chrI	84386	1	0.5	56
	chrI	84387	1	0.5	78
	chrI	84388	1	1.0	79
	chrI	84391	0	0.5	145
	chrI	84391	0	0.5	146
	chrI	84391	0	2.5	151
	chrI	84410	1	0.5	72
	chrI	84412	0	1.0	77
	chrI	84458	1	0.5	99
	chrI	84461	0	0.5	135
	chrI	84474	0	0.5	133
	chrI	84482	0	1.5	86
	chrI	84485	1	0.5	151
	chrI	84488	0	1.0	31
	chrI	84491	1	1.0	77
	chrI	84493	0	0.5	147
	chrI	84493	1	1.0	133
	chrI	84494	1	0.5	151
	chrI	84510	0	1.0	95
	chrI	84510	0	0.5	99
	chrI	84515	1	0.5	144
	chrI	84520	1	1.0	31
	chrI	84525	1	0.5	151
	chrI	84526	1	2.0	151
	chrI	84527	0	0.5	79
	chrI	84527	1	0.5	151
	chrI	84528	0	0.5	78
	chrI	84529	0	0.5	79
	chrI	84529	0	0.5	105
	chrI	84535	1	0.5	145
	chrI	84536	1	0.5	146
	chrI	84538	0	0.5	98
	chrI	84538	0	0.5	99
	chrI	84541	0	0.5	54
	chrI	84541	0	0.5	97
	chrI	84549	1	1.0	151
	chrI	84550	0	0.5	56
	chrI	84551	0	0.5	67
	chrI	84554	0	0.5	83
	chrI	84556	1	1.0	151
	chrI	84561	1	0.5	151
	chrI	84564	0	0.5	40
	chrI	84564	0	0.5	57
	chrI	84564	0	1.0	59
	chrI	84564	0	1.5	112
	chrI	84564	0	0.5	116
	chrI	84570	1	1.5	86
	chrI	84579	0	1.0	151
	chrI	84595	1	0.5	135
	chrI	84597	1	0.5	54
	chrI	84602	0	0.5	95
	chrI	84605	1	0.5	40
	chrI	84606	1	0.5	133
	chrI	84607	1	0.5	56
	chrI	84608	1	0.5	78
	chrI	84608	1	1.0	79
	chrI	84608	1	0.5	94
	chrI	84609	0	0.5	151
	chrI	84609	0	0.5	66
	chrI	84609	1	0.5	95
	chrI	84609	1	0.5	99
	chrI	84612	0	0.5	151
	chrI	84618	1	0.5	67
	chrI	84623	0	0.5	151
	chrI	84624	0	0.5	150
	chrI	84624	0	0.5	151
	chrI	84624	1	0.5	57
	chrI	84624	1	1.0	59
	chrI	84632	0	0.5	148
	chrI	84635	1	0.5	105
	chrI	84637	1	0.5	83
	chrI	84637	1	0.5	98
	chrI	84637	1	0.5	99
	chrI	84639	0	0.5	135
	chrI	84639	0	0.5	138
	chrI	84639	1	0.5	147
	chrI	84640	1	0.5	97
	chrI	84654	0	0.5	72
	chrI	84658	0	0.5	105
	chrI	84666	0	2.0	151
	chrI	84677	0	0.5	93
	chrI	84678	1	0.5	66
	chrI	84679	1	1.5	112
	chrI	84679	1	0.5	116
	chrI	84689	0	0.5	151
	chrI	84698	1	0.5	95
	chrI	84722	0	0.5	142
	chrI	84726	1	0.5	72
	chrI	84735	1	1.0	151
	chrI	84755	0	0.5	151
	chrI	84764	1	0.5	151
	chrI	84766	1	0.5	105
	chrI	84769	0	0.5	103
	chrI	84769	1	0.5	93
	chrI	84770	0	0.5	111
	chrI	84772	0	1.0	151
	chrI	84775	1	0.5	137
	chrI	84776	1	0.5	138
	chrI	84779	1	0.5	148
	chrI	84779	1	0.5	151
	chrI	84781	0	1.5	151
	chrI	84784	0	1.5	151
	chrI	84784	1	0.5	151
	chrI	84785	0	0.5	134
	chrI	84785	0	0.5	136
	chrI	84785	0	1.5	151
	chrI	84786	0	0.5	151
	chrI	84798	0	0.5	98
	chrI	84799	0	0.5	148
	chrI	84800	1	1.0	151
	chrI	84834	1	2.0	151
	chrI	84863	1	0.5	142
	chrI	84864	0	0.5	88
	chrI	84873	1	0.5	103
	chrI	84880	1	0.5	111
	chrI	84881	0	0.5	55
	chrI	84894	0	0.5	108
	chrI	84896	1	0.5	98
	chrI	84912	0	0.5	151
	chrI	84918	1	0.5	134
	chrI	84920	1	0.5	136
	chrI	84925	0	0.5	151
	chrI	84933	0	0.5	151
	chrI	84938	1	1.5	151
	chrI	84938	1	0.5	55
	chrI	84939	0	2.0	151
	chrI	84941	1	0.5	151
	chrI	84945	1	1.0	151
	chrI	84946	0	0.5	142
	chrI	84946	1	0.5	148
	chrI	84949	0	0.5	151
	chrI	84951	1	2.0	151
	chrI	84952	0	0.5	151
	chrI	84952	1	1.5	151
	chrI	84952	1	0.5	88
	chrI	84953	0	1.0	115
	chrI	84956	0	1.0	68
	chrI	84968	0	2.0	151
	chrI	84969	0	0.5	151
	chrI	85003	1	0.5	108
	chrI	85005	0	0.5	104
	chrI	85016	0	0.5	82
	chrI	85016	0	0.5	83
	chrI	85017	0	0.5	57
	chrI	85018	0	0.5	144
	chrI	85028	1	1.0	68
	chrI	85060	0	0.5	151
	chrI	85060	0	0.5	110
	chrI	85069	1	1.0	115
	chrI	85071	1	0.5	151
	chrI	85075	1	0.5	57
	chrI	85087	1	0.5	142
	chrI	85095	0	0.5	151
	chrI	85100	1	0.5	82
	chrI	85100	1	0.5	83
	chrI	85106	1	0.5	151
	chrI	85109	1	0.5	104
	chrI	85110	1	1.0	151
	chrI	85121	1	3.0	151
	chrI	85124	0	0.5	151
	chrI	85127	0	0.5	108
	chrI	85132	1	0.5	151
	chrI	85138	1	1.0	151
	chrI	85141	1	0.5	151
	chrI	85144	0	1.0	151
	chrI	85161	1	0.5	144
	chrI	85162	0	0.5	151
	chrI	85165	0	0.5	111
	chrI	85172	0	1.0	65
	chrI	85172	1	0.5	110
	chrI	85174	0	0.5	66
	chrI	85192	0	0.5	87
	chrI	85195	0	0.5	133
	chrI	85203	0	0.5	50
	chrI	85203	0	0.5	114
	chrI	85223	0	0.5	151
	chrI	85235	1	0.5	108
	chrI	85239	1	1.0	65
	chrI	85241	1	0.5	66
	chrI	85244	0	1.0	141
	chrI	85255	0	0.5	46
	chrI	85256	1	0.5	50
	chrI	85274	0	0.5	151
	chrI	85276	1	0.5	151
	chrI	85278	1	0.5	151
	chrI	85280	1	0.5	87
	chrI	85280	1	0.5	111
	chrI	85281	0	0.5	100
	chrI	85290	1	0.5	151
	chrI	85298	0	1.0	151
	chrI	85300	0	0.5	99
	chrI	85301	1	0.5	46
	chrI	85305	0	0.5	105
	chrI	85318	1	0.5	114
	chrI	85320	1	1.0	151
	chrI	85327	0	0.5	151
	chrI	85327	1	0.5	133
	chrI	85335	0	0.5	151
	chrI	85359	0	0.5	80
	chrI	85363	0	0.5	109
	chrI	85378	0	0.5	151
	chrI	85381	1	0.5	100
	chrI	85384	1	1.0	141
	chrI	85390	0	0.5	93
	chrI	85396	0	0.5	65
	chrI	85402	1	0.5	99
	chrI	85404	1	0.5	151
	chrI	85411	1	0.5	105
	chrI	85414	0	0.5	149
	chrI	85419	0	0.5	104
	chrI	85426	0	1.0	94
	chrI	85435	0	0.5	64
	chrI	85439	1	0.5	80
	chrI	85449	1	1.0	151
	chrI	85450	1	0.5	151
	chrI	85461	1	0.5	65
	chrI	85472	1	0.5	109
	chrI	85483	1	0.5	92
	chrI	85486	0	0.5	151
	chrI	85493	1	0.5	151
	chrI	85494	0	0.5	151
	chrI	85500	1	0.5	64
	chrI	85504	1	0.5	151
	chrI	85514	0	0.5	96
	chrI	85514	0	0.5	98
	chrI	85522	1	0.5	151
	chrI	85522	1	1.0	94
	chrI	85523	0	0.5	146
	chrI	85524	0	0.5	144
	chrI	85524	1	0.5	104
	chrI	85531	1	0.5	151
	chrI	85535	0	0.5	151
	chrI	85537	0	0.5	150
	chrI	85562	1	0.5	149
	chrI	85580	0	0.5	151
	chrI	85596	0	0.5	151
	chrI	85597	0	0.5	133
	chrI	85612	1	0.5	96
	chrI	85612	1	0.5	98
	chrI	85623	0	1.5	62
	chrI	85650	1	0.5	151
	chrI	85651	1	0.5	151
	chrI	85652	0	0.5	151
	chrI	85667	0	0.5	151
	chrI	85667	1	0.5	144
	chrI	85668	1	0.5	146
	chrI	85672	0	0.5	117
	chrI	85673	0	0.5	88
	chrI	85686	1	0.5	150
	chrI	85688	1	1.5	62
	chrI	85715	1	0.5	151
	chrI	85729	1	0.5	133
	chrI	85730	0	0.5	135
	chrI	85737	1	0.5	151
	chrI	85750	1	0.5	151
	chrI	85763	1	0.5	88
	chrI	85788	0	0.5	132
	chrI	85789	1	0.5	117
	chrI	85802	1	0.5	151
	chrI	85804	0	0.5	151
	chrI	85810	0	0.5	96
	chrI	85812	0	0.5	151
	chrI	85817	0	0.5	72
	chrI	85825	0	0.5	140
	chrI	85825	1	0.5	151
	chrI	85833	1	0.5	151
	chrI	85836	0	1.0	151
	chrI	85845	0	0.5	134
	chrI	85848	0	0.5	151
	chrI	85863	0	0.5	45
	chrI	85864	1	0.5	135
	chrI	85877	0	0.5	151
	chrI	85888	0	0.5	151
	chrI	85890	1	0.5	72
	chrI	85894	0	0.5	109
	chrI	85894	0	0.5	116
	chrI	85894	0	0.5	117
	chrI	85895	0	0.5	123
	chrI	85907	1	0.5	96
	chrI	85910	1	0.5	45
	chrI	85919	1	0.5	132
	chrI	85958	0	0.5	145
	chrI	85960	1	0.5	151
	chrI	85964	1	0.5	140
	chrI	85966	1	0.5	151
	chrI	85978	1	0.5	134
	chrI	85991	0	0.5	150
	chrI	85995	1	1.0	151
	chrI	85998	0	0.5	141
	chrI	85998	0	0.5	151
	chrI	86003	1	0.5	109
	chrI	86005	0	0.5	74
	chrI	86006	1	0.5	151
	chrI	86009	0	0.5	151
	chrI	86011	1	0.5	116
	chrI	86011	1	0.5	117
	chrI	86020	1	0.5	123
	chrI	86031	1	0.5	151
	chrI	86036	0	0.5	151
	chrI	86051	0	0.5	142
	chrI	86079	1	0.5	74
	chrI	86095	0	1.0	151
	chrI	86098	0	1.0	151
	chrI	86102	1	0.5	145
	chrI	86103	0	0.5	87
	chrI	86135	0	0.5	151
	chrI	86137	0	0.5	137
	chrI	86138	0	1.0	142
	chrI	86138	0	0.5	43
	chrI	86138	0	0.5	101
	chrI	86138	1	0.5	141
	chrI	86140	1	0.5	150
	chrI	86150	0	1.0	141
	chrI	86153	0	1.0	151
	chrI	86160	1	0.5	151
	chrI	86161	0	0.5	125
	chrI	86176	1	0.5	151
	chrI	86184	1	0.5	43
	chrI	86191	1	0.5	87
	chrI	86192	1	0.5	142
	chrI	86199	1	0.5	151
	chrI	86242	1	0.5	101
	chrI	86251	1	1.0	151
	chrI	86272	0	0.5	115
	chrI	86277	1	1.0	151
	chrI	86279	0	1.0	151
	chrI	86279	1	1.0	142
	chrI	86280	0	0.5	67
	chrI	86280	0	0.5	102
	chrI	86287	1	0.5	125
	chrI	86290	0	0.5	69
	chrI	86290	0	0.5	98
	chrI	86290	1	1.0	141
	chrI	86291	0	0.5	122
	chrI	86296	0	0.5	151
	chrI	86298	0	1.5	151
	chrI	86302	0	1.0	151
	chrI	86303	1	1.0	151
	chrI	86304	0	1.5	148
	chrI	86307	1	1.0	151
	chrI	86308	0	1.0	151
	chrI	86332	0	0.5	125
	chrI	86345	0	0.5	134
	chrI	86348	1	0.5	67
	chrI	86360	1	0.5	69
	chrI	86367	1	0.5	151
	chrI	86368	0	0.5	151
	chrI	86377	0	1.0	83
	chrI	86383	1	0.5	102
	chrI	86389	1	0.5	115
	chrI	86390	0	0.5	65
	chrI	86391	1	0.5	98
	chrI	86414	1	0.5	122
	chrI	86431	0	0.5	151
	chrI	86431	0	0.5	109
	chrI	86434	1	1.0	151
	chrI	86447	0	0.5	149
	chrI	86451	1	1.5	148
	chrI	86451	1	0.5	151
	chrI	86454	0	0.5	151
	chrI	86454	0	0.5	47
	chrI	86458	1	0.5	65
	chrI	86459	1	1.0	151
	chrI	86459	1	0.5	125
	chrI	86460	0	0.5	151
	chrI	86461	1	1.0	151
	chrI	86461	1	1.0	83
	chrI	86465	0	0.5	151
	chrI	86468	0	0.5	65
	chrI	86469	0	1.0	67
	chrI	86475	0	0.5	58
	chrI	86477	0	0.5	57
	chrI	86477	0	0.5	66
	chrI	86478	1	0.5	134
	chrI	86504	1	0.5	47
	chrI	86518	0	1.0	86
	chrI	86533	0	0.5	100
	chrI	86534	1	0.5	58
	chrI	86534	1	0.5	65
	chrI	86535	1	0.5	57
	chrI	86536	1	1.0	67
	chrI	86540	1	0.5	109
	chrI	86544	1	0.5	65
	chrI	86546	1	0.5	151
	chrI	86549	0	0.5	151
	chrI	86587	0	0.5	151
	chrI	86593	0	0.5	115
	chrI	86595	0	0.5	151
	chrI	86596	0	0.5	56
	chrI	86597	0	0.5	151
	chrI	86599	1	0.5	151
	chrI	86605	1	1.0	86
	chrI	86607	1	0.5	151
	chrI	86610	0	1.5	151
	chrI	86611	0	0.5	141
	chrI	86620	1	0.5	151
	chrI	86622	0	0.5	151
	chrI	86622	1	0.5	151
	chrI	86623	0	0.5	146
	chrI	86623	0	1.0	151
	chrI	86630	0	0.5	151
	chrI	86631	0	1.0	132
	chrI	86634	1	0.5	100
	chrI	86653	1	0.5	56
	chrI	86661	1	0.5	151
	chrI	86675	0	0.5	86
	chrI	86676	0	0.5	132
	chrI	86677	0	0.5	94
	chrI	86708	1	0.5	115
	chrI	86731	0	0.5	101
	chrI	86731	0	0.5	103
	chrI	86731	0	0.5	104
	chrI	86733	1	0.5	151
	chrI	86747	0	0.5	151
	chrI	86751	1	0.5	141
	chrI	86751	1	0.5	151
	chrI	86753	1	0.5	151
	chrI	86757	0	0.5	151
	chrI	86761	1	0.5	151
	chrI	86762	1	1.0	132
	chrI	86762	1	1.0	151
	chrI	86762	1	0.5	86
	chrI	86765	1	1.0	151
	chrI	86768	1	0.5	146
	chrI	86772	1	0.5	94
	chrI	86773	0	0.5	144
	chrI	86773	0	1.0	151
	chrI	86773	1	0.5	151
	chrI	86774	0	0.5	142
	chrI	86781	0	0.5	151
	chrI	86783	0	0.5	108
	chrI	86784	0	0.5	79
	chrI	86785	0	0.5	127
	chrI	86787	0	1.5	151
	chrI	86793	0	1.0	132
	chrI	86793	0	0.5	144
	chrI	86794	0	1.0	151
	chrI	86799	0	0.5	138
	chrI	86803	0	0.5	141
	chrI	86803	1	0.5	151
	chrI	86804	0	0.5	126
	chrI	86805	0	0.5	151
	chrI	86807	1	0.5	132
	chrI	86808	0	0.5	151
	chrI	86813	0	1.0	112
	chrI	86823	0	0.5	107
	chrI	86824	0	0.5	136
	chrI	86834	1	0.5	101
	chrI	86834	1	0.5	103
	chrI	86834	1	0.5	104
	chrI	86842	1	0.5	151
	chrI	86844	0	0.5	68
	chrI	86852	0	0.5	77
	chrI	86856	1	1.0	151
	chrI	86864	1	0.5	79
	chrI	86873	0	0.5	98
	chrI	86882	0	0.5	99
	chrI	86893	1	0.5	108
	chrI	86910	1	0.5	151
	chrI	86913	1	0.5	151
	chrI	86915	0	0.5	112
	chrI	86915	1	0.5	142
	chrI	86915	1	0.5	68
	chrI	86915	1	0.5	127
	chrI	86916	1	0.5	144
	chrI	86924	1	1.0	132
	chrI	86926	1	1.0	112
	chrI	86932	1	0.5	77
	chrI	86932	1	0.5	107
	chrI	86932	1	0.5	126
	chrI	86934	0	0.5	63
	chrI	86936	1	0.5	138
	chrI	86936	1	0.5	144
	chrI	86937	1	0.5	151
	chrI	86938	0	0.5	151
	chrI	86943	1	0.5	141
	chrI	86954	0	0.5	151
	chrI	86959	1	0.5	136
	chrI	86961	1	1.0	151
	chrI	86962	0	0.5	150
	chrI	86966	0	1.0	151
	chrI	86966	1	1.0	151
	chrI	86972	1	0.5	98
	chrI	86974	0	0.5	151
	chrI	86975	0	0.5	151
	chrI	86975	1	1.0	151
	chrI	86982	1	0.5	99
	chrI	87001	1	0.5	63
	chrI	87005	0	0.5	104
	chrI	87020	0	1.5	151
	chrI	87021	0	1.0	105
	chrI	87021	0	0.5	106
	chrI	87030	1	0.5	112
	chrI	87049	1	0.5	151
	chrI	87056	0	0.5	141
	chrI	87066	0	0.5	151
	chrI	87069	0	0.5	115
	chrI	87092	0	1.0	136
	chrI	87093	0	0.5	111
	chrI	87096	0	0.5	95
	chrI	87098	1	0.5	151
	chrI	87105	0	0.5	77
	chrI	87105	0	0.5	90
	chrI	87105	0	1.0	98
	chrI	87106	0	0.5	88
	chrI	87112	0	0.5	88
	chrI	87112	0	0.5	89
	chrI	87112	1	0.5	104
	chrI	87113	0	0.5	87
	chrI	87114	0	0.5	86
	chrI	87115	0	0.5	90
	chrI	87119	0	0.5	103
	chrI	87119	1	0.5	151
	chrI	87120	1	0.5	151
	chrI	87121	0	0.5	85
	chrI	87122	0	0.5	64
	chrI	87122	0	0.5	103
	chrI	87126	1	1.5	151
	chrI	87127	1	1.0	105
	chrI	87127	1	0.5	106
	chrI	87128	0	0.5	62
	chrI	87128	0	0.5	72
	chrI	87128	0	0.5	98
	chrI	87131	0	1.5	69
	chrI	87131	0	1.0	72
	chrI	87131	0	0.5	73
	chrI	87131	1	0.5	151
	chrI	87132	0	0.5	65
	chrI	87132	0	0.5	71
	chrI	87132	0	1.0	77
	chrI	87132	0	0.5	88
	chrI	87132	0	0.5	89
	chrI	87150	0	0.5	50
	chrI	87158	0	0.5	43
	chrI	87175	0	0.5	106
	chrI	87175	0	0.5	109
	chrI	87183	1	0.5	77
	chrI	87184	1	0.5	115
	chrI	87190	1	0.5	64
	chrI	87191	1	0.5	62
	chrI	87191	1	0.5	95
	chrI	87196	1	0.5	141
	chrI	87196	1	0.5	65
	chrI	87196	1	0.5	88
	chrI	87196	1	0.5	90
	chrI	87201	1	0.5	50
	chrI	87201	1	1.5	69
	chrI	87201	1	0.5	86
	chrI	87204	1	0.5	151
	chrI	87204	1	0.5	43
	chrI	87204	1	0.5	71
	chrI	87204	1	1.5	72
	chrI	87204	1	0.5	87
	chrI	87204	1	0.5	88
	chrI	87204	1	0.5	89
	chrI	87204	1	1.0	98
	chrI	87205	0	0.5	151
	chrI	87205	1	0.5	73
	chrI	87205	1	0.5	111
	chrI	87207	0	0.5	151
	chrI	87207	1	0.5	85
	chrI	87207	1	0.5	90
	chrI	87208	0	2.5	151
	chrI	87208	0	0.5	120
	chrI	87210	1	1.0	77
	chrI	87212	0	1.0	151
	chrI	87221	1	0.5	88
	chrI	87221	1	0.5	89
	chrI	87225	1	0.5	151
	chrI	87225	1	0.5	103
	chrI	87226	1	0.5	103
	chrI	87227	1	1.0	136
	chrI	87227	1	1.0	151
	chrI	87227	1	0.5	98
	chrI	87228	0	0.5	151
	chrI	87229	0	0.5	151
	chrI	87233	0	1.0	151
	chrI	87235	0	1.0	151
	chrI	87261	0	1.0	151
	chrI	87268	0	0.5	151
	chrI	87275	1	1.5	151
	chrI	87277	0	0.5	35
	chrI	87284	1	0.5	106
	chrI	87284	1	0.5	109
	chrI	87290	0	0.5	61
	chrI	87311	0	0.5	98
	chrI	87313	1	0.5	35
	chrI	87315	0	1.0	72
	chrI	87316	0	1.0	151
	chrI	87331	1	0.5	120
	chrI	87336	0	0.5	151
	chrI	87339	0	1.0	75
	chrI	87351	1	0.5	60
	chrI	87366	1	0.5	151
	chrI	87383	1	0.5	151
	chrI	87389	0	0.5	151
	chrI	87389	1	3.0	151
	chrI	87389	1	1.0	72
	chrI	87390	1	1.0	151
	chrI	87393	1	0.5	151
	chrI	87396	1	1.0	151
	chrI	87399	0	0.5	151
	chrI	87400	0	1.0	138
	chrI	87400	0	0.5	139
	chrI	87400	0	1.0	151
	chrI	87405	0	0.5	151
	chrI	87410	1	0.5	98
	chrI	87415	1	1.0	75
	chrI	87417	0	0.5	151
	chrI	87417	1	0.5	151
	chrI	87426	0	0.5	151
	chrI	87436	0	1.0	147
	chrI	87442	0	0.5	117
	chrI	87449	0	0.5	76
	chrI	87449	0	0.5	77
	chrI	87454	1	1.0	151
	chrI	87460	1	0.5	151
	chrI	87464	0	0.5	151
	chrI	87476	0	0.5	56
	chrI	87482	0	0.5	151
	chrI	87497	0	0.5	65
	chrI	87523	1	0.5	151
	chrI	87524	0	0.5	151
	chrI	87527	1	0.5	76
	chrI	87527	1	0.5	77
	chrI	87532	1	0.5	56
	chrI	87536	1	1.0	151
	chrI	87537	1	1.0	138
	chrI	87538	1	0.5	139
	chrI	87543	0	0.5	151
	chrI	87545	0	0.5	151
	chrI	87548	0	1.0	151
	chrI	87553	1	0.5	151
	chrI	87555	0	0.5	151
	chrI	87555	0	0.5	64
	chrI	87558	0	0.5	151
	chrI	87559	1	0.5	151
	chrI	87559	1	0.5	117
	chrI	87562	1	0.5	65
	chrI	87576	1	0.5	151
	chrI	87577	1	0.5	151
	chrI	87578	0	1.5	151
	chrI	87578	0	0.5	99
	chrI	87578	0	0.5	114
	chrI	87578	1	0.5	151
	chrI	87580	0	1.5	137
	chrI	87582	1	1.0	147
	chrI	87584	0	0.5	151
	chrI	87585	0	0.5	151
	chrI	87585	1	0.5	151
	chrI	87594	0	1.0	151
	chrI	87598	1	0.5	151
	chrI	87599	0	1.0	150
	chrI	87599	0	1.0	151
	chrI	87599	0	0.5	46
	chrI	87610	0	0.5	66
	chrI	87621	0	0.5	133
	chrI	87621	0	0.5	151
	chrI	87621	1	0.5	64
	chrI	87629	0	0.5	120
	chrI	87630	0	1.0	143
	chrI	87636	0	1.5	151
	chrI	87645	1	0.5	46
	chrI	87652	0	0.5	131
	chrI	87661	0	2.0	111
	chrI	87674	1	0.5	151
	chrI	87677	1	0.5	66
	chrI	87677	1	0.5	99
	chrI	87692	0	0.5	151
	chrI	87694	0	0.5	151
	chrI	87694	1	0.5	151
	chrI	87694	1	0.5	114
	chrI	87697	0	0.5	105
	chrI	87703	1	1.0	151
	chrI	87704	0	1.0	151
	chrI	87709	1	1.0	151
	chrI	87715	1	0.5	151
	chrI	87716	1	1.5	137
	chrI	87717	0	0.5	139
	chrI	87717	0	0.5	54
	chrI	87718	0	0.5	151
	chrI	87721	0	0.5	151
	chrI	87729	1	0.5	151
	chrI	87730	1	0.5	151
	chrI	87731	0	0.5	151
	chrI	87742	1	1.0	151
	chrI	87743	0	0.5	121
	chrI	87743	0	0.5	123
	chrI	87748	1	1.0	150
	chrI	87750	1	0.5	120
	chrI	87753	1	0.5	133
	chrI	87759	0	1.0	151
	chrI	87761	1	0.5	151
	chrI	87765	1	0.5	151
	chrI	87770	1	2.0	151
	chrI	87772	1	1.0	143
	chrI	87772	1	1.0	151
	chrI	87772	1	0.5	54
	chrI	87773	1	2.0	111
	chrI	87774	0	0.5	59
	chrI	87777	0	1.0	151
	chrI	87777	1	0.5	151
	chrI	87778	0	0.5	150
	chrI	87778	0	1.5	151
	chrI	87778	0	1.0	95
	chrI	87778	0	1.5	113
	chrI	87779	0	1.0	151
	chrI	87779	0	0.5	112
	chrI	87782	1	0.5	131
	chrI	87790	1	0.5	151
	chrI	87801	0	1.0	102
	chrI	87802	1	0.5	105
	chrI	87807	1	1.0	151
	chrI	87813	0	0.5	131
	chrI	87816	0	0.5	104
	chrI	87817	0	0.5	119
	chrI	87824	0	1.0	79
	chrI	87829	0	1.0	46
	chrI	87830	0	0.5	150
	chrI	87832	0	0.5	95
	chrI	87835	1	0.5	59
	chrI	87845	0	1.5	73
	chrI	87845	0	0.5	74
	chrI	87845	0	0.5	75
	chrI	87855	1	0.5	139
	chrI	87859	0	0.5	151
	chrI	87867	1	1.5	151
	chrI	87867	1	0.5	121
	chrI	87867	1	0.5	123
	chrI	87868	1	0.5	151
	chrI	87870	1	0.5	151
	chrI	87875	1	1.0	95
	chrI	87876	1	1.0	46
	chrI	87879	0	0.5	136
	chrI	87886	1	0.5	151
	chrI	87894	1	0.5	151
	chrI	87894	1	0.5	112
	chrI	87894	1	1.5	113
	chrI	87895	0	0.5	50
	chrI	87896	0	0.5	151
	chrI	87905	1	1.0	79
	chrI	87905	1	1.0	102
	chrI	87906	0	0.5	151
	chrI	87908	0	0.5	86
	chrI	87918	0	2.0	151
	chrI	87920	1	1.5	73
	chrI	87920	1	0.5	74
	chrI	87920	1	0.5	75
	chrI	87922	0	0.5	151
	chrI	87922	1	0.5	104
	chrI	87923	0	0.5	150
	chrI	87924	0	0.5	151
	chrI	87927	1	0.5	150
	chrI	87929	0	0.5	151
	chrI	87929	1	0.5	151
	chrI	87929	1	0.5	95
	chrI	87937	0	0.5	151
	chrI	87937	1	1.0	151
	chrI	87937	1	0.5	119
	chrI	87938	1	1.0	151
	chrI	87943	1	0.5	131
	chrI	87945	1	0.5	50
	chrI	87946	0	0.5	151
	chrI	87949	1	0.5	151
	chrI	87951	1	0.5	151
	chrI	87952	1	1.0	151
	chrI	87954	0	0.5	124
	chrI	87966	0	1.5	151
	chrI	87967	0	1.0	151
	chrI	87967	0	0.5	103
	chrI	87979	1	0.5	150
	chrI	87989	0	0.5	151
	chrI	87997	1	0.5	86
	chrI	88014	1	0.5	136
	chrI	88036	0	0.5	151
	chrI	88037	0	0.5	134
	chrI	88044	1	0.5	151
	chrI	88053	0	1.0	51
	chrI	88053	0	0.5	54
	chrI	88072	1	0.5	150
	chrI	88072	1	0.5	151
	chrI	88072	1	0.5	103
	chrI	88073	0	0.5	66
	chrI	88073	1	0.5	151
	chrI	88080	1	0.5	124
	chrI	88084	1	2.0	151
	chrI	88085	0	0.5	151
	chrI	88095	1	0.5	151
	chrI	88096	0	0.5	147
	chrI	88105	1	1.0	51
	chrI	88108	0	0.5	151
	chrI	88108	1	0.5	151
	chrI	88108	1	0.5	54
	chrI	88109	0	0.5	151
	chrI	88111	1	0.5	151
	chrI	88114	1	0.5	151
	chrI	88140	1	0.5	66
	chrI	88144	0	3.0	151
	chrI	88165	1	0.5	151
	chrI	88170	0	1.0	151
	chrI	88170	1	0.5	134
	chrI	88182	1	0.5	151
	chrI	88183	0	0.5	149
	chrI	88184	0	0.5	151
	chrI	88194	1	1.5	151
	chrI	88200	1	0.5	151
	chrI	88238	1	0.5	151
	chrI	88242	1	0.5	147
	chrI	88250	0	0.5	119
	chrI	88255	0	0.5	132
	chrI	88255	0	0.5	134
	chrI	88266	1	0.5	151
	chrI	88279	1	1.0	151
	chrI	88281	0	0.5	141
	chrI	88298	1	0.5	151
	chrI	88313	1	1.5	151
	chrI	88316	0	0.5	151
	chrI	88322	1	1.0	151
	chrI	88324	0	0.5	151
	chrI	88336	0	0.5	151
	chrI	88338	0	0.5	134
	chrI	88340	1	1.0	151
	chrI	88341	0	1.0	148
	chrI	88341	0	0.5	151
	chrI	88342	0	0.5	151
	chrI	88357	1	0.5	151
	chrI	88367	0	0.5	87
	chrI	88367	0	0.5	98
	chrI	88369	1	0.5	119
	chrI	88379	1	0.5	151
	chrI	88381	0	0.5	151
	chrI	88385	1	0.5	151
	chrI	88386	0	0.5	151
	chrI	88388	1	1.0	134
	chrI	88399	0	0.5	151
	chrI	88405	0	0.5	96
	chrI	88407	0	0.5	151
	chrI	88407	0	0.5	90
	chrI	88412	0	0.5	151
	chrI	88421	1	0.5	141
	chrI	88432	0	1.0	110
	chrI	88437	0	0.5	61
	chrI	88449	0	1.0	151
	chrI	88449	0	0.5	87
	chrI	88449	0	1.0	89
	chrI	88456	1	0.5	87
	chrI	88467	1	0.5	98
	chrI	88471	1	0.5	134
	chrI	88480	0	0.5	151
	chrI	88488	1	1.0	148
	chrI	88491	1	0.5	151
	chrI	88498	1	0.5	151
	chrI	88499	1	0.5	151
	chrI	88499	1	0.5	61
	chrI	88499	1	0.5	90
	chrI	88500	1	0.5	96
	chrI	88512	1	0.5	151
	chrI	88520	1	0.5	151
	chrI	88538	1	0.5	87
	chrI	88538	1	1.0	89
	chrI	88543	1	1.0	110
	chrI	88550	1	0.5	151
	chrI	88556	1	0.5	151
	chrI	88559	1	0.5	151
	chrI	88566	1	0.5	151
	chrI	88579	1	0.5	151
	chrI	88581	0	0.5	151
	chrI	88588	0	0.5	54
	chrI	88603	1	0.5	151
	chrI	88608	1	0.5	151
	chrI	88609	0	0.5	151
	chrI	88619	0	0.5	118
	chrI	88634	0	0.5	122
	chrI	88635	0	0.5	120
	chrI	88640	0	1.0	108
	chrI	88642	1	0.5	54
	chrI	88643	0	0.5	151
	chrI	88650	1	0.5	151
	chrI	88656	0	0.5	149
	chrI	88702	0	0.5	101
	chrI	88709	0	0.5	145
	chrI	88717	0	0.5	136
	chrI	88724	0	0.5	151
	chrI	88736	0	1.5	151
	chrI	88739	1	0.5	118
	chrI	88749	1	1.0	108
	chrI	88756	0	0.5	84
	chrI	88756	1	0.5	122
	chrI	88757	1	0.5	120
	chrI	88764	0	0.5	151
	chrI	88769	1	0.5	151
	chrI	88778	0	0.5	43
	chrI	88796	1	0.5	151
	chrI	88798	0	0.5	49
	chrI	88804	1	0.5	149
	chrI	88804	1	0.5	101
	chrI	88807	0	0.5	53
	chrI	88821	1	0.5	43
	chrI	88822	0	0.5	123
	chrI	88841	0	0.5	80
	chrI	88841	1	0.5	84
	chrI	88849	1	0.5	49
	chrI	88851	0	0.5	151
	chrI	88852	1	0.5	136
	chrI	88853	1	0.5	145
	chrI	88853	1	0.5	151
	chrI	88854	0	1.0	151
	chrI	88861	1	0.5	53
	chrI	88873	0	0.5	151
	chrI	88884	0	0.5	151
	chrI	88885	0	0.5	135
	chrI	88887	0	0.5	151
	chrI	88889	0	0.5	67
	chrI	88891	0	0.5	81
	chrI	88891	1	0.5	151
	chrI	88892	1	0.5	151
	chrI	88900	0	0.5	93
	chrI	88906	1	0.5	151
	chrI	88914	1	0.5	151
	chrI	88916	0	0.5	151
	chrI	88923	1	0.5	80
	chrI	88924	0	0.5	117
	chrI	88925	0	0.5	151
	chrI	88946	1	0.5	123
	chrI	88948	0	0.5	141
	chrI	88951	1	0.5	151
	chrI	88954	0	0.5	136
	chrI	88954	0	1.0	151
	chrI	88957	0	0.5	151
	chrI	88957	0	0.5	25
	chrI	88957	0	0.5	93
	chrI	88957	1	0.5	67
	chrI	88960	0	0.5	122
	chrI	88971	0	1.0	151
	chrI	88974	1	0.5	81
	chrI	88994	0	0.5	77
	chrI	88994	1	0.5	93
	chrI	88999	0	0.5	151
	chrI	89003	0	0.5	117
	chrI	89009	1	1.0	151
	chrI	89019	1	0.5	135
	chrI	89022	1	0.5	151
	chrI	89027	0	0.5	114
	chrI	89033	0	0.5	151
	chrI	89033	1	0.5	151
	chrI	89043	1	0.5	151
	chrI	89043	1	0.5	117
	chrI	89045	0	0.5	151
	chrI	89048	0	0.5	61
	chrI	89053	1	0.5	151
	chrI	89053	1	0.5	93
	chrI	89073	1	0.5	77
	chrI	89082	1	0.5	151
	chrI	89088	1	0.5	141
	chrI	89088	1	0.5	151
	chrI	89088	1	0.5	122
	chrI	89089	0	0.5	151
	chrI	89089	1	0.5	136
	chrI	89102	0	0.5	115
	chrI	89103	0	0.5	145
	chrI	89109	1	0.5	151
	chrI	89111	1	0.5	61
	chrI	89120	1	0.5	117
	chrI	89124	0	1.0	151
	chrI	89129	0	0.5	143
	chrI	89141	1	1.0	151
	chrI	89141	1	0.5	114
	chrI	89143	0	0.5	42
	chrI	89143	0	0.5	43
	chrI	89146	0	0.5	83
	chrI	89164	1	0.5	151
	chrI	89186	1	0.5	42
	chrI	89186	1	0.5	43
	chrI	89187	0	0.5	151
	chrI	89196	1	0.5	151
	chrI	89197	1	0.5	150
	chrI	89200	0	0.5	106
	chrI	89202	0	0.5	151
	chrI	89206	0	0.5	125
	chrI	89219	1	0.5	115
	chrI	89230	1	0.5	83
	chrI	89231	0	0.5	123
	chrI	89247	1	0.5	145
	chrI	89254	1	1.0	151
	chrI	89258	0	0.5	133
	chrI	89271	1	0.5	143
	chrI	89281	1	1.0	151
	chrI	89293	1	0.5	151
	chrI	89295	0	0.5	151
	chrI	89299	1	0.5	151
	chrI	89307	1	0.5	106
	chrI	89311	0	0.5	151
	chrI	89314	0	0.5	151
	chrI	89315	0	0.5	151
	chrI	89331	1	0.5	125
	chrI	89340	0	0.5	151
	chrI	89352	0	0.5	151
	chrI	89354	1	0.5	123
	chrI	89356	1	0.5	151
	chrI	89384	1	0.5	151
	chrI	89390	1	0.5	133
	chrI	89410	0	0.5	142
	chrI	89414	0	0.5	151
	chrI	89417	0	0.5	148
	chrI	89469	0	1.5	151
	chrI	89471	1	0.5	151
	chrI	89477	1	1.0	151
	chrI	89480	0	0.5	66
	chrI	89482	0	0.5	119
	chrI	89501	0	0.5	119
	chrI	89503	0	1.0	137
	chrI	89511	1	0.5	151
	chrI	89513	0	0.5	151
	chrI	89513	0	0.5	57
	chrI	89513	1	0.5	151
	chrI	89525	0	2.5	151
	chrI	89526	0	0.5	133
	chrI	89540	1	0.5	151
	chrI	89547	1	0.5	66
	chrI	89551	1	0.5	142
	chrI	89553	0	0.5	108
	chrI	89564	1	0.5	148
	chrI	89571	1	0.5	57
	chrI	89589	1	0.5	151
	chrI	89592	0	0.5	135
	chrI	89602	1	0.5	119
	chrI	89604	0	0.5	151
	chrI	89620	1	1.5	151
	chrI	89622	1	0.5	119
	chrI	89628	0	0.5	151
	chrI	89639	1	1.0	137
	chrI	89640	0	0.5	135
	chrI	89658	1	0.5	133
	chrI	89663	1	0.5	151
	chrI	89663	1	0.5	108
	chrI	89664	0	0.5	113
	chrI	89665	0	0.5	143
	chrI	89666	0	1.0	56
	chrI	89681	0	0.5	151
	chrI	89683	1	2.5	151
	chrI	89710	0	0.5	151
	chrI	89726	1	0.5	135
	chrI	89726	1	1.0	56
	chrI	89729	0	0.5	151
	chrI	89734	0	0.5	116
	chrI	89734	0	0.5	117
	chrI	89755	0	0.5	151
	chrI	89761	0	0.5	47
	chrI	89770	0	0.5	151
	chrI	89770	1	0.5	151
	chrI	89773	0	2.0	151
	chrI	89774	0	1.5	151
	chrI	89774	1	0.5	135
	chrI	89777	1	0.5	113
	chrI	89787	0	0.5	135
	chrI	89789	0	1.0	144
	chrI	89807	1	0.5	143
	chrI	89807	1	0.5	151
	chrI	89808	0	0.5	138
	chrI	89808	1	0.5	47
	chrI	89811	0	0.5	136
	chrI	89812	0	0.5	127
	chrI	89814	0	1.0	151
	chrI	89824	0	0.5	143
	chrI	89833	0	0.5	91
	chrI	89848	1	0.5	151
	chrI	89850	1	0.5	116
	chrI	89850	1	0.5	117
	chrI	89851	0	0.5	151
	chrI	89853	0	1.0	141
	chrI	89877	1	0.5	151
	chrI	89878	0	0.5	132
	chrI	89883	0	1.0	93
	chrI	89883	1	0.5	151
	chrI	89885	0	1.5	141
	chrI	89898	0	0.5	127
	chrI	89906	0	0.5	147
	chrI	89914	0	0.5	151
	chrI	89921	1	0.5	135
	chrI	89922	1	1.0	151
	chrI	89925	1	0.5	91
	chrI	89928	1	2.0	151
	chrI	89932	1	1.0	144
	chrI	89932	1	1.0	151
	chrI	89935	0	0.5	97
	chrI	89939	1	0.5	151
	chrI	89941	1	0.5	127
	chrI	89945	1	0.5	138
	chrI	89946	0	2.0	151
	chrI	89946	1	0.5	136
	chrI	89963	0	1.0	107
	chrI	89966	1	0.5	143
	chrI	89970	0	0.5	44
	chrI	89976	1	1.0	151
	chrI	89977	1	1.0	93
	chrI	89981	0	0.5	151
	chrI	89981	0	0.5	105
	chrI	89981	0	0.5	107
	chrI	89990	0	1.5	90
	chrI	89990	0	0.5	91
	chrI	89993	1	1.0	141
	chrI	89999	0	0.5	151
	chrI	90009	1	0.5	132
	chrI	90016	1	0.5	44
	chrI	90025	1	1.5	141
	chrI	90026	1	0.5	127
	chrI	90036	0	1.5	151
	chrI	90036	1	0.5	97
	chrI	90041	1	0.5	151
	chrI	90042	0	0.5	151
	chrI	90046	0	0.5	151
	chrI	90052	1	0.5	147
	chrI	90068	0	0.5	59
	chrI	90069	1	0.5	151
	chrI	90072	1	1.0	107
	chrI	90074	0	0.5	79
	chrI	90082	1	1.5	90
	chrI	90082	1	0.5	91
	chrI	90088	1	0.5	105
	chrI	90088	1	0.5	107
	chrI	90102	1	0.5	149
	chrI	90104	1	1.5	151
	chrI	90105	0	1.0	151
	chrI	90106	0	0.5	146
	chrI	90127	1	0.5	59
	chrI	90131	0	0.5	151
	chrI	90136	0	0.5	151
	chrI	90136	0	0.5	79
	chrI	90136	1	0.5	151
	chrI	90152	1	0.5	79
	chrI	90171	1	0.5	151
	chrI	90173	0	0.5	118
	chrI	90177	0	0.5	151
	chrI	90191	1	1.5	151
	chrI	90206	1	0.5	151
	chrI	90215	1	0.5	151
	chrI	90217	1	0.5	79
	chrI	90251	1	0.5	146
	chrI	90252	0	0.5	151
	chrI	90258	0	0.5	100
	chrI	90270	1	1.0	151
	chrI	90277	0	0.5	151
	chrI	90279	0	0.5	151
	chrI	90285	1	0.5	151
	chrI	90288	0	0.5	66
	chrI	90290	0	1.0	148
	chrI	90292	1	0.5	118
	chrI	90295	0	0.5	151
	chrI	90295	0	1.0	101
	chrI	90299	1	0.5	151
	chrI	90303	0	0.5	135
	chrI	90320	0	0.5	79
	chrI	90355	0	0.5	132
	chrI	90355	1	0.5	66
	chrI	90359	1	0.5	100
	chrI	90379	1	0.5	151
	chrI	90399	1	0.5	79
	chrI	90399	1	1.0	101
	chrI	90418	0	0.5	151
	chrI	90420	0	1.0	151
	chrI	90437	1	0.5	135
	chrI	90437	1	1.0	148
	chrI	90437	1	0.5	151
	chrI	90449	0	0.5	128
	chrI	90449	0	0.5	134
	chrI	90452	1	0.5	151
	chrI	90453	1	0.5	151
	chrI	90482	1	0.5	151
	chrI	90486	1	0.5	132
	chrI	90509	0	0.5	151
	chrI	90514	0	0.5	115
	chrI	90514	0	0.5	117
	chrI	90525	0	0.5	99
	chrI	90525	0	0.5	111
	chrI	90525	0	0.5	112
	chrI	90541	0	0.5	148
	chrI	90541	0	0.5	151
	chrI	90572	0	0.5	149
	chrI	90578	1	0.5	128
	chrI	90578	1	0.5	151
	chrI	90582	1	0.5	134
	chrI	90582	1	0.5	151
	chrI	90612	0	0.5	88
	chrI	90627	1	0.5	99
	chrI	90630	1	0.5	115
	chrI	90630	1	0.5	117
	chrI	90638	1	0.5	111
	chrI	90638	1	0.5	112
	chrI	90640	1	0.5	151
	chrI	90644	0	0.5	151
	chrI	90647	0	0.5	150
	chrI	90654	0	0.5	146
	chrI	90661	1	0.5	151
	chrI	90702	1	0.5	88
	chrI	90712	0	1.5	151
	chrI	90718	0	0.5	57
	chrI	90720	1	0.5	149
	chrI	90731	0	0.5	121
	chrI	90734	0	1.5	125
	chrI	90751	0	0.5	136
	chrI	90751	0	1.0	111
	chrI	90777	1	0.5	57
	chrI	90778	0	0.5	149
	chrI	90799	1	0.5	146
	chrI	90804	0	0.5	82
	chrI	90814	0	0.5	64
	chrI	90822	0	0.5	96
	chrI	90822	0	0.5	97
	chrI	90830	0	1.0	125
	chrI	90831	0	0.5	110
	chrI	90844	0	0.5	151
	chrI	90847	0	0.5	42
	chrI	90850	0	0.5	128
	chrI	90850	0	1.0	130
	chrI	90853	1	0.5	121
	chrI	90861	1	1.5	125
	chrI	90864	1	1.0	111
	chrI	90868	1	0.5	151
	chrI	90876	1	1.0	151
	chrI	90879	1	0.5	64
	chrI	90884	0	0.5	63
	chrI	90886	1	0.5	136
	chrI	90888	1	0.5	82
	chrI	90889	0	0.5	114
	chrI	90889	1	0.5	42
	chrI	90905	0	0.5	151
	chrI	90906	0	0.5	93
	chrI	90914	0	0.5	151
	chrI	90919	1	0.5	96
	chrI	90919	1	0.5	97
	chrI	90922	0	0.5	51
	chrI	90930	0	0.5	78
	chrI	90933	0	1.0	150
	chrI	90939	0	0.5	73
	chrI	90940	0	0.5	151
	chrI	90941	1	0.5	110
	chrI	90945	0	0.5	151
	chrI	90948	1	0.5	63
	chrI	90950	1	1.0	151
	chrI	90956	1	1.0	125
	chrI	90958	0	0.5	151
	chrI	90977	1	0.5	51
	chrI	90979	1	0.5	128
	chrI	90979	1	1.0	130
	chrI	90995	0	0.5	85
	chrI	91002	1	0.5	93
	chrI	91004	1	0.5	151
	chrI	91005	1	0.5	114
	chrI	91009	1	0.5	78
	chrI	91012	1	0.5	151
	chrI	91015	1	0.5	73
	chrI	91054	0	2.5	122
	chrI	91056	0	0.5	41
	chrI	91059	0	1.0	147
	chrI	91059	1	0.5	151
	chrI	91072	1	0.5	151
	chrI	91075	0	0.5	148
	chrI	91075	0	0.5	151
	chrI	91076	1	0.5	151
	chrI	91079	1	0.5	85
	chrI	91082	0	1.0	151
	chrI	91082	1	1.0	150
	chrI	91083	0	0.5	61
	chrI	91090	0	0.5	151
	chrI	91098	1	0.5	151
	chrI	91098	1	0.5	41
	chrI	91103	1	0.5	151
	chrI	91104	0	0.5	132
	chrI	91117	1	0.5	151
	chrI	91118	1	0.5	151
	chrI	91132	0	0.5	70
	chrI	91141	0	0.5	151
	chrI	91146	1	0.5	61
	chrI	91153	0	0.5	86
	chrI	91155	0	1.5	151
	chrI	91170	0	0.5	98
	chrI	91176	1	2.5	122
	chrI	91201	0	0.5	151
	chrI	91204	1	0.5	70
	chrI	91205	1	1.0	147
	chrI	91214	0	0.5	106
	chrI	91235	1	0.5	132
	chrI	91239	0	1.0	144
	chrI	91242	1	2.0	151
	chrI	91242	1	0.5	86
	chrI	91243	1	0.5	151
	chrI	91246	0	0.5	151
	chrI	91269	1	0.5	98
	chrI	91278	0	1.5	148
	chrI	91305	1	1.5	151
	chrI	91321	1	0.5	106
	chrI	91347	1	0.5	151
	chrI	91351	1	0.5	151
	chrI	91353	0	0.5	148
	chrI	91374	0	0.5	151
	chrI	91378	0	0.5	151
	chrI	91379	0	0.5	138
	chrI	91382	1	1.0	144
	chrI	91383	0	0.5	151
	chrI	91386	0	0.5	151
	chrI	91389	0	0.5	151
	chrI	91390	0	0.5	126
	chrI	91399	1	0.5	151
	chrI	91425	1	1.5	148
	chrI	91467	0	1.5	83
	chrI	91500	1	0.5	148
	chrI	91516	1	0.5	138
	chrI	91517	1	0.5	126
	chrI	91527	1	0.5	151
	chrI	91530	1	0.5	151
	chrI	91550	1	0.5	151
	chrI	91551	1	1.5	83
	chrI	91552	1	0.5	151
	chrI	91553	1	0.5	151
	chrI	91555	0	1.5	151
	chrI	91556	0	0.5	112
	chrI	91556	0	0.5	115
	chrI	91601	0	0.5	151
	chrI	91621	0	0.5	123
	chrI	91640	0	1.0	151
	chrI	91653	0	0.5	148
	chrI	91671	1	0.5	112
	chrI	91671	1	0.5	115
	chrI	91726	0	0.5	57
	chrI	91744	0	0.5	133
	chrI	91746	0	0.5	128
	chrI	91746	0	1.0	141
	chrI	91746	1	0.5	123
	chrI	91760	0	1.0	105
	chrI	91778	0	0.5	125
	chrI	91783	1	0.5	57
	chrI	91788	0	0.5	151
	chrI	91791	0	0.5	139
	chrI	91800	1	0.5	148
	chrI	91813	0	0.5	67
	chrI	91814	0	3.0	151
	chrI	91814	0	0.5	59
	chrI	91816	1	1.0	151
	chrI	91818	1	1.5	151
	chrI	91836	0	0.5	46
	chrI	91841	0	1.0	151
	chrI	91849	0	0.5	135
	chrI	91869	1	1.0	105
	chrI	91872	0	0.5	151
	chrI	91874	1	0.5	59
	chrI	91876	1	0.5	128
	chrI	91876	1	0.5	133
	chrI	91878	0	1.0	151
	chrI	91880	1	0.5	151
	chrI	91881	0	0.5	146
	chrI	91881	0	0.5	150
	chrI	91881	1	0.5	67
	chrI	91883	1	0.5	46
	chrI	91886	1	1.0	141
	chrI	91894	0	0.5	52
	chrI	91895	0	0.5	137
	chrI	91895	0	1.0	96
	chrI	91898	0	0.5	56
	chrI	91905	1	0.5	125
	chrI	91918	0	0.5	71
	chrI	91929	1	0.5	139
	chrI	91930	0	0.5	151
	chrI	91946	1	0.5	151
	chrI	91947	1	0.5	52
	chrI	91955	1	0.5	56
	chrI	91983	1	0.5	135
	chrI	91990	1	0.5	71
	chrI	91991	1	1.0	96
	chrI	91992	1	0.5	151
	chrI	92000	0	1.0	151
	chrI	92010	0	0.5	128
	chrI	92013	1	0.5	151
	chrI	92026	1	0.5	146
	chrI	92026	1	3.0	151
	chrI	92029	1	0.5	151
	chrI	92030	0	0.5	151
	chrI	92030	1	0.5	150
	chrI	92030	1	0.5	151
	chrI	92031	1	0.5	137
	chrI	92033	0	0.5	121
	chrI	92035	0	0.5	151
	chrI	92061	1	0.5	151
	chrI	92066	0	0.5	151
	chrI	92068	0	0.5	131
	chrI	92089	0	0.5	142
	chrI	92094	0	0.5	83
	chrI	92104	0	0.5	117
	chrI	92109	1	0.5	151
	chrI	92131	0	0.5	67
	chrI	92132	0	0.5	128
	chrI	92132	0	0.5	131
	chrI	92132	0	1.0	151
	chrI	92138	1	0.5	128
	chrI	92155	1	0.5	121
	chrI	92159	0	1.0	151
	chrI	92165	0	0.5	103
	chrI	92166	1	1.0	151
	chrI	92167	0	0.5	148
	chrI	92167	0	3.0	151
	chrI	92168	0	0.5	151
	chrI	92178	1	0.5	83
	chrI	92186	0	1.0	151
	chrI	92196	0	0.5	149
	chrI	92197	1	0.5	151
	chrI	92198	0	1.0	151
	chrI	92198	1	0.5	131
	chrI	92199	1	0.5	67
	chrI	92214	0	0.5	151
	chrI	92215	0	0.5	150
	chrI	92215	0	0.5	151
	chrI	92218	0	0.5	151
	chrI	92222	0	0.5	86
	chrI	92222	0	1.0	87
	chrI	92223	1	0.5	117
	chrI	92230	1	0.5	142
	chrI	92230	1	0.5	151
	chrI	92231	0	0.5	96
	chrI	92250	0	0.5	151
	chrI	92262	1	0.5	128
	chrI	92262	1	0.5	131
	chrI	92268	1	0.5	103
	chrI	92286	0	0.5	151
	chrI	92288	0	0.5	56
	chrI	92303	1	0.5	151
	chrI	92310	1	0.5	86
	chrI	92310	1	1.0	87
	chrI	92314	1	0.5	148
	chrI	92314	1	1.5	151
	chrI	92320	0	0.5	151
	chrI	92321	0	0.5	151
	chrI	92327	1	0.5	96
	chrI	92337	0	0.5	128
	chrI	92337	0	0.5	151
	chrI	92340	1	1.5	151
	chrI	92345	1	2.5	151
	chrI	92345	1	0.5	56
	chrI	92357	1	0.5	151
	chrI	92358	0	0.5	151
	chrI	92359	0	1.0	151
	chrI	92359	1	0.5	151
	chrI	92360	0	2.0	151
	chrI	92364	1	0.5	151
	chrI	92371	0	1.0	143
	chrI	92371	0	0.5	144
	chrI	92371	0	0.5	151
	chrI	92381	1	0.5	151
	chrI	92384	0	0.5	128
	chrI	92388	1	1.0	151
	chrI	92389	0	0.5	151
	chrI	92392	0	0.5	120
	chrI	92396	0	1.0	151
	chrI	92406	0	0.5	109
	chrI	92412	0	0.5	146
	chrI	92414	0	0.5	94
	chrI	92418	0	0.5	117
	chrI	92431	0	0.5	128
	chrI	92446	1	1.0	151
	chrI	92451	0	0.5	112
	chrI	92459	0	0.5	151
	chrI	92466	1	0.5	128
	chrI	92467	0	0.5	148
	chrI	92474	0	0.5	151
	chrI	92509	1	0.5	94
	chrI	92513	1	0.5	128
	chrI	92513	1	1.0	143
	chrI	92513	1	2.0	151
	chrI	92513	1	0.5	120
	chrI	92514	1	0.5	144
	chrI	92515	1	0.5	151
	chrI	92516	0	0.5	133
	chrI	92516	1	0.5	109
	chrI	92517	0	0.5	136
	chrI	92517	0	0.5	151
	chrI	92521	1	0.5	151
	chrI	92527	1	0.5	151
	chrI	92536	1	0.5	151
	chrI	92536	1	0.5	117
	chrI	92547	1	1.0	151
	chrI	92548	0	0.5	63
	chrI	92550	0	0.5	81
	chrI	92557	1	0.5	146
	chrI	92558	0	1.0	71
	chrI	92558	1	1.0	151
	chrI	92560	1	0.5	128
	chrI	92560	1	0.5	151
	chrI	92563	0	0.5	56
	chrI	92563	0	1.0	79
	chrI	92563	1	0.5	151
	chrI	92563	1	0.5	112
	chrI	92566	1	0.5	151
	chrI	92567	0	0.5	103
	chrI	92569	0	0.5	101
	chrI	92613	1	0.5	63
	chrI	92618	1	0.5	56
	chrI	92620	0	0.5	149
	chrI	92620	0	1.5	151
	chrI	92621	0	1.0	151
	chrI	92626	0	0.5	122
	chrI	92630	1	1.0	71
	chrI	92631	1	0.5	151
	chrI	92631	1	0.5	81
	chrI	92634	0	1.5	70
	chrI	92637	0	0.5	57
	chrI	92642	1	0.5	151
	chrI	92643	1	1.0	79
	chrI	92645	0	0.5	92
	chrI	92648	1	0.5	133
	chrI	92650	0	0.5	133
	chrI	92650	0	0.5	138
	chrI	92650	0	0.5	151
	chrI	92652	0	0.5	151
	chrI	92652	1	0.5	136
	chrI	92652	1	1.0	151
	chrI	92653	0	1.0	151
	chrI	92653	0	0.5	126
	chrI	92654	0	1.5	107
	chrI	92671	1	0.5	101
	chrI	92672	1	1.0	151
	chrI	92672	1	0.5	103
	chrI	92693	0	1.0	104
	chrI	92695	0	0.5	151
	chrI	92696	1	0.5	57
	chrI	92700	0	0.5	109
	chrI	92707	1	1.5	70
	chrI	92714	0	0.5	99
	chrI	92739	1	0.5	92
	chrI	92750	1	0.5	122
	chrI	92762	1	1.5	107
	chrI	92768	1	0.5	149
	chrI	92778	1	0.5	126
	chrI	92781	0	0.5	151
	chrI	92782	1	0.5	133
	chrI	92782	1	1.0	151
	chrI	92787	1	0.5	138
	chrI	92787	1	0.5	151
	chrI	92788	0	1.0	151
	chrI	92791	0	0.5	97
	chrI	92799	1	1.0	104
	chrI	92807	1	0.5	151
	chrI	92809	0	0.5	151
	chrI	92811	1	0.5	109
	chrI	92814	1	1.0	151
	chrI	92814	1	0.5	99
	chrI	92817	0	0.5	151
	chrI	92821	0	1.0	151
	chrI	92822	0	0.5	151
	chrI	92832	0	0.5	121
	chrI	92834	1	0.5	151
	chrI	92836	1	0.5	151
	chrI	92837	0	0.5	151
	chrI	92842	0	0.5	117
	chrI	92849	0	0.5	91
	chrI	92872	1	0.5	151
	chrI	92887	1	0.5	151
	chrI	92890	1	0.5	97
	chrI	92899	0	1.0	151
	chrI	92941	1	0.5	91
	chrI	92953	1	0.5	121
	chrI	92960	1	0.5	151
	chrI	92960	1	0.5	117
	chrI	92963	0	1.0	151
	chrI	92967	0	0.5	75
	chrI	92976	1	0.5	151
	chrI	92977	0	0.5	151
	chrI	92977	1	0.5	151
	chrI	92979	1	0.5	151
	chrI	92982	0	0.5	151
	chrI	92987	0	0.5	61
	chrI	92991	0	0.5	151
	chrI	92991	1	0.5	151
	chrI	93001	0	0.5	151
	chrI	93001	1	1.5	151
	chrI	93002	0	1.0	146
	chrI	93013	1	0.5	151
	chrI	93015	0	0.5	148
	chrI	93046	1	0.5	75
	chrI	93049	1	0.5	60
	chrI	93056	0	0.5	40
	chrI	93098	1	0.5	40
	chrI	93101	0	1.0	67
	chrI	93144	1	0.5	151
	chrI	93145	0	0.5	151
	chrI	93147	1	1.0	146
	chrI	93153	1	0.5	151
	chrI	93154	1	0.5	150
	chrI	93155	1	0.5	151
	chrI	93162	1	0.5	148
	chrI	93168	1	1.0	67
	chrI	93173	0	0.5	151
	chrI	93181	1	0.5	151
	chrI	93187	0	0.5	93
	chrI	93188	1	0.5	151
	chrI	93257	0	0.5	97
	chrI	93265	0	0.5	95
	chrI	93278	1	1.0	151
	chrI	93280	1	0.5	93
	chrI	93291	0	0.5	67
	chrI	93295	0	0.5	139
	chrI	93314	0	0.5	122
	chrI	93316	0	0.5	151
	chrI	93335	0	1.0	145
	chrI	93342	1	1.0	151
	chrI	93355	1	0.5	97
	chrI	93360	1	0.5	67
	chrI	93361	1	0.5	95
	chrI	93377	0	0.5	105
	chrI	93405	0	0.5	117
	chrI	93405	0	0.5	118
	chrI	93432	0	0.5	151
	chrI	93433	1	0.5	139
	chrI	93437	1	0.5	122
	chrI	93471	0	1.0	151
	chrI	93479	1	1.0	145
	chrI	93483	1	0.5	151
	chrI	93483	1	0.5	105
	chrI	93486	0	0.5	145
	chrI	93489	0	0.5	118
	chrI	93492	0	0.5	102
	chrI	93497	0	0.5	112
	chrI	93500	0	0.5	74
	chrI	93523	1	0.5	117
	chrI	93523	1	0.5	118
	chrI	93577	1	0.5	75
	chrI	93595	1	0.5	102
	chrI	93597	0	0.5	75
	chrI	93606	1	0.5	110
	chrI	93609	0	0.5	151
	chrI	93609	1	0.5	118
	chrI	93617	0	1.0	135
	chrI	93630	1	0.5	145
	chrI	93658	0	0.5	151
	chrI	93670	0	0.5	122
	chrI	93673	1	0.5	75
	chrI	93681	0	0.5	100
	chrI	93682	0	0.5	151
	chrI	93696	0	0.5	102
	chrI	93724	0	0.5	151
	chrI	93751	1	1.0	135
	chrI	93763	1	1.0	151
	chrI	93769	0	0.5	151
	chrI	93782	1	0.5	100
	chrI	93790	0	0.5	151
	chrI	93790	1	0.5	151
	chrI	93793	1	0.5	122
	chrI	93799	1	0.5	102
	chrI	93803	0	0.5	136
	chrI	93804	0	1.0	151
	chrI	93817	0	0.5	151
	chrI	93821	0	0.5	43
	chrI	93831	1	0.5	151
	chrI	93846	0	0.5	151
	chrI	93847	1	0.5	151
	chrI	93864	1	0.5	43
	chrI	93913	0	0.5	100
	chrI	93930	1	0.5	151
	chrI	93937	0	0.5	135
	chrI	93938	0	0.5	151
	chrI	93938	1	0.5	136
	chrI	93941	0	0.5	151
	chrI	93964	1	0.5	151
	chrI	93975	1	0.5	151
	chrI	93977	1	1.0	151
	chrI	93981	0	0.5	151
	chrI	93984	0	0.5	125
	chrI	93987	1	0.5	151
	chrI	93993	0	1.0	151
	chrI	94000	0	1.0	129
	chrI	94000	0	0.5	127
	chrI	94004	1	0.5	151
	chrI	94006	1	0.5	151
	chrI	94013	1	0.5	100
	chrI	94026	0	0.5	96
	chrI	94027	0	0.5	151
	chrI	94029	0	0.5	128
	chrI	94029	0	0.5	133
	chrI	94037	0	0.5	132
	chrI	94038	0	0.5	44
	chrI	94042	0	0.5	151
	chrI	94060	0	0.5	118
	chrI	94071	1	0.5	135
	chrI	94079	0	0.5	93
	chrI	94083	1	0.5	44
	chrI	94106	1	0.5	151
	chrI	94113	1	0.5	125
	chrI	94124	1	0.5	151
	chrI	94124	1	0.5	96
	chrI	94128	1	1.0	129
	chrI	94128	1	0.5	127
	chrI	94158	1	0.5	128
	chrI	94161	1	0.5	133
	chrI	94166	1	1.0	151
	chrI	94168	1	0.5	132
	chrI	94170	1	0.5	151
	chrI	94172	1	0.5	93
	chrI	94173	0	0.5	151
	chrI	94180	1	0.5	118
	chrI	94196	0	0.5	112
	chrI	94200	1	0.5	151
	chrI	94216	0	0.5	151
	chrI	94234	0	1.5	107
	chrI	94235	0	0.5	151
	chrI	94235	0	0.5	120
	chrI	94244	0	1.5	89
	chrI	94244	0	0.5	93
	chrI	94260	1	0.5	151
	chrI	94270	0	0.5	151
	chrI	94270	0	0.5	110
	chrI	94279	0	0.5	135
	chrI	94309	1	0.5	112
	chrI	94322	0	0.5	151
	chrI	94332	0	0.5	116
	chrI	94335	1	1.5	89
	chrI	94338	1	0.5	93
	chrI	94341	0	1.5	151
	chrI	94342	0	0.5	151
	chrI	94343	1	1.5	107
	chrI	94350	0	0.5	151
	chrI	94350	0	0.5	103
	chrI	94353	0	0.5	151
	chrI	94355	1	0.5	120
	chrI	94361	1	0.5	151
	chrI	94363	0	1.0	151
	chrI	94370	0	1.0	151
	chrI	94380	1	0.5	147
	chrI	94383	1	0.5	110
	chrI	94395	0	0.5	97
	chrI	94400	1	0.5	151
	chrI	94413	1	0.5	135
	chrI	94435	0	0.5	47
	chrI	94435	1	0.5	151
	chrI	94449	1	0.5	116
	chrI	94454	1	0.5	103
	chrI	94468	0	0.5	126
	chrI	94475	0	0.5	67
	chrI	94477	0	0.5	124
	chrI	94477	0	0.5	125
	chrI	94482	1	0.5	47
	chrI	94489	0	0.5	130
	chrI	94494	1	0.5	97
	chrI	94495	0	1.0	147
	chrI	94497	1	0.5	151
	chrI	94498	0	1.0	99
	chrI	94501	0	0.5	51
	chrI	94502	1	2.0	151
	chrI	94509	0	1.5	151
	chrI	94512	0	0.5	46
	chrI	94520	0	0.5	62
	chrI	94530	1	1.5	151
	chrI	94533	0	0.5	117
	chrI	94533	0	1.0	125
	chrI	94536	0	1.5	105
	chrI	94537	0	0.5	151
	chrI	94542	1	0.5	151
	chrI	94543	1	0.5	67
	chrI	94546	0	2.0	151
	chrI	94556	1	0.5	51
	chrI	94562	1	0.5	46
	chrI	94565	0	0.5	151
	chrI	94568	1	1.0	151
	chrI	94570	0	0.5	118
	chrI	94575	0	1.0	151
	chrI	94576	0	1.0	151
	chrI	94576	0	1.5	81
	chrI	94577	0	0.5	151
	chrI	94580	0	0.5	135
	chrI	94580	0	0.5	147
	chrI	94580	0	1.0	151
	chrI	94585	1	0.5	62
	chrI	94587	0	0.5	151
	chrI	94590	0	0.5	151
	chrI	94591	0	1.0	151
	chrI	94594	1	0.5	126
	chrI	94597	1	1.0	99
	chrI	94601	0	0.5	151
	chrI	94601	1	0.5	124
	chrI	94601	1	0.5	125
	chrI	94618	0	0.5	151
	chrI	94618	1	0.5	130
	chrI	94620	0	0.5	151
	chrI	94621	0	1.0	151
	chrI	94641	0	0.5	151
	chrI	94641	1	1.0	147
	chrI	94641	1	1.5	105
	chrI	94642	0	0.5	61
	chrI	94649	1	0.5	117
	chrI	94650	0	0.5	151
	chrI	94658	1	1.5	81
	chrI	94660	0	1.0	116
	chrI	94660	1	1.0	125
	chrI	94665	0	0.5	73
	chrI	94676	0	0.5	66
	chrI	94684	0	0.5	151
	chrI	94690	1	0.5	118
	chrI	94704	1	0.5	61
	chrI	94712	1	1.0	151
	chrI	94714	1	0.5	135
	chrI	94715	1	1.5	151
	chrI	94719	1	0.5	151
	chrI	94737	1	0.5	151
	chrI	94739	1	0.5	150
	chrI	94739	1	0.5	73
	chrI	94740	1	0.5	151
	chrI	94741	1	1.0	151
	chrI	94743	1	0.5	66
	chrI	94744	0	0.5	149
	chrI	94745	1	0.5	151
	chrI	94748	1	0.5	151
	chrI	94749	0	1.0	123
	chrI	94751	0	1.0	151
	chrI	94753	1	2.0	151
	chrI	94755	0	0.5	151
	chrI	94756	0	1.0	151
	chrI	94760	0	0.5	151
	chrI	94777	1	0.5	151
	chrI	94777	1	1.0	116
	chrI	94778	0	0.5	151
	chrI	94778	1	1.0	151
	chrI	94782	1	0.5	151
	chrI	94783	0	1.5	151
	chrI	94783	1	0.5	151
	chrI	94784	0	0.5	151
	chrI	94792	1	0.5	151
	chrI	94826	0	0.5	71
	chrI	94826	1	0.5	151
	chrI	94835	0	0.5	122
	chrI	94851	1	0.5	151
	chrI	94870	0	0.5	93
	chrI	94873	1	1.0	123
	chrI	94875	1	0.5	151
	chrI	94881	0	0.5	151
	chrI	94881	0	0.5	53
	chrI	94883	0	0.5	122
	chrI	94892	1	0.5	149
	chrI	94897	1	0.5	71
	chrI	94905	1	1.0	151
	chrI	94906	0	0.5	146
	chrI	94906	1	0.5	151
	chrI	94908	1	0.5	151
	chrI	94918	1	0.5	151
	chrI	94924	0	0.5	59
	chrI	94931	1	0.5	151
	chrI	94932	1	0.5	151
	chrI	94933	1	1.0	151
	chrI	94937	1	0.5	151
	chrI	94939	1	0.5	151
	chrI	94939	1	0.5	53
	chrI	94943	0	0.5	87
	chrI	94950	0	0.5	151
	chrI	94959	1	0.5	122
	chrI	94964	1	0.5	93
	chrI	94966	1	0.5	151
	chrI	94972	0	1.0	151
	chrI	94983	1	0.5	59
	chrI	95004	1	1.0	151
	chrI	95007	1	0.5	122
	chrI	95012	0	0.5	78
	chrI	95012	0	0.5	79
	chrI	95023	0	1.0	72
	chrI	95029	1	0.5	87
	chrI	95032	0	1.5	88
	chrI	95038	0	0.5	151
	chrI	95051	1	0.5	146
	chrI	95053	0	1.0	151
	chrI	95056	1	0.5	151
	chrI	95068	0	0.5	151
	chrI	95069	0	0.5	36
	chrI	95073	0	0.5	151
	chrI	95075	0	0.5	83
	chrI	95085	0	0.5	151
	chrI	95091	1	0.5	78
	chrI	95091	1	0.5	79
	chrI	95092	0	0.5	151
	chrI	95095	0	0.5	151
	chrI	95097	1	1.0	72
	chrI	95100	1	0.5	151
	chrI	95102	0	1.0	151
	chrI	95106	1	0.5	36
	chrI	95114	0	1.0	151
	chrI	95122	1	1.5	88
	chrI	95123	0	0.5	45
	chrI	95143	0	0.5	64
	chrI	95162	1	0.5	83
	chrI	95170	1	0.5	45
	chrI	95185	0	0.5	86
	chrI	95186	0	0.5	96
	chrI	95189	0	0.5	151
	chrI	95201	0	0.5	151
	chrI	95208	1	0.5	64
	chrI	95214	1	0.5	151
	chrI	95224	1	0.5	151
	chrI	95226	1	1.0	151
	chrI	95230	1	0.5	151
	chrI	95232	0	0.5	151
	chrI	95244	0	0.5	135
	chrI	95249	1	0.5	151
	chrI	95250	1	0.5	151
	chrI	95252	0	0.5	136
	chrI	95252	1	0.5	151
	chrI	95254	0	0.5	149
	chrI	95256	0	0.5	151
	chrI	95256	1	0.5	151
	chrI	95257	0	1.0	151
	chrI	95257	0	0.5	95
	chrI	95257	0	0.5	96
	chrI	95257	0	0.5	97
	chrI	95271	0	0.5	151
	chrI	95273	1	0.5	86
	chrI	95274	0	0.5	107
	chrI	95279	1	0.5	151
	chrI	95283	1	0.5	96
	chrI	95289	1	0.5	151
	chrI	95291	0	0.5	151
	chrI	95291	0	0.5	51
	chrI	95293	1	0.5	151
	chrI	95294	1	0.5	150
	chrI	95295	1	0.5	151
	chrI	95303	0	0.5	131
	chrI	95304	0	0.5	98
	chrI	95307	0	0.5	88
	chrI	95342	1	0.5	51
	chrI	95345	0	1.0	151
	chrI	95346	0	0.5	121
	chrI	95354	1	0.5	95
	chrI	95355	1	0.5	96
	chrI	95355	1	0.5	97
	chrI	95378	1	0.5	135
	chrI	95380	1	0.5	107
	chrI	95382	0	1.0	151
	chrI	95387	1	0.5	136
	chrI	95394	1	0.5	151
	chrI	95396	1	0.5	88
	chrI	95398	0	0.5	151
	chrI	95400	1	0.5	151
	chrI	95402	1	0.5	149
	chrI	95404	1	0.5	98
	chrI	95416	1	0.5	151
	chrI	95417	1	0.5	151
	chrI	95419	0	1.0	151
	chrI	95422	0	0.5	108
	chrI	95425	0	2.0	151
	chrI	95425	0	0.5	119
	chrI	95427	1	0.5	151
	chrI	95429	1	0.5	151
	chrI	95433	0	0.5	151
	chrI	95433	1	0.5	131
	chrI	95435	0	1.0	151
	chrI	95435	0	0.5	59
	chrI	95447	0	0.5	132
	chrI	95447	0	0.5	126
	chrI	95449	0	0.5	151
	chrI	95459	1	0.5	151
	chrI	95460	0	0.5	80
	chrI	95460	0	0.5	94
	chrI	95462	0	0.5	125
	chrI	95469	1	0.5	121
	chrI	95470	0	1.0	149
	chrI	95481	0	1.5	125
	chrI	95489	0	0.5	102
	chrI	95495	0	0.5	145
	chrI	95498	1	0.5	59
	chrI	95501	0	0.5	151
	chrI	95515	0	0.5	117
	chrI	95516	0	1.0	151
	chrI	95518	0	0.5	125
	chrI	95531	1	0.5	108
	chrI	95537	0	0.5	94
	chrI	95542	1	1.0	151
	chrI	95543	1	0.5	80
	chrI	95544	1	1.0	151
	chrI	95545	1	0.5	119
	chrI	95557	1	0.5	94
	chrI	95558	1	0.5	151
	chrI	95559	0	0.5	87
	chrI	95566	0	0.5	75
	chrI	95574	1	1.0	151
	chrI	95574	1	0.5	126
	chrI	95578	1	0.5	132
	chrI	95583	1	1.0	151
	chrI	95589	1	0.5	125
	chrI	95592	1	0.5	102
	chrI	95595	0	0.5	131
	chrI	95597	1	1.0	151
	chrI	95608	1	0.5	151
	chrI	95608	1	1.5	125
	chrI	95616	1	1.0	151
	chrI	95618	0	1.0	142
	chrI	95618	0	0.5	151
	chrI	95618	1	1.0	149
	chrI	95630	1	0.5	92
	chrI	95633	1	0.5	151
	chrI	95633	1	0.5	117
	chrI	95638	0	1.0	107
	chrI	95639	1	0.5	145
	chrI	95640	1	0.5	75
	chrI	95641	0	0.5	151
	chrI	95642	0	0.5	135
	chrI	95642	0	0.5	151
	chrI	95644	1	0.5	125
	chrI	95646	0	0.5	142
	chrI	95648	0	0.5	151
	chrI	95648	1	0.5	87
	chrI	95649	0	0.5	151
	chrI	95652	0	1.0	151
	chrI	95655	0	0.5	151
	chrI	95658	0	0.5	151
	chrI	95665	0	1.5	151
	chrI	95665	0	0.5	80
	chrI	95665	1	0.5	151
	chrI	95672	1	0.5	151
	chrI	95680	0	0.5	90
	chrI	95682	0	1.0	151
	chrI	95685	1	1.0	151
	chrI	95689	0	0.5	99
	chrI	95689	0	0.5	100
	chrI	95707	0	0.5	90
	chrI	95725	1	0.5	131
	chrI	95741	0	0.5	151
	chrI	95746	1	1.0	107
	chrI	95747	1	0.5	80
	chrI	95753	0	0.5	76
	chrI	95758	0	0.5	45
	chrI	95759	1	1.0	142
	chrI	95763	0	0.5	54
	chrI	95764	0	0.5	101
	chrI	95772	1	0.5	90
	chrI	95776	1	0.5	135
	chrI	95787	0	0.5	151
	chrI	95787	1	0.5	142
	chrI	95789	1	0.5	99
	chrI	95789	1	0.5	100
	chrI	95790	0	1.5	151
	chrI	95800	1	0.5	151
	chrI	95800	1	0.5	90
	chrI	95802	0	0.5	102
	chrI	95802	1	0.5	151
	chrI	95805	1	0.5	45
	chrI	95811	1	0.5	151
	chrI	95812	0	1.5	96
	chrI	95816	1	1.0	151
	chrI	95818	1	2.0	151
	chrI	95818	1	0.5	54
	chrI	95822	1	1.0	151
	chrI	95824	0	0.5	148
	chrI	95824	0	0.5	151
	chrI	95830	1	0.5	151
	chrI	95830	1	0.5	76
	chrI	95831	0	0.5	62
	chrI	95832	0	0.5	151
	chrI	95833	0	1.0	113
	chrI	95843	1	1.0	151
	chrI	95844	0	0.5	122
	chrI	95865	0	0.5	128
	chrI	95865	0	0.5	107
	chrI	95867	1	0.5	101
	chrI	95881	0	1.0	151
	chrI	95896	1	0.5	62
	chrI	95905	1	0.5	102
	chrI	95909	0	0.5	149
	chrI	95909	1	1.5	96
	chrI	95926	1	0.5	151
	chrI	95949	1	1.0	113
	chrI	95950	1	1.0	151
	chrI	95951	1	0.5	151
	chrI	95953	0	0.5	61
	chrI	95954	0	0.5	73
	chrI	95963	0	0.5	151
	chrI	95964	1	0.5	151
	chrI	95965	0	0.5	151
	chrI	95968	0	0.5	151
	chrI	95971	0	0.5	149
	chrI	95991	1	1.5	151
	chrI	95992	0	0.5	70
	chrI	95992	1	1.0	128
	chrI	95995	0	0.5	136
	chrI	95995	0	0.5	151
	chrI	96007	0	0.5	151
	chrI	96010	0	0.5	97
	chrI	96014	0	0.5	151
	chrI	96016	1	0.5	151
	chrI	96016	1	0.5	61
	chrI	96028	1	0.5	73
	chrI	96032	0	0.5	151
	chrI	96033	0	1.0	151
	chrI	96040	0	1.5	88
	chrI	96041	0	0.5	128
	chrI	96046	0	1.0	151
	chrI	96063	1	0.5	70
	chrI	96092	1	0.5	151
	chrI	96100	0	0.5	151
	chrI	96107	1	0.5	97
	chrI	96109	0	0.5	150
	chrI	96119	1	0.5	149
	chrI	96120	1	0.5	151
	chrI	96129	1	1.5	88
	chrI	96130	1	0.5	136
	chrI	96132	1	0.5	151
	chrI	96145	1	0.5	151
	chrI	96161	0	1.0	104
	chrI	96161	1	0.5	151
	chrI	96163	1	0.5	151
	chrI	96169	1	0.5	128
	chrI	96172	0	1.0	151
	chrI	96174	1	0.5	151
	chrI	96180	0	1.0	151
	chrI	96188	1	1.0	151
	chrI	96189	0	1.0	136
	chrI	96192	0	0.5	85
	chrI	96212	0	0.5	43
	chrI	96213	0	1.5	151
	chrI	96213	1	0.5	151
	chrI	96214	0	0.5	111
	chrI	96217	0	0.5	110
	chrI	96231	0	1.0	151
	chrI	96247	1	1.0	151
	chrI	96253	0	0.5	93
	chrI	96258	1	0.5	150
	chrI	96258	1	0.5	43
	chrI	96263	1	0.5	151
	chrI	96267	1	1.0	104
	chrI	96279	1	0.5	85
	chrI	96283	0	0.5	151
	chrI	96283	0	0.5	71
	chrI	96284	0	0.5	93
	chrI	96287	0	0.5	151
	chrI	96324	1	1.0	136
	chrI	96328	0	0.5	98
	chrI	96328	1	0.5	110
	chrI	96328	1	0.5	111
	chrI	96332	0	0.5	151
	chrI	96333	0	0.5	66
	chrI	96337	0	0.5	76
	chrI	96341	0	0.5	151
	chrI	96344	1	1.0	151
	chrI	96346	1	0.5	93
	chrI	96357	1	0.5	71
	chrI	96360	0	0.5	86
	chrI	96360	0	0.5	101
	chrI	96368	1	1.5	151
	chrI	96370	1	1.0	151
	chrI	96371	0	0.5	151
	chrI	96379	1	0.5	93
	chrI	96380	0	0.5	104
	chrI	96389	1	1.0	151
	chrI	96393	0	0.5	149
	chrI	96400	1	0.5	66
	chrI	96402	1	1.0	151
	chrI	96406	0	0.5	109
	chrI	96417	1	0.5	76
	chrI	96427	1	0.5	98
	chrI	96436	0	0.5	114
	chrI	96445	1	0.5	151
	chrI	96447	1	0.5	86
	chrI	96453	1	0.5	151
	chrI	96462	1	0.5	101
	chrI	96465	0	0.5	151
	chrI	96483	1	0.5	104
	chrI	96488	0	0.5	151
	chrI	96493	1	0.5	151
	chrI	96515	0	1.0	134
	chrI	96515	1	0.5	109
	chrI	96524	0	0.5	151
	chrI	96548	0	0.5	102
	chrI	96552	1	0.5	114
	chrI	96553	0	0.5	151
	chrI	96554	0	0.5	151
	chrI	96573	0	0.5	96
	chrI	96576	0	0.5	54
	chrI	96576	1	0.5	151
	chrI	96592	0	0.5	151
	chrI	96606	1	0.5	151
	chrI	96628	0	0.5	151
	chrI	96631	0	0.5	151
	chrI	96631	1	0.5	54
	chrI	96632	0	0.5	146
	chrI	96633	0	0.5	136
	chrI	96633	0	0.5	145
	chrI	96640	1	0.5	151
	chrI	96648	1	1.0	134
	chrI	96650	1	0.5	102
	chrI	96665	0	0.5	151
	chrI	96669	1	0.5	96
	chrI	96680	1	0.5	151
	chrI	96681	1	0.5	151
	chrI	96685	0	1.0	151
	chrI	96722	0	0.5	75
	chrI	96727	0	0.5	151
	chrI	96728	0	0.5	151
	chrI	96743	0	1.5	151
	chrI	96743	1	0.5	151
	chrI	96745	0	0.5	67
	chrI	96753	0	0.5	151
	chrI	96768	1	0.5	136
	chrI	96774	0	0.5	151
	chrI	96775	1	0.5	151
	chrI	96777	1	0.5	145
	chrI	96777	1	0.5	146
	chrI	96779	0	0.5	151
	chrI	96784	1	0.5	151
	chrI	96785	1	0.5	151
	chrI	96795	0	0.5	143
	chrI	96800	1	0.5	75
	chrI	96813	1	0.5	67
	chrI	96826	1	0.5	151
	chrI	96834	0	0.5	101
	chrI	96849	0	0.5	72
	chrI	96850	1	1.0	149
	chrI	96854	1	0.5	151
	chrI	96876	0	0.5	146
	chrI	96892	0	1.0	151
	chrI	96896	1	0.5	151
	chrI	96898	0	0.5	106
	chrI	96905	0	0.5	98
	chrI	96912	0	0.5	151
	chrI	96917	0	1.0	74
	chrI	96922	1	0.5	72
	chrI	96924	1	1.5	151
	chrI	96932	1	0.5	151
	chrI	96934	0	0.5	151
	chrI	96934	1	0.5	151
	chrI	96937	1	0.5	143
	chrI	96937	1	0.5	151
	chrI	96937	1	0.5	101
	chrI	96954	0	1.0	73
	chrI	96972	0	0.5	151
	chrI	96976	0	0.5	85
	chrI	96991	1	1.0	74
	chrI	97002	0	1.0	151
	chrI	97004	1	0.5	98
	chrI	97007	1	0.5	151
	chrI	97007	1	0.5	106
	chrI	97021	1	0.5	146
	chrI	97029	1	1.0	73
	chrI	97040	0	1.5	151
	chrI	97042	0	0.5	151
	chrI	97058	0	1.5	151
	chrI	97059	1	1.0	151
	chrI	97062	1	0.5	85
	chrI	97087	1	0.5	151
	chrI	97096	0	0.5	80
	chrI	97098	0	0.5	80
	chrI	97099	1	0.5	151
	chrI	97108	0	0.5	63
	chrI	97110	0	0.5	107
	chrI	97113	1	0.5	151
	chrI	97143	1	0.5	151
	chrI	97144	0	0.5	149
	chrI	97146	0	0.5	123
	chrI	97156	0	0.5	113
	chrI	97158	1	1.0	151
	chrI	97169	0	0.5	151
	chrI	97172	0	0.5	151
	chrI	97172	1	0.5	63
	chrI	97178	1	0.5	80
	chrI	97180	1	0.5	80
	chrI	97214	0	0.5	151
	chrI	97216	1	0.5	151
	chrI	97217	1	0.5	107
	chrI	97223	1	1.5	151
	chrI	97227	1	1.5	151
	chrI	97228	0	2.0	151
	chrI	97243	0	0.5	89
	chrI	97244	0	1.0	151
	chrI	97264	0	0.5	103
	chrI	97271	1	0.5	113
	chrI	97271	1	0.5	123
	chrI	97274	0	1.0	151
	chrI	97287	0	0.5	151
	chrI	97292	1	0.5	149
	chrI	97310	0	0.5	151
	chrI	97315	0	0.5	138
	chrI	97316	0	0.5	135
	chrI	97319	0	1.0	108
	chrI	97328	1	1.0	151
	chrI	97330	0	0.5	47
	chrI	97333	1	0.5	89
	chrI	97368	1	0.5	103
	chrI	97372	0	1.0	135
	chrI	97374	0	0.5	151
	chrI	97377	1	0.5	47
	chrI	97390	0	0.5	83
	chrI	97397	1	1.0	151
	chrI	97401	1	1.5	151
	chrI	97403	0	1.0	151
	chrI	97411	0	0.5	151
	chrI	97414	0	0.5	151
	chrI	97427	1	1.0	108
	chrI	97428	1	1.0	151
	chrI	97442	1	0.5	151
	chrI	97445	1	0.5	151
	chrI	97450	1	0.5	135
	chrI	97452	1	0.5	138
	chrI	97453	0	0.5	142
	chrI	97458	0	0.5	150
	chrI	97471	1	0.5	151
	chrI	97472	1	0.5	151
	chrI	97475	1	0.5	83
	chrI	97488	0	0.5	132
	chrI	97499	0	0.5	138
	chrI	97506	1	1.0	135
	chrI	97512	0	0.5	151
	chrI	97512	0	0.5	68
	chrI	97539	1	0.5	151
	chrI	97553	0	1.0	151
	chrI	97563	1	0.5	151
	chrI	97570	1	1.0	151
	chrI	97582	1	0.5	68
	chrI	97594	1	0.5	142
	chrI	97607	1	0.5	150
	chrI	97612	1	0.5	151
	chrI	97619	1	0.5	132
	chrI	97629	0	0.5	151
	chrI	97636	1	0.5	138
	chrI	97639	0	1.5	140
	chrI	97656	0	1.0	104
	chrI	97656	0	1.0	105
	chrI	97668	0	0.5	151
	chrI	97670	0	1.0	151
	chrI	97676	0	0.5	148
	chrI	97679	1	0.5	151
	chrI	97681	0	0.5	68
	chrI	97682	0	0.5	55
	chrI	97682	0	0.5	59
	chrI	97718	1	0.5	150
	chrI	97719	1	0.5	151
	chrI	97732	0	0.5	92
	chrI	97738	1	0.5	55
	chrI	97742	1	0.5	59
	chrI	97744	0	0.5	148
	chrI	97751	1	0.5	68
	chrI	97758	0	0.5	51
	chrI	97761	1	1.0	104
	chrI	97761	1	1.0	105
	chrI	97763	0	0.5	123
	chrI	97778	1	1.5	140
	chrI	97789	1	0.5	151
	chrI	97805	0	0.5	119
	chrI	97810	1	0.5	51
	chrI	97818	1	0.5	151
	chrI	97821	0	0.5	105
	chrI	97823	1	0.5	148
	chrI	97825	1	0.5	92
	chrI	97826	1	1.0	151
	chrI	97828	0	0.5	77
	chrI	97850	0	0.5	74
	chrI	97863	0	1.0	137
	chrI	97891	1	0.5	148
	chrI	97891	1	0.5	123
	chrI	97893	0	0.5	151
	chrI	97894	0	0.5	138
	chrI	97906	1	0.5	77
	chrI	97921	0	0.5	122
	chrI	97925	1	0.5	74
	chrI	97925	1	0.5	119
	chrI	97927	1	0.5	105
	chrI	97986	0	0.5	113
	chrI	97996	0	0.5	151
	chrI	97999	1	1.0	137
	chrI	98004	0	0.5	151
	chrI	98028	0	1.0	63
	chrI	98029	0	0.5	70
	chrI	98031	1	0.5	138
	chrI	98034	0	0.5	150
	chrI	98047	1	0.5	125
	chrI	98049	0	0.5	131
	chrI	98055	1	0.5	151
	chrI	98059	0	0.5	151
	chrI	98074	0	0.5	89
	chrI	98092	1	1.0	63
	chrI	98100	1	0.5	70
	chrI	98100	1	0.5	113
	chrI	98104	0	0.5	151
	chrI	98104	0	0.5	54
	chrI	98104	0	0.5	56
	chrI	98109	0	0.5	94
	chrI	98120	0	0.5	145
	chrI	98123	0	0.5	127
	chrI	98124	0	0.5	133
	chrI	98129	0	0.5	50
	chrI	98153	0	0.5	74
	chrI	98159	1	0.5	151
	chrI	98160	1	0.5	86
	chrI	98162	1	1.0	56
	chrI	98174	1	0.5	151
	chrI	98179	1	0.5	131
	chrI	98181	1	0.5	50
	chrI	98183	0	0.5	117
	chrI	98183	1	0.5	150
	chrI	98190	0	0.5	148
	chrI	98203	1	0.5	94
	chrI	98207	0	0.5	122
	chrI	98211	0	0.5	151
	chrI	98220	0	0.5	65
	chrI	98224	0	1.5	151
	chrI	98224	0	0.5	121
	chrI	98229	1	0.5	151
	chrI	98229	1	0.5	76
	chrI	98251	1	0.5	127
	chrI	98256	1	0.5	133
	chrI	98259	0	1.0	151
	chrI	98264	1	0.5	145
	chrI	98274	0	0.5	62
	chrI	98286	1	0.5	65
	chrI	98293	0	1.5	70
	chrI	98297	1	0.5	151
	chrI	98301	1	0.5	117
	chrI	98302	0	0.5	151
	chrI	98315	0	0.5	151
	chrI	98330	1	0.5	122
	chrI	98339	1	0.5	62
	chrI	98344	0	0.5	151
	chrI	98346	1	0.5	121
	chrI	98363	0	0.5	45
	chrI	98366	1	1.5	70
	chrI	98389	1	1.0	151
	chrI	98391	1	0.5	151
	chrI	98395	0	0.5	151
	chrI	98395	1	0.5	151
	chrI	98396	0	1.0	151
	chrI	98405	0	0.5	53
	chrI	98407	1	0.5	151
	chrI	98408	1	0.5	45
	chrI	98411	0	0.5	122
	chrI	98413	1	1.0	151
	chrI	98421	0	0.5	66
	chrI	98429	0	1.0	151
	chrI	98453	0	0.5	151
	chrI	98461	1	0.5	53
	chrI	98470	1	0.5	151
	chrI	98471	1	0.5	151
	chrI	98488	1	0.5	66
	chrI	98508	0	0.5	147
	chrI	98522	0	1.5	151
	chrI	98535	1	0.5	122
	chrI	98543	0	0.5	151
	chrI	98553	0	1.0	144
	chrI	98553	1	1.0	151
	chrI	98559	1	0.5	151
	chrI	98566	0	0.5	128
	chrI	98585	0	0.5	80
	chrI	98589	0	0.5	151
	chrI	98602	0	0.5	93
	chrI	98609	0	0.5	108
	chrI	98624	1	1.5	151
	chrI	98643	1	0.5	151
	chrI	98652	0	0.5	151
	chrI	98654	1	0.5	147
	chrI	98661	0	0.5	89
	chrI	98665	1	0.5	80
	chrI	98668	0	1.0	151
	chrI	98696	1	0.5	128
	chrI	98696	1	1.0	144
	chrI	98696	1	1.5	151
	chrI	98696	1	0.5	93
	chrI	98700	0	0.5	151
	chrI	98701	0	0.5	151
	chrI	98716	1	0.5	108
	chrI	98740	1	0.5	151
	chrI	98750	1	0.5	89
	chrI	98767	0	0.5	151
	chrI	98781	0	0.5	113
	chrI	98802	0	1.0	151
	chrI	98812	1	0.5	151
	chrI	98854	1	1.5	151
	chrI	98866	1	0.5	150
	chrI	98869	0	0.5	151
	chrI	98870	0	0.5	59
	chrI	98875	0	1.5	146
	chrI	98878	0	0.5	141
	chrI	98894	1	0.5	113
	chrI	98896	1	0.5	151
	chrI	98930	1	0.5	59
	chrI	98933	1	0.5	151
	chrI	98948	0	0.5	151
	chrI	98962	0	0.5	127
	chrI	98982	0	1.0	151
	chrI	99004	0	0.5	65
	chrI	99006	1	1.0	151
	chrI	99010	0	0.5	151
	chrI	99015	0	1.5	151
	chrI	99018	1	0.5	141
	chrI	99019	0	0.5	119
	chrI	99020	1	1.5	146
	chrI	99024	1	0.5	151
	chrI	99028	0	0.5	151
	chrI	99041	0	0.5	151
	chrI	99069	1	0.5	65
	chrI	99083	0	1.0	128
	chrI	99090	1	0.5	127
	chrI	99092	0	0.5	99
	chrI	99103	1	0.5	151
	chrI	99137	0	0.5	117
	chrI	99137	0	1.5	119
	chrI	99139	0	0.5	110
	chrI	99139	1	0.5	119
	chrI	99152	0	0.5	104
	chrI	99155	0	0.5	151
	chrI	99160	0	0.5	111
	chrI	99161	1	1.0	151
	chrI	99163	0	1.5	151
	chrI	99168	1	0.5	151
	chrI	99186	1	0.5	151
	chrI	99192	1	0.5	99
	chrI	99195	0	0.5	124
	chrI	99196	0	0.5	122
	chrI	99200	1	1.5	151
	chrI	99209	0	1.5	141
	chrI	99212	1	1.0	128
	chrI	99212	1	0.5	151
	chrI	99246	0	0.5	102
	chrI	99248	0	1.0	151
	chrI	99250	1	0.5	110
	chrI	99252	0	0.5	48
	chrI	99257	1	0.5	104
	chrI	99257	1	0.5	117
	chrI	99257	1	1.5	119
	chrI	99260	0	0.5	68
	chrI	99273	1	0.5	111
	chrI	99300	1	0.5	48
	chrI	99305	0	0.5	54
	chrI	99315	1	0.5	151
	chrI	99319	0	0.5	110
	chrI	99319	1	0.5	122
	chrI	99320	1	0.5	124
	chrI	99329	0	1.5	151
	chrI	99329	1	1.0	151
	chrI	99329	1	0.5	68
	chrI	99330	0	1.0	151
	chrI	99331	0	1.0	135
	chrI	99331	0	0.5	151
	chrI	99331	0	0.5	64
	chrI	99349	0	0.5	116
	chrI	99349	1	1.5	141
	chrI	99349	1	0.5	102
	chrI	99350	0	0.5	151
	chrI	99354	0	0.5	136
	chrI	99354	0	0.5	107
	chrI	99360	1	0.5	54
	chrI	99367	0	0.5	151
	chrI	99369	0	0.5	144
	chrI	99387	0	1.0	151
	chrI	99397	1	0.5	64
	chrI	99398	1	0.5	151
	chrI	99400	0	0.5	70
	chrI	99406	1	1.0	151
	chrI	99429	1	0.5	110
	chrI	99463	1	0.5	107
	chrI	99464	0	0.5	151
	chrI	99465	1	1.0	135
	chrI	99466	1	0.5	116
	chrI	99470	1	0.5	70
	chrI	99488	1	3.0	151
	chrI	99489	1	0.5	136
	chrI	99501	0	0.5	132
	chrI	99507	0	0.5	151
	chrI	99507	0	0.5	117
	chrI	99511	1	0.5	151
	chrI	99512	1	0.5	144
	chrI	99524	0	0.5	84
	chrI	99531	0	0.5	141
	chrI	99548	0	1.0	139
	chrI	99553	1	0.5	151
	chrI	99572	0	0.5	107
	chrI	99577	0	0.5	143
	chrI	99606	0	0.5	56
	chrI	99606	0	0.5	57
	chrI	99608	1	0.5	84
	chrI	99614	1	0.5	150
	chrI	99620	0	1.0	67
	chrI	99624	1	0.5	117
	chrI	99625	0	0.5	151
	chrI	99628	0	0.5	151
	chrI	99632	1	0.5	132
	chrI	99635	0	0.5	151
	chrI	99637	1	1.0	151
	chrI	99641	0	0.5	66
	chrI	99650	0	0.5	123
	chrI	99656	0	1.0	151
	chrI	99659	0	1.0	151
	chrI	99663	1	0.5	151
	chrI	99663	1	0.5	56
	chrI	99663	1	0.5	57
	chrI	99670	0	1.0	151
	chrI	99671	0	0.5	151
	chrI	99671	1	0.5	141
	chrI	99680	1	0.5	107
	chrI	99685	0	1.0	151
	chrI	99686	1	1.0	139
	chrI	99688	1	1.0	67
	chrI	99690	0	0.5	116
	chrI	99700	0	0.5	134
	chrI	99708	1	0.5	66
	chrI	99709	0	0.5	76
	chrI	99713	0	0.5	95
	chrI	99719	1	0.5	143
	chrI	99734	0	0.5	109
	chrI	99741	0	0.5	99
	chrI	99753	0	0.5	91
	chrI	99755	0	0.5	60
	chrI	99755	0	0.5	61
	chrI	99765	0	0.5	151
	chrI	99773	1	0.5	123
	chrI	99784	0	0.5	103
	chrI	99787	1	0.5	76
	chrI	99791	1	0.5	151
	chrI	99793	0	0.5	117
	chrI	99798	0	0.5	122
	chrI	99807	1	0.5	116
	chrI	99810	1	0.5	95
	chrI	99811	1	0.5	151
	chrI	99814	1	0.5	151
	chrI	99815	0	0.5	151
	chrI	99816	0	0.5	151
	chrI	99816	0	0.5	94
	chrI	99816	1	0.5	151
	chrI	99816	1	0.5	60
	chrI	99816	1	0.5	61
	chrI	99817	0	0.5	151
	chrI	99818	0	1.0	151
	chrI	99818	0	0.5	77
	chrI	99818	0	0.5	122
	chrI	99818	0	0.5	125
	chrI	99819	0	0.5	44
	chrI	99819	0	0.5	100
	chrI	99819	0	0.5	118
	chrI	99823	0	1.0	151
	chrI	99826	0	0.5	89
	chrI	99826	0	1.0	113
	chrI	99833	0	0.5	67
	chrI	99833	0	0.5	72
	chrI	99833	0	0.5	86
	chrI	99833	0	0.5	87
	chrI	99833	1	0.5	134
	chrI	99839	1	0.5	151
	chrI	99840	0	0.5	114
	chrI	99841	0	0.5	151
	chrI	99841	0	0.5	57
	chrI	99841	0	1.0	68
	chrI	99841	0	1.0	76
	chrI	99841	0	0.5	101
	chrI	99841	1	0.5	151
	chrI	99841	1	0.5	99
	chrI	99842	0	0.5	151
	chrI	99842	0	0.5	77
	chrI	99842	0	0.5	110
	chrI	99842	1	1.0	151
	chrI	99843	1	1.0	151
	chrI	99843	1	0.5	109
	chrI	99844	0	0.5	93
	chrI	99846	0	0.5	47
	chrI	99846	0	0.5	70
	chrI	99846	0	0.5	103
	chrI	99846	1	0.5	91
	chrI	99851	0	0.5	151
	chrI	99851	0	0.5	13
	chrI	99854	0	0.5	43
	chrI	99864	1	0.5	44
	chrI	99865	0	1.0	95
	chrI	99868	0	1.0	151
	chrI	99888	1	0.5	103
	chrI	99895	0	0.5	151
	chrI	99897	0	1.0	105
	chrI	99897	1	0.5	43
	chrI	99897	1	0.5	47
	chrI	99897	1	0.5	57
	chrI	99897	1	0.5	77
	chrI	99903	0	0.5	102
	chrI	99904	1	0.5	67
	chrI	99904	1	0.5	72
	chrI	99910	1	1.0	68
	chrI	99912	1	0.5	117
	chrI	99913	1	0.5	94
	chrI	99915	1	0.5	89
	chrI	99916	0	0.5	151
	chrI	99920	1	0.5	70
	chrI	99920	1	1.0	76
	chrI	99920	1	0.5	100
	chrI	99921	1	0.5	77
	chrI	99921	1	0.5	122
	chrI	99922	0	0.5	151
	chrI	99922	1	0.5	86
	chrI	99922	1	0.5	87
	chrI	99928	0	0.5	151
	chrI	99931	0	0.5	71
	chrI	99937	0	0.5	139
	chrI	99938	1	0.5	118
	chrI	99939	1	0.5	93
	chrI	99939	1	1.0	113
	chrI	99941	1	0.5	122
	chrI	99942	0	0.5	151
	chrI	99944	1	0.5	101
	chrI	99944	1	0.5	125
	chrI	99946	0	0.5	128
	chrI	99946	0	0.5	130
	chrI	99946	0	0.5	126
	chrI	99950	0	0.5	44
	chrI	99952	1	0.5	151
	chrI	99952	1	0.5	103
	chrI	99954	1	0.5	110
	chrI	99955	1	0.5	114
	chrI	99956	0	0.5	45
	chrI	99963	1	1.0	95
	chrI	99994	1	0.5	44
	chrI	99996	1	0.5	150
	chrI	99997	1	1.5	151
	chrI	99999	0	0.5	79
	chrI	100003	1	0.5	45
	chrI	100003	1	0.5	71
	chrI	100003	1	1.0	105
	chrI	100006	1	0.5	102
	chrI	100007	0	0.5	75
	chrI	100007	0	0.5	77
	chrI	100016	1	1.0	151
	chrI	100029	0	1.0	106
	chrI	100038	0	0.5	73
	chrI	100041	0	0.5	151
	chrI	100043	1	1.0	151
	chrI	100044	0	0.5	120
	chrI	100053	1	1.0	151
	chrI	100057	0	0.5	151
	chrI	100061	0	0.5	151
	chrI	100061	1	0.5	151
	chrI	100069	0	1.0	151
	chrI	100073	1	0.5	151
	chrI	100074	1	0.5	151
	chrI	100075	0	0.5	136
	chrI	100075	0	0.5	117
	chrI	100075	1	0.5	128
	chrI	100075	1	0.5	130
	chrI	100075	1	0.5	139
	chrI	100075	1	1.0	151
	chrI	100075	1	0.5	126
	chrI	100077	0	0.5	149
	chrI	100077	0	0.5	150
	chrI	100079	1	0.5	79
	chrI	100083	1	0.5	75
	chrI	100083	1	0.5	77
	chrI	100087	1	0.5	151
	chrI	100088	0	0.5	150
	chrI	100089	1	0.5	151
	chrI	100093	0	0.5	150
	chrI	100095	0	0.5	151
	chrI	100100	1	0.5	151
	chrI	100107	0	0.5	151
	chrI	100111	1	0.5	73
	chrI	100115	0	0.5	151
	chrI	100116	0	1.5	149
	chrI	100116	0	0.5	151
	chrI	100128	0	1.0	114
	chrI	100136	1	1.0	106
	chrI	100148	0	0.5	151
	chrI	100165	1	0.5	120
	chrI	100179	1	0.5	151
	chrI	100195	0	0.5	151
	chrI	100195	1	0.5	117
	chrI	100210	1	0.5	136
	chrI	100212	1	0.5	151
	chrI	100213	0	0.5	151
	chrI	100225	1	0.5	149
	chrI	100225	1	0.5	151
	chrI	100226	1	0.5	150
	chrI	100238	1	1.0	151
	chrI	100244	1	1.0	114
	chrI	100264	1	1.5	149
	chrI	100269	0	0.5	147
	chrI	100274	1	0.5	151
	chrI	100275	1	1.0	151
	chrI	100288	1	0.5	151
	chrI	100315	0	0.5	74
	chrI	100315	0	0.5	120
	chrI	100359	0	0.5	151
	chrI	100359	0	0.5	39
	chrI	100359	1	0.5	151
	chrI	100368	1	0.5	151
	chrI	100378	0	0.5	49
	chrI	100379	1	0.5	151
	chrI	100388	0	0.5	63
	chrI	100390	1	0.5	151
	chrI	100397	0	0.5	150
	chrI	100417	0	0.5	151
	chrI	100419	0	2.0	151
	chrI	100423	0	0.5	151
	chrI	100428	1	0.5	151
	chrI	100429	1	0.5	49
	chrI	100434	1	0.5	119
	chrI	100434	1	0.5	120
	chrI	100452	1	0.5	63
	chrI	100462	0	0.5	72
	chrI	100470	1	0.5	151
	chrI	100477	0	0.5	67
	chrI	100477	0	0.5	68
	chrI	100478	0	0.5	44
	chrI	100523	1	0.5	44
	chrI	100535	1	0.5	72
	chrI	100540	0	1.5	79
	chrI	100540	0	0.5	81
	chrI	100542	0	1.5	134
	chrI	100546	1	0.5	67
	chrI	100546	1	0.5	68
	chrI	100547	0	0.5	151
	chrI	100549	0	0.5	151
	chrI	100554	0	0.5	151
	chrI	100558	1	1.0	151
	chrI	100568	0	1.0	151
	chrI	100574	1	0.5	151
	chrI	100576	1	2.0	151
	chrI	100578	0	0.5	151
	chrI	100583	0	0.5	151
	chrI	100583	1	1.0	151
	chrI	100584	0	1.0	151
	chrI	100584	1	0.5	151
	chrI	100586	0	0.5	147
	chrI	100609	0	0.5	118
	chrI	100609	0	0.5	119
	chrI	100620	1	1.5	79
	chrI	100620	1	0.5	81
	chrI	100649	0	0.5	52
	chrI	100657	0	1.0	151
	chrI	100675	1	1.5	134
	chrI	100696	0	0.5	111
	chrI	100701	0	0.5	118
	chrI	100702	1	0.5	52
	chrI	100706	1	0.5	151
	chrI	100716	1	0.5	151
	chrI	100721	0	0.5	151
	chrI	100722	1	0.5	151
	chrI	100727	1	1.0	151
	chrI	100728	1	0.5	151
	chrI	100728	1	0.5	118
	chrI	100728	1	0.5	119
	chrI	100729	0	0.5	151
	chrI	100732	1	0.5	147
	chrI	100736	0	0.5	88
	chrI	100738	0	1.0	52
	chrI	100741	1	0.5	151
	chrI	100742	0	0.5	148
	chrI	100746	0	0.5	151
	chrI	100755	0	0.5	150
	chrI	100764	1	0.5	151
	chrI	100765	1	1.0	151
	chrI	100766	0	0.5	137
	chrI	100768	0	0.5	133
	chrI	100791	0	0.5	116
	chrI	100791	1	1.0	52
	chrI	100796	0	1.0	95
	chrI	100802	0	0.5	151
	chrI	100809	1	0.5	111
	chrI	100810	0	1.0	147
	chrI	100820	1	0.5	118
	chrI	100826	1	0.5	88
	chrI	100848	0	0.5	151
	chrI	100848	1	1.0	151
	chrI	100877	0	1.0	151
	chrI	100883	1	0.5	151
	chrI	100889	1	0.5	148
	chrI	100890	0	0.5	151
	chrI	100894	1	1.0	95
	chrI	100900	1	0.5	133
	chrI	100900	1	1.0	151
	chrI	100901	0	0.5	151
	chrI	100902	1	0.5	137
	chrI	100905	0	1.0	137
	chrI	100908	1	0.5	116
	chrI	100913	0	0.5	137
	chrI	100932	1	0.5	151
	chrI	100956	1	1.0	147
	chrI	100960	0	0.5	60
	chrI	100960	1	0.5	151
	chrI	100979	0	1.5	151
	chrI	100980	0	0.5	151
	chrI	100988	0	0.5	94
	chrI	100996	1	0.5	149
	chrI	100998	0	1.5	151
	chrI	100998	0	1.0	48
	chrI	101025	1	0.5	60
	chrI	101027	0	0.5	58
	chrI	101040	0	0.5	151
	chrI	101041	1	1.0	137
	chrI	101047	1	0.5	151
	chrI	101047	1	1.0	48
	chrI	101049	1	0.5	137
	chrI	101050	0	0.5	151
	chrI	101050	1	1.0	151
	chrI	101056	1	0.5	151
	chrI	101059	0	0.5	151
	chrI	101070	0	1.0	96
	chrI	101080	0	1.0	151
	chrI	101083	1	0.5	94
	chrI	101086	1	0.5	58
	chrI	101088	0	1.0	144
	chrI	101095	0	0.5	137
	chrI	101096	0	0.5	136
	chrI	101128	0	1.0	151
	chrI	101146	0	0.5	90
	chrI	101156	1	1.5	151
	chrI	101159	0	0.5	51
	chrI	101166	1	1.0	96
	chrI	101176	1	1.5	151
	chrI	101210	1	0.5	51
	chrI	101225	0	0.5	108
	chrI	101226	1	0.5	151
	chrI	101231	1	0.5	136
	chrI	101231	1	0.5	137
	chrI	101231	1	1.0	144
	chrI	101231	1	1.0	151
	chrI	101237	1	1.0	151
	chrI	101237	1	0.5	90
	chrI	101240	0	0.5	151
	chrI	101268	0	0.5	57
	chrI	101287	1	1.0	151
	chrI	101301	0	0.5	94
	chrI	101308	0	0.5	151
	chrI	101324	1	0.5	57
	chrI	101332	0	0.5	151
	chrI	101332	1	0.5	108
	chrI	101343	0	0.5	139
	chrI	101344	0	0.5	128
	chrI	101347	0	1.0	118
	chrI	101352	0	0.5	94
	chrI	101353	0	1.0	151
	chrI	101355	0	0.5	151
	chrI	101355	0	0.5	94
	chrI	101356	0	1.0	150
	chrI	101357	0	0.5	125
	chrI	101395	1	0.5	94
	chrI	101400	0	0.5	81
	chrI	101406	0	1.0	151
	chrI	101407	0	0.5	151
	chrI	101408	0	0.5	89
	chrI	101408	0	0.5	90
	chrI	101411	0	0.5	87
	chrI	101421	0	0.5	151
	chrI	101429	0	1.0	151
	chrI	101447	1	0.5	94
	chrI	101451	1	0.5	94
	chrI	101468	1	1.0	118
	chrI	101472	1	0.5	128
	chrI	101474	1	0.5	149
	chrI	101480	1	0.5	81
	chrI	101483	1	0.5	141
	chrI	101483	1	0.5	125
	chrI	101487	0	0.5	52
	chrI	101492	0	0.5	151
	chrI	101493	0	1.5	151
	chrI	101499	1	0.5	89
	chrI	101499	1	0.5	90
	chrI	101500	1	0.5	87
	chrI	101501	0	0.5	79
	chrI	101503	0	0.5	57
	chrI	101509	1	0.5	151
	chrI	101510	0	0.5	151
	chrI	101510	1	1.0	151
	chrI	101511	0	2.0	151
	chrI	101511	0	0.5	47
	chrI	101516	0	0.5	151
	chrI	101522	0	1.0	151
	chrI	101522	1	1.0	151
	chrI	101523	0	1.0	151
	chrI	101523	1	1.0	151
	chrI	101526	0	0.5	151
	chrI	101527	0	1.0	151
	chrI	101543	1	0.5	52
	chrI	101559	1	0.5	151
	chrI	101559	1	0.5	47
	chrI	101559	1	0.5	57
	chrI	101562	0	0.5	151
	chrI	101571	0	0.5	95
	chrI	101580	1	0.5	151
	chrI	101583	1	0.5	79
	chrI	101584	0	0.5	91
	chrI	101592	1	0.5	151
	chrI	101610	1	1.0	151
	chrI	101646	1	1.5	151
	chrI	101669	1	0.5	95
	chrI	101676	0	0.5	147
	chrI	101676	1	0.5	151
	chrI	101676	1	0.5	91
	chrI	101677	1	1.0	151
	chrI	101687	0	0.5	151
	chrI	101689	1	1.0	151
	chrI	101692	1	1.0	151
	chrI	101694	1	2.0	151
	chrI	101695	0	0.5	151
	chrI	101696	1	1.0	151
	chrI	101708	0	0.5	151
	chrI	101710	0	1.0	151
	chrI	101717	1	1.0	151
	chrI	101720	0	1.0	151
	chrI	101726	0	0.5	151
	chrI	101726	0	0.5	62
	chrI	101726	0	1.5	109
	chrI	101728	0	0.5	124
	chrI	101735	1	0.5	151
	chrI	101737	0	1.0	79
	chrI	101744	0	0.5	151
	chrI	101764	0	0.5	124
	chrI	101769	1	0.5	151
	chrI	101788	1	0.5	62
	chrI	101817	1	1.0	79
	chrI	101822	1	0.5	147
	chrI	101835	1	1.5	109
	chrI	101839	0	0.5	44
	chrI	101849	0	0.5	151
	chrI	101850	0	0.5	53
	chrI	101853	0	0.5	151
	chrI	101853	1	0.5	124
	chrI	101857	0	0.5	53
	chrI	101864	0	1.0	151
	chrI	101864	1	0.5	151
	chrI	101868	0	1.5	151
	chrI	101868	1	0.5	151
	chrI	101869	0	1.0	151
	chrI	101884	1	2.0	151
	chrI	101886	0	1.5	151
	chrI	101886	0	0.5	54
	chrI	101886	1	0.5	151
	chrI	101886	1	0.5	44
	chrI	101892	1	0.5	124
	chrI	101893	0	1.0	151
	chrI	101904	1	0.5	53
	chrI	101914	1	0.5	53
	chrI	101931	0	0.5	149
	chrI	101931	0	1.0	151
	chrI	101941	1	0.5	54
	chrI	101954	1	0.5	151
	chrI	101958	0	0.5	126
	chrI	101988	0	0.5	136
	chrI	101993	1	0.5	151
	chrI	101999	0	0.5	74
	chrI	102009	0	0.5	151
	chrI	102014	0	1.5	151
	chrI	102030	1	2.0	151
	chrI	102031	1	1.0	151
	chrI	102033	0	0.5	151
	chrI	102033	0	1.0	103
	chrI	102038	1	0.5	151
	chrI	102039	0	1.0	83
	chrI	102039	0	1.0	84
	chrI	102040	0	0.5	80
	chrI	102040	0	1.0	82
	chrI	102041	0	1.5	151
	chrI	102048	1	1.0	151
	chrI	102053	1	0.5	151
	chrI	102056	0	0.5	151
	chrI	102058	1	0.5	151
	chrI	102070	1	1.5	151
	chrI	102072	0	0.5	49
	chrI	102074	1	0.5	74
	chrI	102075	0	0.5	151
	chrI	102076	0	0.5	151
	chrI	102085	0	0.5	151
	chrI	102087	0	0.5	151
	chrI	102088	1	0.5	126
	chrI	102090	0	1.0	151
	chrI	102092	0	0.5	122
	chrI	102095	0	2.0	151
	chrI	102110	0	1.0	151
	chrI	102112	0	0.5	76
	chrI	102112	1	1.5	151
	chrI	102122	1	0.5	80
	chrI	102122	1	1.0	82
	chrI	102123	1	0.5	136
	chrI	102123	1	1.0	83
	chrI	102123	1	1.0	84
	chrI	102125	1	0.5	49
	chrI	102131	0	0.5	151
	chrI	102138	1	1.0	103
	chrI	102162	1	0.5	151
	chrI	102166	0	1.5	151
	chrI	102179	1	1.0	151
	chrI	102181	0	1.0	49
	chrI	102183	0	0.5	151
	chrI	102190	1	0.5	76
	chrI	102193	1	1.5	151
	chrI	102196	0	0.5	134
	chrI	102199	0	0.5	151
	chrI	102202	0	0.5	81
	chrI	102216	1	0.5	151
	chrI	102216	1	0.5	122
	chrI	102225	1	0.5	151
	chrI	102231	1	0.5	151
	chrI	102232	1	1.0	49
	chrI	102235	0	1.5	151
	chrI	102235	1	0.5	151
	chrI	102244	0	0.5	151
	chrI	102244	1	0.5	151
	chrI	102247	1	0.5	151
	chrI	102248	0	0.5	151
	chrI	102249	0	0.5	142
	chrI	102253	1	0.5	151
	chrI	102254	0	0.5	151
	chrI	102254	0	0.5	107
	chrI	102258	1	2.0	151
	chrI	102262	1	1.0	151
	chrI	102282	1	0.5	81
	chrI	102301	0	0.5	151
	chrI	102301	0	0.5	93
	chrI	102303	1	1.0	151
	chrI	102304	0	0.5	151
	chrI	102306	0	1.0	151
	chrI	102309	0	0.5	151
	chrI	102324	1	1.5	151
	chrI	102326	0	0.5	79
	chrI	102329	0	0.5	151
	chrI	102329	1	0.5	134
	chrI	102330	0	0.5	151
	chrI	102335	0	1.0	151
	chrI	102341	0	0.5	151
	chrI	102344	0	1.0	136
	chrI	102359	1	0.5	151
	chrI	102361	1	0.5	151
	chrI	102361	1	0.5	107
	chrI	102366	0	0.5	151
	chrI	102390	1	0.5	142
	chrI	102396	1	0.5	93
	chrI	102406	1	0.5	79
	chrI	102412	1	1.5	151
	chrI	102413	1	0.5	151
	chrI	102414	0	2.0	151
	chrI	102418	1	0.5	151
	chrI	102426	1	0.5	151
	chrI	102451	0	0.5	141
	chrI	102451	0	1.5	150
	chrI	102466	1	0.5	151
	chrI	102479	1	1.0	136
	chrI	102480	1	1.5	151
	chrI	102481	0	0.5	142
	chrI	102481	0	0.5	143
	chrI	102489	1	1.0	151
	chrI	102493	1	1.5	151
	chrI	102513	0	0.5	151
	chrI	102516	1	1.0	151
	chrI	102518	0	0.5	151
	chrI	102519	0	0.5	151
	chrI	102519	0	0.5	58
	chrI	102520	0	1.0	99
	chrI	102520	1	0.5	151
	chrI	102523	0	1.0	151
	chrI	102523	0	0.5	56
	chrI	102529	0	0.5	151
	chrI	102578	1	2.0	151
	chrI	102579	1	0.5	58
	chrI	102580	0	0.5	151
	chrI	102580	1	0.5	56
	chrI	102585	0	0.5	150
	chrI	102600	1	2.0	150
	chrI	102609	0	0.5	138
	chrI	102620	1	1.0	99
	chrI	102622	1	0.5	142
	chrI	102623	1	0.5	143
	chrI	102624	0	0.5	137
	chrI	102671	1	0.5	151
	chrI	102673	1	0.5	151
	chrI	102674	1	0.5	151
	chrI	102682	1	0.5	151
	chrI	102689	1	1.0	151
	chrI	102690	0	0.5	46
	chrI	102695	0	0.5	66
	chrI	102705	0	0.5	144
	chrI	102705	0	1.0	148
	chrI	102705	0	0.5	151
	chrI	102720	0	0.5	108
	chrI	102734	1	0.5	150
	chrI	102737	0	0.5	151
	chrI	102738	1	0.5	46
	chrI	102746	1	0.5	138
	chrI	102750	0	0.5	151
	chrI	102750	1	0.5	151
	chrI	102752	0	1.0	115
	chrI	102760	1	0.5	137
	chrI	102761	0	0.5	151
	chrI	102763	1	0.5	66
	chrI	102766	0	0.5	151
	chrI	102767	0	2.0	151
	chrI	102776	0	0.5	151
	chrI	102780	0	0.5	151
	chrI	102787	0	0.5	88
	chrI	102830	1	0.5	108
	chrI	102832	0	0.5	151
	chrI	102833	0	0.5	62
	chrI	102848	1	0.5	144
	chrI	102849	0	0.5	151
	chrI	102852	1	1.0	148
	chrI	102856	0	1.0	151
	chrI	102856	0	0.5	95
	chrI	102856	0	0.5	97
	chrI	102865	1	0.5	151
	chrI	102868	1	1.0	115
	chrI	102875	1	0.5	88
	chrI	102882	0	0.5	151
	chrI	102891	0	1.0	135
	chrI	102896	1	0.5	62
	chrI	102916	1	0.5	151
	chrI	102920	1	0.5	151
	chrI	102927	1	0.5	146
	chrI	102931	1	1.0	151
	chrI	102932	1	1.0	151
	chrI	102933	0	2.0	96
	chrI	102933	1	1.5	151
	chrI	102947	0	0.5	122
	chrI	102953	1	0.5	95
	chrI	102953	1	0.5	97
	chrI	102954	0	0.5	102
	chrI	102963	0	0.5	54
	chrI	102985	1	0.5	151
	chrI	103002	0	1.0	151
	chrI	103011	1	1.0	151
	chrI	103017	1	0.5	151
	chrI	103018	1	0.5	54
	chrI	103022	0	0.5	117
	chrI	103022	0	0.5	118
	chrI	103025	1	1.0	135
	chrI	103033	1	2.0	96
	chrI	103048	0	0.5	49
	chrI	103057	1	0.5	102
	chrI	103059	0	0.5	127
	chrI	103059	1	0.5	151
	chrI	103071	0	0.5	132
	chrI	103072	1	0.5	122
	chrI	103077	0	1.0	151
	chrI	103080	0	0.5	151
	chrI	103101	1	0.5	49
	chrI	103110	0	0.5	82
	chrI	103116	0	0.5	125
	chrI	103116	0	0.5	127
	chrI	103126	0	0.5	151
	chrI	103140	1	0.5	117
	chrI	103141	1	0.5	118
	chrI	103144	0	0.5	151
	chrI	103148	0	0.5	151
	chrI	103159	0	0.5	151
	chrI	103160	0	0.5	151
	chrI	103161	0	1.0	151
	chrI	103187	1	0.5	127
	chrI	103194	1	0.5	82
	chrI	103202	1	0.5	132
	chrI	103203	1	1.0	151
	chrI	103228	0	0.5	151
	chrI	103234	1	0.5	151
	chrI	103237	0	0.5	128
	chrI	103244	1	0.5	125
	chrI	103244	1	0.5	127
	chrI	103247	0	1.0	151
	chrI	103257	0	0.5	97
	chrI	103257	0	1.0	101
	chrI	103271	0	0.5	125
	chrI	103283	0	0.5	78
	chrI	103287	1	1.0	151
	chrI	103294	1	0.5	151
	chrI	103305	0	0.5	117
	chrI	103305	1	0.5	151
	chrI	103306	0	0.5	151
	chrI	103313	1	1.0	151
	chrI	103314	0	0.5	151
	chrI	103327	0	0.5	151
	chrI	103329	1	0.5	151
	chrI	103358	1	0.5	151
	chrI	103358	1	0.5	97
	chrI	103358	1	1.0	101
	chrI	103363	1	0.5	78
	chrI	103365	1	0.5	128
	chrI	103367	0	0.5	89
	chrI	103375	0	0.5	88
	chrI	103378	1	0.5	151
	chrI	103397	1	0.5	125
	chrI	103423	1	0.5	117
	chrI	103427	1	0.5	151
	chrI	103437	1	0.5	151
	chrI	103438	0	0.5	136
	chrI	103438	1	0.5	151
	chrI	103445	0	1.0	101
	chrI	103457	1	0.5	89
	chrI	103464	1	0.5	88
	chrI	103471	1	0.5	151
	chrI	103474	0	0.5	151
	chrI	103475	0	0.5	134
	chrI	103486	1	0.5	151
	chrI	103497	1	0.5	151
	chrI	103498	0	0.5	80
	chrI	103539	0	1.0	151
	chrI	103549	1	1.0	101
	chrI	103559	0	0.5	147
	chrI	103573	1	0.5	136
	chrI	103574	0	0.5	151
	chrI	103579	1	0.5	80
	chrI	103586	0	0.5	77
	chrI	103604	0	0.5	112
	chrI	103604	0	0.5	116
	chrI	103608	1	0.5	134
	chrI	103620	0	0.5	108
	chrI	103623	0	0.5	151
	chrI	103623	0	0.5	54
	chrI	103635	1	0.5	151
	chrI	103639	0	0.5	75
	chrI	103645	0	0.5	79
	chrI	103664	1	0.5	77
	chrI	103668	0	0.5	116
	chrI	103680	1	0.5	54
	chrI	103697	0	0.5	151
	chrI	103698	0	0.5	151
	chrI	103699	0	0.5	79
	chrI	103699	0	0.5	80
	chrI	103705	1	0.5	147
	chrI	103715	1	0.5	75
	chrI	103717	1	1.0	151
	chrI	103717	1	0.5	112
	chrI	103721	1	0.5	116
	chrI	103722	0	0.5	136
	chrI	103725	1	0.5	79
	chrI	103728	1	0.5	108
	chrI	103734	1	0.5	151
	chrI	103749	0	0.5	151
	chrI	103770	0	0.5	151
	chrI	103771	0	0.5	151
	chrI	103778	1	0.5	79
	chrI	103778	1	0.5	80
	chrI	103785	1	0.5	116
	chrI	103791	1	0.5	151
	chrI	103814	0	0.5	151
	chrI	103830	0	1.0	151
	chrI	103839	0	0.5	57
	chrI	103857	1	0.5	136
	chrI	103859	1	0.5	151
	chrI	103860	0	2.5	151
	chrI	103888	0	0.5	151
	chrI	103889	0	0.5	151
	chrI	103897	1	0.5	57
	chrI	103898	0	0.5	46
	chrI	103905	0	0.5	151
	chrI	103914	1	0.5	151
	chrI	103919	0	0.5	109
	chrI	103931	0	0.5	147
	chrI	103932	0	0.5	151
	chrI	103938	0	0.5	151
	chrI	103938	1	1.0	151
	chrI	103939	0	0.5	137
	chrI	103942	0	0.5	86
	chrI	103944	1	0.5	46
	chrI	103945	0	0.5	148
	chrI	103953	1	0.5	151
	chrI	103957	0	0.5	125
	chrI	103960	0	0.5	151
	chrI	103969	0	0.5	151
	chrI	103976	0	0.5	151
	chrI	103997	1	1.0	151
	chrI	104024	1	0.5	151
	chrI	104027	1	2.0	151
	chrI	104027	1	0.5	109
	chrI	104028	1	0.5	86
	chrI	104029	0	0.5	133
	chrI	104043	0	0.5	128
	chrI	104058	1	0.5	151
	chrI	104060	1	0.5	151
	chrI	104064	1	0.5	151
	chrI	104075	1	0.5	137
	chrI	104077	1	0.5	147
	chrI	104080	0	0.5	151
	chrI	104083	1	0.5	125
	chrI	104088	1	0.5	151
	chrI	104089	1	0.5	151
	chrI	104092	0	0.5	151
	chrI	104092	1	0.5	148
	chrI	104108	0	0.5	151
	chrI	104112	0	0.5	126
	chrI	104120	1	0.5	151
	chrI	104133	1	1.0	151
	chrI	104151	1	0.5	151
	chrI	104161	1	0.5	133
	chrI	104172	1	0.5	128
	chrI	104187	0	0.5	151
	chrI	104188	0	0.5	151
	chrI	104190	0	0.5	41
	chrI	104194	0	0.5	50
	chrI	104199	0	0.5	151
	chrI	104215	0	0.5	105
	chrI	104224	0	1.5	151
	chrI	104231	1	0.5	41
	chrI	104240	1	0.5	126
	chrI	104243	0	0.5	99
	chrI	104245	1	0.5	151
	chrI	104246	0	0.5	151
	chrI	104246	1	0.5	50
	chrI	104247	0	0.5	151
	chrI	104249	0	0.5	151
	chrI	104255	1	0.5	151
	chrI	104275	1	0.5	151
	chrI	104293	0	0.5	83
	chrI	104301	0	0.5	151
	chrI	104303	0	0.5	80
	chrI	104304	0	0.5	53
	chrI	104311	0	0.5	149
	chrI	104321	1	0.5	105
	chrI	104341	0	0.5	144
	chrI	104342	1	0.5	99
	chrI	104357	1	0.5	53
	chrI	104358	1	0.5	151
	chrI	104366	1	0.5	151
	chrI	104374	0	0.5	151
	chrI	104377	1	0.5	83
	chrI	104384	1	0.5	80
	chrI	104386	0	0.5	95
	chrI	104386	0	1.0	97
	chrI	104397	0	1.0	151
	chrI	104398	1	0.5	151
	chrI	104403	0	0.5	151
	chrI	104404	0	0.5	117
	chrI	104404	0	0.5	119
	chrI	104409	0	0.5	132
	chrI	104409	1	2.5	151
	chrI	104412	0	0.5	135
	chrI	104433	1	0.5	151
	chrI	104436	0	0.5	101
	chrI	104456	0	1.0	119
	chrI	104459	1	0.5	149
	chrI	104460	1	0.5	151
	chrI	104469	0	0.5	61
	chrI	104470	0	0.5	49
	chrI	104484	1	0.5	144
	chrI	104484	1	0.5	95
	chrI	104484	1	1.0	97
	chrI	104485	0	0.5	118
	chrI	104500	0	0.5	151
	chrI	104509	0	0.5	151
	chrI	104519	1	0.5	49
	chrI	104523	1	0.5	117
	chrI	104523	1	0.5	119
	chrI	104527	0	0.5	133
	chrI	104534	1	0.5	61
	chrI	104538	1	0.5	101
	chrI	104540	1	0.5	132
	chrI	104542	0	0.5	135
	chrI	104542	0	0.5	151
	chrI	104546	1	0.5	135
	chrI	104549	1	0.5	151
	chrI	104551	0	0.5	110
	chrI	104556	0	0.5	151
	chrI	104565	0	1.0	151
	chrI	104565	1	0.5	151
	chrI	104578	1	1.0	119
	chrI	104583	0	0.5	56
	chrI	104585	0	0.5	122
	chrI	104606	1	0.5	118
	chrI	104611	0	0.5	116
	chrI	104621	0	0.5	85
	chrI	104622	0	0.5	94
	chrI	104625	0	0.5	56
	chrI	104628	0	0.5	121
	chrI	104633	0	0.5	151
	chrI	104640	1	0.5	56
	chrI	104649	1	0.5	149
	chrI	104650	1	1.0	151
	chrI	104659	1	0.5	133
	chrI	104664	1	0.5	110
	chrI	104676	1	0.5	135
	chrI	104677	0	0.5	141
	chrI	104678	1	0.5	151
	chrI	104682	1	0.5	56
	chrI	104696	1	0.5	151
	chrI	104708	1	0.5	85
	chrI	104708	1	0.5	122
	chrI	104711	0	0.5	151
	chrI	104717	1	0.5	94
	chrI	104720	0	0.5	151
	chrI	104720	1	0.5	151
	chrI	104721	0	2.5	151
	chrI	104722	0	0.5	86
	chrI	104730	1	0.5	116
	chrI	104731	1	1.0	151
	chrI	104739	0	0.5	151
	chrI	104742	0	0.5	149
	chrI	104746	0	0.5	151
	chrI	104746	0	1.0	117
	chrI	104749	1	0.5	121
	chrI	104751	0	0.5	133
	chrI	104809	1	0.5	86
	chrI	104817	1	0.5	141
	chrI	104865	1	1.0	117
	chrI	104868	0	0.5	151
	chrI	104877	1	0.5	151
	chrI	104882	1	2.0	151
	chrI	104883	1	0.5	133
	chrI	104885	1	0.5	151
	chrI	104886	0	0.5	151
	chrI	104887	0	1.0	151
	chrI	104887	0	0.5	102
	chrI	104888	0	0.5	150
	chrI	104888	0	0.5	151
	chrI	104889	0	0.5	99
	chrI	104890	1	0.5	149
	chrI	104891	1	0.5	151
	chrI	104898	1	0.5	151
	chrI	104899	0	0.5	114
	chrI	104900	1	0.5	151
	chrI	104903	0	1.0	122
	chrI	104916	0	1.0	151
	chrI	104919	0	1.0	98
	chrI	104928	0	0.5	60
	chrI	104964	0	0.5	73
	chrI	104975	0	0.5	151
	chrI	104980	0	0.5	69
	chrI	104984	0	1.0	118
	chrI	104989	1	0.5	60
	chrI	104989	1	0.5	99
	chrI	104991	1	0.5	102
	chrI	105006	0	1.5	102
	chrI	105008	0	0.5	151
	chrI	105008	0	0.5	109
	chrI	105018	1	1.0	98
	chrI	105019	0	0.5	151
	chrI	105019	1	0.5	114
	chrI	105026	1	1.0	122
	chrI	105029	1	0.5	151
	chrI	105032	0	0.5	112
	chrI	105032	0	0.5	114
	chrI	105032	0	0.5	115
	chrI	105037	1	0.5	150
	chrI	105038	0	0.5	151
	chrI	105038	1	0.5	73
	chrI	105047	1	1.0	151
	chrI	105050	1	0.5	69
	chrI	105051	1	0.5	151
	chrI	105055	0	0.5	148
	chrI	105075	1	0.5	151
	chrI	105091	1	0.5	151
	chrI	105093	0	0.5	151
	chrI	105103	1	1.0	118
	chrI	105110	1	0.5	151
	chrI	105111	1	1.5	102
	chrI	105119	1	0.5	109
	chrI	105137	0	1.0	63
	chrI	105147	1	0.5	112
	chrI	105147	1	0.5	114
	chrI	105147	1	0.5	115
	chrI	105153	0	1.0	91
	chrI	105165	1	0.5	151
	chrI	105183	0	1.0	151
	chrI	105189	1	1.0	151
	chrI	105190	0	0.5	151
	chrI	105202	0	1.0	151
	chrI	105202	1	0.5	148
	chrI	105202	1	1.0	63
	chrI	105204	1	0.5	151
	chrI	105210	0	0.5	103
	chrI	105212	0	1.0	151
	chrI	105218	0	1.0	151
	chrI	105227	0	0.5	151
	chrI	105234	1	0.5	151
	chrI	105245	1	1.0	91
	chrI	105267	1	0.5	151
	chrI	105280	0	0.5	93
	chrI	105315	1	0.5	103
	chrI	105321	0	0.5	151
	chrI	105339	0	1.0	136
	chrI	105343	0	0.5	151
	chrI	105345	1	1.0	151
	chrI	105346	0	1.0	151
	chrI	105346	1	0.5	151
	chrI	105352	0	0.5	151
	chrI	105355	0	0.5	151
	chrI	105369	1	1.0	151
	chrI	105374	1	0.5	93
	chrI	105379	1	1.0	151
	chrI	105404	0	0.5	122
	chrI	105404	0	1.0	124
	chrI	105460	0	0.5	99
	chrI	105474	1	1.0	136
	chrI	105482	1	0.5	151
	chrI	105496	0	0.5	135
	chrI	105496	0	0.5	151
	chrI	105496	0	1.0	101
	chrI	105496	0	0.5	103
	chrI	105496	1	0.5	151
	chrI	105497	0	0.5	151
	chrI	105502	0	0.5	151
	chrI	105511	1	1.0	151
	chrI	105513	1	1.0	151
	chrI	105518	0	0.5	151
	chrI	105519	0	0.5	58
	chrI	105520	0	0.5	151
	chrI	105525	1	0.5	151
	chrI	105528	1	0.5	151
	chrI	105529	1	0.5	122
	chrI	105529	1	1.0	124
	chrI	105533	0	1.5	151
	chrI	105535	0	0.5	151
	chrI	105543	0	0.5	150
	chrI	105543	1	0.5	151
	chrI	105544	0	0.5	53
	chrI	105554	0	0.5	139
	chrI	105559	1	0.5	99
	chrI	105577	1	0.5	58
	chrI	105600	1	0.5	53
	chrI	105600	1	1.0	101
	chrI	105600	1	0.5	103
	chrI	105603	0	0.5	77
	chrI	105630	1	0.5	135
	chrI	105662	0	0.5	151
	chrI	105666	0	0.5	132
	chrI	105668	0	0.5	151
	chrI	105673	0	1.0	151
	chrI	105681	1	0.5	77
	chrI	105684	0	0.5	117
	chrI	105684	0	1.0	118
	chrI	105684	1	0.5	151
	chrI	105691	0	0.5	104
	chrI	105692	1	0.5	139
	chrI	105692	1	0.5	150
	chrI	105692	1	1.0	151
	chrI	105693	1	2.0	151
	chrI	105694	1	0.5	151
	chrI	105696	0	0.5	151
	chrI	105698	0	1.0	151
	chrI	105699	0	0.5	97
	chrI	105699	0	2.0	101
	chrI	105700	0	1.5	151
	chrI	105741	0	0.5	56
	chrI	105785	0	1.0	151
	chrI	105797	1	0.5	132
	chrI	105797	1	0.5	56
	chrI	105797	1	0.5	104
	chrI	105801	1	2.5	101
	chrI	105803	1	0.5	117
	chrI	105803	1	1.0	118
	chrI	105814	0	1.5	151
	chrI	105815	0	1.0	120
	chrI	105828	0	0.5	151
	chrI	105828	0	0.5	86
	chrI	105834	1	0.5	151
	chrI	105845	0	0.5	133
	chrI	105845	0	0.5	149
	chrI	105847	1	1.0	151
	chrI	105849	0	0.5	151
	chrI	105850	0	1.5	151
	chrI	105852	1	1.0	151
	chrI	105853	0	1.5	151
	chrI	105860	1	1.0	151
	chrI	105861	1	0.5	151
	chrI	105871	0	0.5	151
	chrI	105872	0	0.5	136
	chrI	105876	1	1.0	151
	chrI	105878	0	0.5	151
	chrI	105883	0	0.5	71
	chrI	105886	0	0.5	47
	chrI	105889	0	1.0	151
	chrI	105894	0	0.5	100
	chrI	105902	1	0.5	151
	chrI	105913	1	0.5	86
	chrI	105914	0	0.5	75
	chrI	105923	0	1.0	151
	chrI	105926	0	0.5	85
	chrI	105934	1	0.5	47
	chrI	105936	1	1.0	151
	chrI	105936	1	1.0	120
	chrI	105939	0	0.5	66
	chrI	105949	0	1.0	43
	chrI	105957	1	0.5	72
	chrI	105977	1	0.5	133
	chrI	105989	1	0.5	151
	chrI	105990	1	0.5	75
	chrI	105993	1	0.5	149
	chrI	105994	1	1.0	43
	chrI	105997	1	0.5	100
	chrI	105999	1	0.5	151
	chrI	106005	1	0.5	66
	chrI	106006	1	1.0	151
	chrI	106007	0	0.5	55
	chrI	106007	1	0.5	136
	chrI	106007	1	0.5	151
	chrI	106008	0	0.5	55
	chrI	106008	0	0.5	72
	chrI	106012	1	0.5	85
	chrI	106022	1	1.0	151
	chrI	106031	0	0.5	151
	chrI	106033	0	0.5	58
	chrI	106034	0	0.5	151
	chrI	106035	0	0.5	79
	chrI	106040	0	1.0	135
	chrI	106040	0	1.0	151
	chrI	106041	0	0.5	103
	chrI	106041	0	1.0	104
	chrI	106049	1	2.0	151
	chrI	106050	1	1.0	151
	chrI	106051	0	0.5	94
	chrI	106052	0	0.5	119
	chrI	106065	1	1.0	55
	chrI	106069	0	0.5	151
	chrI	106071	0	0.5	83
	chrI	106072	1	0.5	151
	chrI	106076	0	1.5	151
	chrI	106082	1	0.5	72
	chrI	106086	0	1.0	86
	chrI	106086	1	0.5	151
	chrI	106089	0	0.5	122
	chrI	106094	1	0.5	58
	chrI	106097	0	1.5	151
	chrI	106098	0	0.5	151
	chrI	106106	0	0.5	151
	chrI	106115	1	0.5	79
	chrI	106117	0	0.5	151
	chrI	106120	0	1.0	116
	chrI	106145	1	0.5	104
	chrI	106146	1	0.5	94
	chrI	106146	1	0.5	104
	chrI	106147	1	0.5	103
	chrI	106152	0	0.5	151
	chrI	106154	1	0.5	83
	chrI	106172	1	0.5	119
	chrI	106173	1	0.5	86
	chrI	106174	1	1.0	135
	chrI	106175	1	0.5	86
	chrI	106178	0	0.5	35
	chrI	106178	0	0.5	105
	chrI	106187	0	0.5	148
	chrI	106188	0	1.0	63
	chrI	106196	0	1.0	102
	chrI	106212	1	0.5	151
	chrI	106213	1	0.5	122
	chrI	106214	1	0.5	35
	chrI	106221	0	1.0	151
	chrI	106222	1	1.0	151
	chrI	106235	0	0.5	142
	chrI	106238	1	1.0	116
	chrI	106241	1	1.0	151
	chrI	106242	1	0.5	151
	chrI	106246	1	0.5	151
	chrI	106247	0	0.5	151
	chrI	106253	1	0.5	150
	chrI	106253	1	1.5	151
	chrI	106253	1	1.0	63
	chrI	106254	1	1.5	151
	chrI	106255	0	0.5	151
	chrI	106258	0	1.0	151
	chrI	106275	0	1.0	151
	chrI	106278	1	0.5	151
	chrI	106281	1	0.5	151
	chrI	106285	1	0.5	105
	chrI	106286	0	0.5	145
	chrI	106286	0	0.5	151
	chrI	106297	0	0.5	51
	chrI	106299	1	1.0	102
	chrI	106316	0	0.5	81
	chrI	106318	1	0.5	151
	chrI	106320	0	0.5	125
	chrI	106334	1	0.5	148
	chrI	106349	1	0.5	51
	chrI	106367	0	0.5	41
	chrI	106376	1	0.5	142
	chrI	106384	1	1.0	151
	chrI	106397	1	0.5	81
	chrI	106407	0	0.5	151
	chrI	106410	0	0.5	151
	chrI	106411	1	1.0	151
	chrI	106411	1	0.5	41
	chrI	106412	1	1.0	151
	chrI	106414	0	0.5	151
	chrI	106430	1	0.5	145
	chrI	106431	0	1.0	151
	chrI	106441	0	0.5	80
	chrI	106441	1	0.5	151
	chrI	106442	1	1.0	151
	chrI	106443	0	1.5	139
	chrI	106443	0	0.5	151
	chrI	106445	1	0.5	125
	chrI	106495	0	0.5	126
	chrI	106497	0	0.5	139
	chrI	106508	0	0.5	151
	chrI	106508	0	0.5	89
	chrI	106516	0	0.5	94
	chrI	106517	0	0.5	114
	chrI	106523	1	0.5	80
	chrI	106551	0	0.5	69
	chrI	106559	1	0.5	151
	chrI	106571	0	0.5	151
	chrI	106577	1	0.5	151
	chrI	106581	1	1.5	139
	chrI	106582	0	0.5	151
	chrI	106598	1	0.5	89
	chrI	106600	0	0.5	45
	chrI	106603	1	1.0	151
	chrI	106605	0	0.5	102
	chrI	106606	0	0.5	151
	chrI	106611	1	0.5	151
	chrI	106611	1	0.5	94
	chrI	106618	0	0.5	36
	chrI	106621	1	0.5	69
	chrI	106623	0	1.5	151
	chrI	106623	1	0.5	126
	chrI	106634	1	0.5	114
	chrI	106635	1	0.5	139
	chrI	106636	0	0.5	103
	chrI	106646	1	0.5	45
	chrI	106647	0	1.5	151
	chrI	106656	1	0.5	36
	chrI	106661	0	0.5	121
	chrI	106666	0	0.5	141
	chrI	106668	1	0.5	151
	chrI	106669	0	0.5	151
	chrI	106670	0	0.5	95
	chrI	106709	0	1.0	92
	chrI	106709	1	0.5	102
	chrI	106716	0	1.0	90
	chrI	106727	0	0.5	151
	chrI	106733	1	0.5	151
	chrI	106740	1	0.5	103
	chrI	106749	1	0.5	151
	chrI	106751	1	0.5	151
	chrI	106757	1	0.5	151
	chrI	106765	1	0.5	95
	chrI	106767	0	0.5	67
	chrI	106781	1	1.5	151
	chrI	106786	1	0.5	121
	chrI	106802	1	1.0	92
	chrI	106806	1	0.5	141
	chrI	106808	1	1.0	90
	chrI	106812	0	0.5	71
	chrI	106816	0	0.5	151
	chrI	106817	0	0.5	79
	chrI	106834	1	0.5	67
	chrI	106843	1	1.5	151
	chrI	106866	0	0.5	137
	chrI	106866	0	0.5	150
	chrI	106866	0	1.5	151
	chrI	106875	0	0.5	89
	chrI	106875	0	0.5	90
	chrI	106879	0	0.5	151
	chrI	106881	1	0.5	151
	chrI	106884	1	0.5	71
	chrI	106898	0	0.5	112
	chrI	106898	1	0.5	79
	chrI	106901	1	0.5	151
	chrI	106907	0	0.5	151
	chrI	106910	0	0.5	133
	chrI	106912	0	0.5	78
	chrI	106915	0	0.5	116
	chrI	106927	0	0.5	151
	chrI	106950	0	0.5	138
	chrI	106961	0	0.5	144
	chrI	106967	1	0.5	89
	chrI	106968	1	0.5	90
	chrI	106984	0	0.5	48
	chrI	106990	1	0.5	78
	chrI	107002	1	0.5	137
	chrI	107007	0	1.0	151
	chrI	107011	1	0.5	112
	chrI	107031	1	2.0	151
	chrI	107032	1	0.5	116
	chrI	107035	1	0.5	48
	chrI	107042	1	0.5	133
	chrI	107062	1	1.0	151
	chrI	107069	1	0.5	151
	chrI	107081	0	0.5	151
	chrI	107087	1	0.5	138
	chrI	107101	1	0.5	151
	chrI	107104	1	0.5	144
	chrI	107106	0	0.5	124
	chrI	107112	0	0.5	151
	chrI	107131	0	0.5	151
	chrI	107157	0	0.5	151
	chrI	107157	0	0.5	117
	chrI	107176	1	0.5	151
	chrI	107185	1	0.5	151
	chrI	107189	0	0.5	151
	chrI	107207	0	1.0	151
	chrI	107218	0	0.5	151
	chrI	107220	0	0.5	151
	chrI	107231	1	0.5	151
	chrI	107231	1	0.5	124
	chrI	107275	1	0.5	117
	chrI	107277	1	0.5	151
	chrI	107296	1	0.5	151
	chrI	107305	0	0.5	151
	chrI	107306	0	0.5	150
	chrI	107325	0	0.5	151
	chrI	107327	0	0.5	133
	chrI	107337	0	0.5	48
	chrI	107340	0	0.5	35
	chrI	107347	0	0.5	151
	chrI	107349	1	0.5	151
	chrI	107369	1	1.0	151
	chrI	107377	1	0.5	35
	chrI	107378	0	0.5	151
	chrI	107380	0	0.5	73
	chrI	107385	0	0.5	43
	chrI	107389	1	0.5	49
	chrI	107391	1	0.5	151
	chrI	107395	1	0.5	151
	chrI	107397	0	0.5	74
	chrI	107413	1	0.5	151
	chrI	107430	1	0.5	43
	chrI	107445	0	0.5	112
	chrI	107452	0	0.5	151
	chrI	107454	1	0.5	73
	chrI	107459	1	0.5	133
	chrI	107460	0	1.5	151
	chrI	107461	0	0.5	151
	chrI	107461	0	0.5	109
	chrI	107471	0	0.5	151
	chrI	107471	1	0.5	151
	chrI	107472	0	2.0	151
	chrI	107473	0	0.5	151
	chrI	107473	1	0.5	74
	chrI	107478	0	0.5	67
	chrI	107484	0	0.5	134
	chrI	107485	0	0.5	113
	chrI	107497	1	0.5	151
	chrI	107520	1	0.5	151
	chrI	107521	0	0.5	151
	chrI	107521	0	0.5	121
	chrI	107523	1	0.5	151
	chrI	107529	0	0.5	151
	chrI	107541	1	0.5	151
	chrI	107545	1	0.5	67
	chrI	107553	0	0.5	151
	chrI	107558	1	0.5	112
	chrI	107563	0	1.0	151
	chrI	107571	1	0.5	109
	chrI	107572	0	0.5	151
	chrI	107577	0	1.5	143
	chrI	107592	0	0.5	102
	chrI	107601	1	0.5	113
	chrI	107611	1	0.5	151
	chrI	107614	1	0.5	151
	chrI	107617	0	1.0	151
	chrI	107617	1	0.5	134
	chrI	107617	1	0.5	151
	chrI	107618	0	0.5	151
	chrI	107620	0	1.0	58
	chrI	107625	1	0.5	151
	chrI	107631	1	0.5	151
	chrI	107632	1	1.5	151
	chrI	107644	1	0.5	121
	chrI	107646	1	0.5	151
	chrI	107670	0	1.5	115
	chrI	107670	1	0.5	151
	chrI	107673	0	1.0	151
	chrI	107673	1	0.5	151
	chrI	107678	0	0.5	78
	chrI	107679	1	1.0	58
	chrI	107696	1	0.5	102
	chrI	107707	0	1.0	151
	chrI	107716	1	0.5	151
	chrI	107717	1	0.5	151
	chrI	107719	1	1.5	143
	chrI	107723	0	0.5	139
	chrI	107726	1	0.5	151
	chrI	107728	1	1.0	151
	chrI	107750	0	0.5	151
	chrI	107756	0	0.5	45
	chrI	107757	1	0.5	78
	chrI	107758	0	1.0	133
	chrI	107776	1	1.0	151
	chrI	107778	0	0.5	139
	chrI	107778	0	0.5	108
	chrI	107781	1	0.5	151
	chrI	107785	0	0.5	96
	chrI	107785	1	1.5	115
	chrI	107801	1	0.5	44
	chrI	107808	0	0.5	151
	chrI	107824	1	0.5	151
	chrI	107860	1	1.0	151
	chrI	107861	1	0.5	139
	chrI	107865	0	0.5	151
	chrI	107867	0	0.5	92
	chrI	107875	0	0.5	91
	chrI	107875	1	1.0	151
	chrI	107884	1	0.5	96
	chrI	107887	1	0.5	108
	chrI	107890	1	1.0	133
	chrI	107898	0	0.5	94
	chrI	107901	0	0.5	87
	chrI	107906	1	0.5	151
	chrI	107916	1	0.5	139
	chrI	107927	0	0.5	124
	chrI	107965	1	0.5	92
	chrI	107966	1	0.5	91
	chrI	107973	0	0.5	76
	chrI	107974	0	1.0	143
	chrI	107975	0	1.0	58
	chrI	107988	1	0.5	87
	chrI	107991	1	0.5	94
	chrI	107994	0	0.5	125
	chrI	108021	1	0.5	151
	chrI	108022	0	1.5	151
	chrI	108024	1	0.5	151
	chrI	108034	1	1.0	58
	chrI	108036	0	0.5	151
	chrI	108036	0	0.5	62
	chrI	108036	0	0.5	64
	chrI	108041	0	0.5	66
	chrI	108050	1	0.5	75
	chrI	108052	0	1.0	151
	chrI	108052	1	0.5	124
	chrI	108059	0	0.5	57
	chrI	108059	0	0.5	100
	chrI	108079	0	0.5	121
	chrI	108090	0	0.5	100
	chrI	108101	1	0.5	62
	chrI	108101	1	0.5	64
	chrI	108108	1	0.5	66
	chrI	108116	1	1.0	143
	chrI	108116	1	0.5	57
	chrI	108122	1	0.5	125
	chrI	108152	0	0.5	151
	chrI	108160	1	0.5	100
	chrI	108192	1	0.5	100
	chrI	108201	1	0.5	151
	chrI	108201	1	0.5	121
	chrI	108204	0	0.5	151
	chrI	108204	1	2.5	151
	chrI	108205	0	0.5	148
	chrI	108205	0	1.0	149
	chrI	108205	0	1.0	151
	chrI	108218	0	0.5	145
	chrI	108222	0	0.5	151
	chrI	108248	0	0.5	151
	chrI	108283	0	0.5	91
	chrI	108288	0	0.5	151
	chrI	108296	0	1.0	151
	chrI	108305	1	0.5	151
	chrI	108340	0	0.5	151
	chrI	108341	0	0.5	119
	chrI	108352	1	0.5	148
	chrI	108353	1	1.0	149
	chrI	108362	1	0.5	145
	chrI	108372	1	0.5	151
	chrI	108376	0	1.0	151
	chrI	108376	1	0.5	91
	chrI	108378	0	0.5	151
	chrI	108385	0	1.0	151
	chrI	108390	0	0.5	71
	chrI	108390	0	1.0	92
	chrI	108416	0	0.5	127
	chrI	108437	0	0.5	150
	chrI	108461	1	0.5	119
	chrI	108463	1	0.5	71
	chrI	108483	0	1.5	66
	chrI	108484	1	1.0	92
	chrI	108494	0	0.5	151
	chrI	108495	1	0.5	151
	chrI	108497	1	0.5	151
	chrI	108499	1	0.5	151
	chrI	108501	0	1.0	151
	chrI	108524	0	0.5	89
	chrI	108532	1	1.0	151
	chrI	108540	0	1.0	151
	chrI	108541	0	0.5	51
	chrI	108544	1	0.5	127
	chrI	108552	1	1.5	66
	chrI	108563	1	0.5	151
	chrI	108586	1	0.5	150
	chrI	108589	1	1.0	151
	chrI	108593	1	0.5	51
	chrI	108599	0	0.5	151
	chrI	108614	1	0.5	89
	chrI	108627	0	0.5	105
	chrI	108639	0	0.5	68
	chrI	108643	0	0.5	58
	chrI	108666	0	0.5	69
	chrI	108674	1	0.5	151
	chrI	108677	0	1.0	151
	chrI	108677	0	0.5	55
	chrI	108679	0	1.0	138
	chrI	108681	0	0.5	127
	chrI	108681	1	0.5	151
	chrI	108683	0	0.5	40
	chrI	108691	0	0.5	122
	chrI	108702	1	1.5	151
	chrI	108702	1	0.5	58
	chrI	108704	0	0.5	112
	chrI	108708	1	0.5	68
	chrI	108709	0	0.5	112
	chrI	108710	0	1.0	151
	chrI	108713	0	0.5	93
	chrI	108713	0	0.5	95
	chrI	108715	1	0.5	151
	chrI	108716	0	0.5	151
	chrI	108716	1	1.0	151
	chrI	108717	0	0.5	93
	chrI	108717	0	0.5	110
	chrI	108717	0	0.5	120
	chrI	108719	0	0.5	150
	chrI	108724	1	0.5	40
	chrI	108733	1	0.5	55
	chrI	108733	1	0.5	105
	chrI	108736	0	1.0	72
	chrI	108736	0	0.5	73
	chrI	108736	0	0.5	77
	chrI	108736	0	0.5	124
	chrI	108736	0	0.5	125
	chrI	108736	0	0.5	127
	chrI	108738	1	0.5	69
	chrI	108744	0	0.5	123
	chrI	108744	0	0.5	125
	chrI	108744	1	0.5	151
	chrI	108745	0	0.5	69
	chrI	108745	0	0.5	96
	chrI	108745	0	0.5	109
	chrI	108745	0	0.5	116
	chrI	108760	0	0.5	53
	chrI	108777	0	0.5	146
	chrI	108780	0	0.5	80
	chrI	108781	0	0.5	102
	chrI	108781	0	0.5	104
	chrI	108789	0	1.0	125
	chrI	108790	0	0.5	125
	chrI	108795	0	0.5	66
	chrI	108807	1	0.5	93
	chrI	108807	1	0.5	95
	chrI	108809	1	1.0	72
	chrI	108809	1	0.5	73
	chrI	108810	1	0.5	93
	chrI	108810	1	0.5	127
	chrI	108812	0	1.0	151
	chrI	108815	1	0.5	151
	chrI	108815	1	0.5	53
	chrI	108815	1	0.5	69
	chrI	108815	1	0.5	77
	chrI	108815	1	0.5	112
	chrI	108815	1	0.5	122
	chrI	108816	1	1.0	138
	chrI	108817	0	0.5	151
	chrI	108819	0	0.5	77
	chrI	108821	1	0.5	112
	chrI	108826	1	0.5	110
	chrI	108832	0	0.5	54
	chrI	108832	1	0.5	151
	chrI	108834	0	0.5	151
	chrI	108836	0	0.5	147
	chrI	108838	1	0.5	120
	chrI	108841	1	0.5	151
	chrI	108843	1	0.5	96
	chrI	108850	0	0.5	151
	chrI	108854	1	0.5	109
	chrI	108855	0	1.0	151
	chrI	108857	0	0.5	151
	chrI	108860	1	0.5	125
	chrI	108861	1	0.5	80
	chrI	108861	1	0.5	124
	chrI	108862	1	0.5	116
	chrI	108862	1	0.5	125
	chrI	108863	0	1.0	151
	chrI	108863	1	0.5	66
	chrI	108864	0	1.5	151
	chrI	108868	1	0.5	123
	chrI	108870	1	1.0	151
	chrI	108870	1	0.5	125
	chrI	108872	0	0.5	145
	chrI	108874	0	0.5	151
	chrI	108874	1	0.5	151
	chrI	108875	0	0.5	151
	chrI	108878	1	0.5	151
	chrI	108879	0	0.5	151
	chrI	108884	1	0.5	102
	chrI	108884	1	0.5	104
	chrI	108887	1	0.5	54
	chrI	108889	0	0.5	123
	chrI	108895	1	0.5	77
	chrI	108899	0	0.5	151
	chrI	108912	1	0.5	151
	chrI	108916	1	1.0	125
	chrI	108918	1	0.5	125
	chrI	108922	1	0.5	146
	chrI	108955	0	0.5	147
	chrI	108956	0	0.5	150
	chrI	108983	0	0.5	115
	chrI	108998	0	0.5	150
	chrI	109007	1	1.0	151
	chrI	109009	0	0.5	49
	chrI	109016	1	0.5	145
	chrI	109016	1	0.5	151
	chrI	109017	1	0.5	151
	chrI	109022	1	0.5	134
	chrI	109026	0	1.0	151
	chrI	109029	1	0.5	151
	chrI	109030	0	0.5	135
	chrI	109030	0	0.5	75
	chrI	109030	1	1.0	151
	chrI	109032	0	0.5	134
	chrI	109036	1	1.5	151
	chrI	109049	1	1.0	151
	chrI	109051	1	1.5	151
	chrI	109058	1	0.5	151
	chrI	109059	1	0.5	49
	chrI	109080	0	1.5	151
	chrI	109092	0	0.5	91
	chrI	109098	1	0.5	115
	chrI	109101	1	0.5	147
	chrI	109106	1	0.5	75
	chrI	109117	1	0.5	151
	chrI	109129	0	0.5	151
	chrI	109130	0	0.5	50
	chrI	109145	0	0.5	151
	chrI	109158	0	2.0	151
	chrI	109164	1	0.5	135
	chrI	109165	1	0.5	134
	chrI	109165	1	0.5	151
	chrI	109166	0	2.0	151
	chrI	109181	1	0.5	50
	chrI	109184	1	1.0	151
	chrI	109186	0	0.5	151
	chrI	109186	1	0.5	91
	chrI	109191	0	1.0	151
	chrI	109196	0	0.5	92
	chrI	109196	1	1.0	151
	chrI	109197	0	1.0	149
	chrI	109209	0	0.5	96
	chrI	109226	0	0.5	47
	chrI	109230	0	0.5	96
	chrI	109233	0	1.0	65
	chrI	109258	1	1.5	151
	chrI	109266	0	0.5	108
	chrI	109271	0	1.0	103
	chrI	109274	1	0.5	47
	chrI	109283	0	0.5	151
	chrI	109287	0	0.5	45
	chrI	109288	1	0.5	91
	chrI	109299	1	0.5	151
	chrI	109299	1	1.0	65
	chrI	109302	0	0.5	102
	chrI	109307	1	0.5	96
	chrI	109315	1	2.0	151
	chrI	109325	1	0.5	151
	chrI	109329	1	0.5	96
	chrI	109335	1	0.5	45
	chrI	109342	0	0.5	151
	chrI	109345	1	1.0	149
	chrI	109348	1	0.5	151
	chrI	109349	1	0.5	151
	chrI	109354	0	0.5	113
	chrI	109363	1	1.5	151
	chrI	109365	0	0.5	119
	chrI	109370	0	0.5	151
	chrI	109374	1	0.5	108
	chrI	109375	1	1.0	103
	chrI	109405	0	1.0	106
	chrI	109405	1	0.5	102
	chrI	109428	0	1.5	103
	chrI	109434	0	1.0	83
	chrI	109469	1	0.5	113
	chrI	109483	0	0.5	108
	chrI	109485	1	0.5	119
	chrI	109497	1	0.5	151
	chrI	109501	1	0.5	151
	chrI	109512	1	1.0	106
	chrI	109514	0	0.5	151
	chrI	109519	1	1.0	83
	chrI	109531	1	0.5	151
	chrI	109532	0	0.5	123
	chrI	109533	1	1.5	103
	chrI	109555	0	0.5	151
	chrI	109561	0	0.5	119
	chrI	109574	0	0.5	101
	chrI	109594	1	0.5	108
	chrI	109596	0	1.5	151
	chrI	109632	0	1.0	151
	chrI	109649	0	0.5	151
	chrI	109656	1	0.5	123
	chrI	109658	0	0.5	151
	chrI	109658	0	0.5	77
	chrI	109674	1	0.5	151
	chrI	109675	0	0.5	143
	chrI	109675	0	0.5	151
	chrI	109678	0	0.5	151
	chrI	109679	1	0.5	101
	chrI	109679	1	0.5	119
	chrI	109687	0	0.5	86
	chrI	109690	0	1.0	151
	chrI	109691	0	1.0	151
	chrI	109696	0	0.5	133
	chrI	109701	1	0.5	151
	chrI	109706	1	0.5	151
	chrI	109717	1	0.5	151
	chrI	109728	0	0.5	128
	chrI	109736	1	0.5	77
	chrI	109739	0	0.5	49
	chrI	109754	0	0.5	151
	chrI	109754	0	1.0	90
	chrI	109774	1	0.5	86
	chrI	109777	0	0.5	83
	chrI	109789	0	0.5	151
	chrI	109790	1	0.5	49
	chrI	109799	0	1.5	151
	chrI	109800	1	0.5	151
	chrI	109808	1	1.0	151
	chrI	109809	0	0.5	151
	chrI	109817	1	0.5	143
	chrI	109825	0	0.5	149
	chrI	109828	1	0.5	133
	chrI	109828	1	0.5	151
	chrI	109829	1	0.5	151
	chrI	109830	0	1.0	151
	chrI	109830	0	0.5	127
	chrI	109838	0	0.5	151
	chrI	109840	0	0.5	115
	chrI	109844	1	0.5	151
	chrI	109847	1	1.0	90
	chrI	109850	1	1.5	151
	chrI	109859	1	0.5	128
	chrI	109862	0	0.5	151
	chrI	109862	1	0.5	83
	chrI	109872	1	1.0	151
	chrI	109911	1	0.5	151
	chrI	109916	0	0.5	86
	chrI	109940	0	1.0	128
	chrI	109955	1	0.5	151
	chrI	109956	1	1.5	151
	chrI	109956	1	0.5	115
	chrI	109958	1	0.5	127
	chrI	109961	0	0.5	151
	chrI	109966	0	0.5	151
	chrI	109979	0	0.5	114
	chrI	109979	0	0.5	116
	chrI	109987	0	0.5	140
	chrI	109988	1	1.0	151
	chrI	109989	0	2.0	151
	chrI	109995	1	1.0	151
	chrI	110003	1	0.5	86
	chrI	110007	0	1.0	142
	chrI	110011	1	1.0	151
	chrI	110026	1	0.5	151
	chrI	110060	0	0.5	151
	chrI	110069	1	1.0	128
	chrI	110072	0	1.0	151
	chrI	110074	1	0.5	151
	chrI	110094	1	0.5	114
	chrI	110094	1	0.5	116
	chrI	110104	0	0.5	107
	chrI	110104	0	1.0	109
	chrI	110126	1	0.5	140
	chrI	110131	0	0.5	50
	chrI	110140	1	0.5	149
	chrI	110142	1	1.0	151
	chrI	110143	0	0.5	95
	chrI	110144	1	0.5	151
	chrI	110147	1	0.5	151
	chrI	110148	1	1.0	142
	chrI	110149	0	0.5	108
	chrI	110155	0	0.5	120
	chrI	110164	1	0.5	151
	chrI	110165	0	0.5	142
	chrI	110165	0	1.0	151
	chrI	110166	0	0.5	151
	chrI	110168	0	0.5	151
	chrI	110168	0	0.5	94
	chrI	110174	0	0.5	151
	chrI	110181	1	0.5	50
	chrI	110185	0	1.0	140
	chrI	110199	0	0.5	91
	chrI	110213	1	0.5	107
	chrI	110213	1	1.0	109
	chrI	110224	1	0.5	151
	chrI	110231	1	1.0	151
	chrI	110241	1	0.5	97
	chrI	110259	1	0.5	108
	chrI	110266	1	0.5	94
	chrI	110274	1	0.5	120
	chrI	110280	0	1.0	133
	chrI	110291	1	0.5	91
	chrI	110305	0	1.0	90
	chrI	110306	1	0.5	142
	chrI	110317	0	0.5	128
	chrI	110320	0	0.5	151
	chrI	110324	0	1.0	53
	chrI	110324	1	1.0	140
	chrI	110326	1	1.0	151
	chrI	110332	1	0.5	151
	chrI	110335	0	0.5	115
	chrI	110341	1	0.5	151
	chrI	110349	0	0.5	57
	chrI	110352	0	1.0	151
	chrI	110360	0	1.0	151
	chrI	110377	1	1.0	53
	chrI	110401	1	1.0	90
	chrI	110407	1	0.5	57
	chrI	110412	1	1.0	133
	chrI	110422	0	0.5	79
	chrI	110429	1	0.5	151
	chrI	110433	0	1.0	63
	chrI	110433	0	0.5	64
	chrI	110445	0	0.5	116
	chrI	110445	1	0.5	128
	chrI	110446	0	0.5	151
	chrI	110453	1	0.5	115
	chrI	110454	0	1.0	141
	chrI	110454	0	0.5	48
	chrI	110465	0	0.5	138
	chrI	110467	0	0.5	104
	chrI	110468	0	0.5	60
	chrI	110479	0	0.5	96
	chrI	110480	0	0.5	101
	chrI	110480	0	0.5	102
	chrI	110485	0	1.0	73
	chrI	110485	0	0.5	89
	chrI	110485	0	0.5	93
	chrI	110485	0	0.5	97
	chrI	110486	0	1.0	94
	chrI	110486	0	0.5	112
	chrI	110488	0	1.0	151
	chrI	110488	0	0.5	104
	chrI	110498	1	1.0	63
	chrI	110498	1	0.5	64
	chrI	110500	0	0.5	61
	chrI	110503	0	1.0	151
	chrI	110503	0	0.5	61
	chrI	110503	1	0.5	151
	chrI	110503	1	0.5	48
	chrI	110503	1	0.5	79
	chrI	110504	0	1.0	58
	chrI	110504	0	0.5	77
	chrI	110504	0	1.0	87
	chrI	110504	1	0.5	151
	chrI	110505	0	0.5	73
	chrI	110505	0	0.5	74
	chrI	110505	0	0.5	85
	chrI	110505	0	0.5	89
	chrI	110514	0	1.0	56
	chrI	110515	0	0.5	83
	chrI	110520	1	0.5	151
	chrI	110531	1	0.5	60
	chrI	110533	0	0.5	151
	chrI	110533	1	1.0	151
	chrI	110548	0	0.5	93
	chrI	110562	1	0.5	61
	chrI	110562	1	1.0	73
	chrI	110562	1	0.5	116
	chrI	110563	1	1.0	58
	chrI	110565	1	0.5	61
	chrI	110566	0	0.5	151
	chrI	110569	1	1.0	56
	chrI	110572	1	0.5	104
	chrI	110573	0	0.5	61
	chrI	110575	1	0.5	96
	chrI	110578	1	0.5	89
	chrI	110581	1	0.5	73
	chrI	110582	0	1.0	151
	chrI	110582	1	0.5	74
	chrI	110582	1	0.5	77
	chrI	110582	1	0.5	93
	chrI	110582	1	1.0	94
	chrI	110582	1	0.5	97
	chrI	110582	1	0.5	101
	chrI	110582	1	0.5	102
	chrI	110583	0	0.5	151
	chrI	110585	0	1.0	51
	chrI	110592	1	1.0	87
	chrI	110592	1	0.5	104
	chrI	110593	1	0.5	85
	chrI	110594	1	1.0	141
	chrI	110595	0	0.5	151
	chrI	110595	1	0.5	89
	chrI	110599	1	0.5	83
	chrI	110599	1	0.5	112
	chrI	110602	1	0.5	138
	chrI	110603	0	0.5	151
	chrI	110603	0	0.5	57
	chrI	110614	0	0.5	110
	chrI	110619	0	0.5	115
	chrI	110633	0	0.5	59
	chrI	110637	1	0.5	151
	chrI	110637	1	1.0	51
	chrI	110637	1	0.5	61
	chrI	110644	0	1.0	149
	chrI	110644	1	0.5	93
	chrI	110647	1	0.5	151
	chrI	110655	1	1.0	151
	chrI	110659	1	0.5	151
	chrI	110663	0	0.5	151
	chrI	110664	1	0.5	57
	chrI	110674	0	1.0	67
	chrI	110692	1	0.5	59
	chrI	110694	0	0.5	149
	chrI	110696	0	0.5	55
	chrI	110710	0	0.5	151
	chrI	110710	0	0.5	41
	chrI	110712	1	0.5	151
	chrI	110724	1	0.5	110
	chrI	110734	1	0.5	150
	chrI	110735	0	0.5	100
	chrI	110736	1	0.5	115
	chrI	110738	0	0.5	95
	chrI	110740	0	1.5	151
	chrI	110740	1	0.5	151
	chrI	110741	1	0.5	151
	chrI	110742	1	0.5	67
	chrI	110742	1	0.5	68
	chrI	110743	0	2.5	151
	chrI	110746	0	0.5	151
	chrI	110754	1	0.5	151
	chrI	110754	1	0.5	41
	chrI	110755	0	0.5	151
	chrI	110755	1	0.5	151
	chrI	110755	1	0.5	55
	chrI	110757	0	0.5	147
	chrI	110792	0	0.5	137
	chrI	110792	1	1.0	149
	chrI	110795	1	0.5	151
	chrI	110808	0	0.5	151
	chrI	110827	1	0.5	151
	chrI	110833	1	0.5	95
	chrI	110834	1	0.5	100
	chrI	110870	0	0.5	151
	chrI	110894	1	2.5	151
	chrI	110895	1	0.5	151
	chrI	110898	0	0.5	58
	chrI	110901	1	0.5	149
	chrI	110903	1	0.5	147
	chrI	110903	1	1.5	151
	chrI	110905	1	0.5	151
	chrI	110907	0	0.5	151
	chrI	110911	0	0.5	98
	chrI	110912	0	0.5	101
	chrI	110928	1	0.5	137
	chrI	110942	1	0.5	151
	chrI	110956	0	0.5	151
	chrI	110957	0	1.0	59
	chrI	110957	1	0.5	58
	chrI	110960	0	0.5	122
	chrI	110960	1	0.5	151
	chrI	110966	0	0.5	151
	chrI	111009	1	0.5	98
	chrI	111014	1	0.5	101
	chrI	111016	0	1.5	151
	chrI	111016	1	1.0	59
	chrI	111017	0	0.5	80
	chrI	111018	0	0.5	138
	chrI	111032	0	0.5	66
	chrI	111036	1	0.5	151
	chrI	111038	0	0.5	151
	chrI	111052	0	0.5	100
	chrI	111059	0	0.5	134
	chrI	111072	1	0.5	151
	chrI	111085	1	0.5	122
	chrI	111088	0	0.5	127
	chrI	111093	0	0.5	137
	chrI	111099	1	0.5	66
	chrI	111099	1	0.5	80
	chrI	111106	0	0.5	125
	chrI	111117	1	0.5	151
	chrI	111145	0	0.5	143
	chrI	111152	0	0.5	46
	chrI	111153	1	0.5	100
	chrI	111155	1	0.5	138
	chrI	111182	1	1.5	151
	chrI	111192	1	0.5	134
	chrI	111192	1	0.5	151
	chrI	111193	1	0.5	151
	chrI	111199	1	0.5	46
	chrI	111205	0	0.5	97
	chrI	111212	0	1.0	151
	chrI	111216	1	0.5	127
	chrI	111222	0	0.5	136
	chrI	111229	1	0.5	137
	chrI	111232	0	0.5	151
	chrI	111232	1	0.5	125
	chrI	111260	0	1.0	73
	chrI	111264	0	0.5	151
	chrI	111287	1	0.5	143
	chrI	111288	0	0.5	50
	chrI	111303	0	0.5	151
	chrI	111305	1	0.5	97
	chrI	111306	0	0.5	58
	chrI	111309	0	0.5	104
	chrI	111326	0	0.5	151
	chrI	111333	1	1.0	73
	chrI	111341	1	0.5	50
	chrI	111343	0	0.5	63
	chrI	111343	0	0.5	64
	chrI	111357	0	0.5	121
	chrI	111357	1	0.5	136
	chrI	111364	1	0.5	58
	chrI	111370	0	0.5	151
	chrI	111383	1	0.5	151
	chrI	111384	0	1.0	151
	chrI	111384	0	1.0	58
	chrI	111384	0	0.5	108
	chrI	111384	1	1.0	151
	chrI	111385	0	0.5	137
	chrI	111398	0	0.5	151
	chrI	111409	1	0.5	63
	chrI	111409	1	0.5	64
	chrI	111413	1	0.5	104
	chrI	111416	0	0.5	151
	chrI	111418	0	0.5	127
	chrI	111436	0	1.0	74
	chrI	111444	1	1.0	58
	chrI	111462	1	0.5	151
	chrI	111466	0	0.5	151
	chrI	111472	0	0.5	151
	chrI	111474	0	0.5	151
	chrI	111478	1	0.5	121
	chrI	111484	0	0.5	151
	chrI	111484	1	0.5	151
	chrI	111495	1	0.5	108
	chrI	111497	0	0.5	151
	chrI	111504	0	0.5	88
	chrI	111504	0	1.0	94
	chrI	111511	1	1.0	74
	chrI	111522	1	0.5	138
	chrI	111526	0	0.5	151
	chrI	111540	0	1.0	151
	chrI	111540	0	1.0	112
	chrI	111549	1	1.5	151
	chrI	111549	1	0.5	127
	chrI	111553	1	0.5	151
	chrI	111572	1	0.5	151
	chrI	111599	1	0.5	90
	chrI	111599	1	1.0	94
	chrI	111612	1	0.5	151
	chrI	111620	0	0.5	45
	chrI	111621	0	0.5	151
	chrI	111623	1	0.5	151
	chrI	111632	0	1.0	87
	chrI	111648	1	0.5	151
	chrI	111652	1	0.5	111
	chrI	111653	1	0.5	151
	chrI	111653	1	0.5	112
	chrI	111664	1	0.5	151
	chrI	111666	1	0.5	45
	chrI	111677	0	1.0	66
	chrI	111681	1	0.5	151
	chrI	111682	0	0.5	150
	chrI	111682	0	0.5	55
	chrI	111682	0	0.5	112
	chrI	111692	1	0.5	151
	chrI	111695	1	1.0	151
	chrI	111720	1	1.0	87
	chrI	111740	1	0.5	55
	chrI	111744	1	1.0	66
	chrI	111771	0	0.5	71
	chrI	111792	1	0.5	151
	chrI	111795	1	0.5	112
	chrI	111811	0	0.5	129
	chrI	111811	0	0.5	143
	chrI	111822	0	2.0	151
	chrI	111829	0	0.5	151
	chrI	111831	1	0.5	150
	chrI	111837	0	0.5	149
	chrI	111837	0	0.5	151
	chrI	111842	1	0.5	71
	chrI	111849	0	0.5	103
	chrI	111856	0	0.5	127
	chrI	111887	0	1.0	92
	chrI	111895	0	0.5	126
	chrI	111896	0	1.0	87
	chrI	111902	0	0.5	107
	chrI	111929	0	1.5	56
	chrI	111937	0	0.5	151
	chrI	111939	1	0.5	129
	chrI	111948	0	0.5	96
	chrI	111952	1	0.5	103
	chrI	111953	1	0.5	143
	chrI	111981	1	1.0	92
	chrI	111985	1	0.5	149
	chrI	111985	1	0.5	151
	chrI	111985	1	0.5	127
	chrI	111986	1	1.5	151
	chrI	111986	1	1.5	56
	chrI	111986	1	1.0	87
	chrI	111987	0	1.0	151
	chrI	111987	0	0.5	57
	chrI	111987	0	0.5	74
	chrI	111999	1	0.5	151
	chrI	112009	1	0.5	107
	chrI	112021	1	0.5	151
	chrI	112022	0	0.5	59
	chrI	112022	1	0.5	126
	chrI	112023	0	1.0	151
	chrI	112032	0	0.5	133
	chrI	112045	1	0.5	96
	chrI	112047	1	0.5	57
	chrI	112057	0	0.5	151
	chrI	112058	0	0.5	150
	chrI	112062	0	0.5	40
	chrI	112062	1	0.5	74
	chrI	112072	0	0.5	52
	chrI	112082	1	0.5	59
	chrI	112102	0	0.5	125
	chrI	112102	0	0.5	127
	chrI	112103	1	0.5	40
	chrI	112120	0	0.5	151
	chrI	112122	0	0.5	148
	chrI	112127	1	0.5	52
	chrI	112141	0	0.5	151
	chrI	112146	1	0.5	151
	chrI	112156	0	1.0	151
	chrI	112163	1	0.5	151
	chrI	112164	1	0.5	133
	chrI	112168	1	0.5	147
	chrI	112172	0	0.5	86
	chrI	112176	1	0.5	151
	chrI	112189	1	0.5	151
	chrI	112193	0	0.5	151
	chrI	112204	0	0.5	62
	chrI	112207	1	0.5	150
	chrI	112223	0	0.5	151
	chrI	112228	1	0.5	125
	chrI	112228	1	0.5	127
	chrI	112259	1	0.5	86
	chrI	112266	1	0.5	62
	chrI	112267	0	1.5	151
	chrI	112269	1	0.5	148
	chrI	112271	1	0.5	151
	chrI	112273	1	0.5	151
	chrI	112292	1	0.5	151
	chrI	112294	0	0.5	151
	chrI	112304	0	0.5	151
	chrI	112325	1	1.0	151
	chrI	112344	0	0.5	151
	chrI	112349	0	0.5	90
	chrI	112349	0	0.5	92
	chrI	112356	1	0.5	151
	chrI	112378	0	0.5	119
	chrI	112378	0	1.0	121
	chrI	112380	1	0.5	151
	chrI	112402	0	0.5	65
	chrI	112426	1	1.5	151
	chrI	112441	1	1.0	92
	chrI	112446	1	0.5	151
	chrI	112469	1	0.5	65
	chrI	112478	1	0.5	151
	chrI	112484	0	0.5	142
	chrI	112484	0	0.5	146
	chrI	112484	0	0.5	151
	chrI	112484	0	0.5	69
	chrI	112500	1	0.5	119
	chrI	112500	1	1.0	121
	chrI	112517	1	0.5	151
	chrI	112521	0	0.5	68
	chrI	112532	0	0.5	151
	chrI	112543	0	0.5	132
	chrI	112555	1	0.5	69
	chrI	112576	0	0.5	66
	chrI	112591	1	0.5	68
	chrI	112625	1	0.5	142
	chrI	112626	0	0.5	151
	chrI	112629	1	0.5	146
	chrI	112641	0	0.5	151
	chrI	112642	1	0.5	66
	chrI	112644	0	0.5	151
	chrI	112648	1	0.5	151
	chrI	112672	0	0.5	151
	chrI	112674	1	0.5	132
	chrI	112719	0	0.5	151
	chrI	112723	0	0.5	47
	chrI	112723	0	0.5	49
	chrI	112728	0	0.5	151
	chrI	112731	0	0.5	151
	chrI	112747	0	1.0	79
	chrI	112749	0	0.5	91
	chrI	112763	0	0.5	105
	chrI	112767	0	0.5	151
	chrI	112771	1	0.5	47
	chrI	112771	1	0.5	49
	chrI	112782	1	0.5	151
	chrI	112790	0	0.5	151
	chrI	112796	0	0.5	139
	chrI	112796	0	1.0	151
	chrI	112813	1	0.5	151
	chrI	112819	0	1.0	90
	chrI	112822	1	0.5	151
	chrI	112826	1	1.0	79
	chrI	112832	0	0.5	137
	chrI	112841	1	0.5	91
	chrI	112869	1	0.5	105
	chrI	112870	0	1.0	151
	chrI	112903	1	0.5	151
	chrI	112904	1	0.5	151
	chrI	112909	1	1.0	90
	chrI	112926	0	0.5	151
	chrI	112934	1	0.5	139
	chrI	112935	1	0.5	151
	chrI	112938	0	1.0	151
	chrI	112939	0	0.5	141
	chrI	112940	0	0.5	151
	chrI	112945	1	1.0	151
	chrI	112946	0	1.0	151
	chrI	112948	0	0.5	139
	chrI	112958	1	1.0	151
	chrI	112959	0	1.0	127
	chrI	112960	0	0.5	148
	chrI	112960	0	0.5	151
	chrI	112964	1	0.5	151
	chrI	112968	1	0.5	137
	chrI	112976	0	1.0	151
	chrI	113013	0	0.5	59
	chrI	113028	0	0.5	151
	chrI	113036	1	0.5	151
	chrI	113071	0	0.5	49
	chrI	113071	1	0.5	59
	chrI	113079	1	0.5	141
	chrI	113086	1	0.5	139
	chrI	113086	1	1.0	127
	chrI	113089	0	1.0	134
	chrI	113089	0	0.5	137
	chrI	113093	0	0.5	151
	chrI	113097	1	1.0	151
	chrI	113100	1	0.5	151
	chrI	113106	1	0.5	151
	chrI	113107	1	0.5	148
	chrI	113107	1	0.5	151
	chrI	113108	0	1.0	151
	chrI	113109	0	0.5	151
	chrI	113110	0	0.5	151
	chrI	113116	0	0.5	151
	chrI	113121	1	0.5	49
	chrI	113129	1	0.5	151
	chrI	113130	1	1.0	151
	chrI	113148	1	0.5	151
	chrI	113174	0	0.5	122
	chrI	113176	0	0.5	89
	chrI	113185	0	1.0	94
	chrI	113195	0	0.5	107
	chrI	113213	0	0.5	60
	chrI	113222	1	1.0	134
	chrI	113225	1	0.5	137
	chrI	113233	0	1.0	151
	chrI	113236	0	0.5	116
	chrI	113236	0	0.5	117
	chrI	113249	1	0.5	151
	chrI	113250	0	0.5	151
	chrI	113255	1	0.5	151
	chrI	113263	1	0.5	151
	chrI	113266	1	0.5	89
	chrI	113273	0	1.5	151
	chrI	113273	1	1.5	151
	chrI	113274	0	4.0	151
	chrI	113274	0	0.5	52
	chrI	113274	1	0.5	60
	chrI	113276	1	0.5	151
	chrI	113277	0	1.0	151
	chrI	113279	1	1.0	94
	chrI	113298	1	0.5	122
	chrI	113301	0	0.5	99
	chrI	113305	1	0.5	107
	chrI	113328	1	0.5	52
	chrI	113329	0	0.5	150
	chrI	113338	0	0.5	68
	chrI	113340	0	0.5	151
	chrI	113340	0	1.0	103
	chrI	113353	1	0.5	116
	chrI	113353	1	0.5	117
	chrI	113380	0	1.0	151
	chrI	113400	0	0.5	144
	chrI	113401	1	0.5	99
	chrI	113402	0	0.5	110
	chrI	113408	1	0.5	68
	chrI	113412	1	1.0	151
	chrI	113413	0	0.5	95
	chrI	113414	0	0.5	96
	chrI	113415	0	0.5	151
	chrI	113415	0	0.5	112
	chrI	113420	0	0.5	151
	chrI	113425	1	0.5	151
	chrI	113426	0	1.0	91
	chrI	113426	0	0.5	101
	chrI	113431	1	1.0	151
	chrI	113432	0	0.5	41
	chrI	113432	0	0.5	102
	chrI	113432	0	0.5	114
	chrI	113441	0	0.5	67
	chrI	113441	0	0.5	82
	chrI	113443	1	2.0	151
	chrI	113445	0	0.5	69
	chrI	113445	0	0.5	77
	chrI	113445	1	4.0	151
	chrI	113445	1	1.0	103
	chrI	113446	0	0.5	45
	chrI	113446	0	0.5	62
	chrI	113446	0	0.5	69
	chrI	113446	0	0.5	83
	chrI	113446	0	0.5	87
	chrI	113446	0	0.5	127
	chrI	113447	0	1.0	57
	chrI	113447	0	1.0	59
	chrI	113447	0	0.5	68
	chrI	113447	0	0.5	70
	chrI	113447	0	0.5	78
	chrI	113447	0	1.0	79
	chrI	113447	0	0.5	105
	chrI	113447	0	0.5	125
	chrI	113447	0	0.5	126
	chrI	113452	0	0.5	129
	chrI	113474	1	0.5	41
	chrI	113475	0	0.5	118
	chrI	113489	0	0.5	110
	chrI	113491	0	1.0	106
	chrI	113492	1	0.5	45
	chrI	113493	1	0.5	151
	chrI	113494	0	0.5	80
	chrI	113501	0	0.5	89
	chrI	113505	1	1.0	57
	chrI	113506	0	0.5	46
	chrI	113509	1	0.5	151
	chrI	113509	1	1.0	59
	chrI	113509	1	0.5	62
	chrI	113509	1	0.5	67
	chrI	113509	1	0.5	95
	chrI	113511	1	0.5	96
	chrI	113512	1	0.5	110
	chrI	113517	1	1.0	69
	chrI	113518	1	0.5	151
	chrI	113518	1	0.5	68
	chrI	113518	1	0.5	70
	chrI	113518	1	1.0	91
	chrI	113525	1	0.5	77
	chrI	113525	1	0.5	82
	chrI	113526	1	0.5	78
	chrI	113528	1	0.5	101
	chrI	113529	1	1.0	79
	chrI	113530	1	0.5	83
	chrI	113530	1	0.5	112
	chrI	113535	0	0.5	130
	chrI	113535	0	1.5	127
	chrI	113536	0	0.5	134
	chrI	113536	0	0.5	151
	chrI	113536	1	0.5	87
	chrI	113536	1	0.5	102
	chrI	113543	1	0.5	144
	chrI	113543	1	1.0	151
	chrI	113547	1	0.5	114
	chrI	113555	1	0.5	48
	chrI	113555	1	0.5	105
	chrI	113572	0	0.5	67
	chrI	113576	1	0.5	80
	chrI	113576	1	0.5	125
	chrI	113576	1	0.5	126
	chrI	113576	1	0.5	127
	chrI	113578	0	1.5	148
	chrI	113580	1	0.5	129
	chrI	113580	1	0.5	151
	chrI	113591	0	0.5	135
	chrI	113591	1	0.5	89
	chrI	113592	0	1.0	61
	chrI	113594	1	0.5	118
	chrI	113595	0	0.5	151
	chrI	113597	1	1.0	106
	chrI	113598	0	0.5	106
	chrI	113598	0	1.5	108
	chrI	113598	0	0.5	115
	chrI	113598	0	0.5	117
	chrI	113599	1	0.5	110
	chrI	113607	0	1.5	151
	chrI	113628	0	0.5	66
	chrI	113628	0	0.5	95
	chrI	113641	1	0.5	67
	chrI	113647	0	0.5	151
	chrI	113647	1	0.5	151
	chrI	113654	1	1.0	61
	chrI	113664	1	0.5	130
	chrI	113664	1	1.5	127
	chrI	113667	0	1.0	151
	chrI	113669	1	0.5	134
	chrI	113670	0	0.5	151
	chrI	113694	0	0.5	101
	chrI	113698	1	0.5	66
	chrI	113707	1	0.5	106
	chrI	113707	1	1.5	108
	chrI	113714	1	0.5	115
	chrI	113714	1	0.5	117
	chrI	113724	1	0.5	95
	chrI	113725	1	0.5	135
	chrI	113725	1	1.5	148
	chrI	113725	1	0.5	151
	chrI	113726	0	0.5	100
	chrI	113791	0	0.5	126
	chrI	113791	0	0.5	127
	chrI	113795	1	0.5	101
	chrI	113825	0	0.5	91
	chrI	113827	1	1.5	151
	chrI	113827	1	0.5	100
	chrI	113829	1	0.5	151
	chrI	113832	0	0.5	82
	chrI	113835	0	1.0	151
	chrI	113836	0	0.5	151
	chrI	113838	0	0.5	48
	chrI	113838	0	0.5	51
	chrI	113839	1	1.5	151
	chrI	113840	0	0.5	151
	chrI	113849	0	0.5	151
	chrI	113856	0	0.5	151
	chrI	113866	0	0.5	151
	chrI	113869	0	0.5	151
	chrI	113873	0	0.5	151
	chrI	113876	1	0.5	150
	chrI	113885	0	0.5	151
	chrI	113889	1	0.5	48
	chrI	113889	1	0.5	51
	chrI	113900	0	0.5	45
	chrI	113911	0	1.5	78
	chrI	113912	1	0.5	77
	chrI	113917	1	0.5	91
	chrI	113919	1	0.5	126
	chrI	113919	1	0.5	127
	chrI	113947	0	0.5	141
	chrI	113947	1	0.5	45
	chrI	113948	0	0.5	97
	chrI	113991	1	1.5	78
	chrI	114006	1	0.5	144
	chrI	114006	1	0.5	145
	chrI	114011	0	0.5	150
	chrI	114011	1	1.0	149
	chrI	114013	1	0.5	151
	chrI	114014	0	1.0	151
	chrI	114014	0	0.5	115
	chrI	114014	0	0.5	122
	chrI	114019	1	0.5	151
	chrI	114031	1	0.5	150
	chrI	114035	0	0.5	135
	chrI	114036	0	1.0	132
	chrI	114036	0	0.5	102
	chrI	114045	1	0.5	97
	chrI	114051	0	0.5	132
	chrI	114055	1	0.5	151
	chrI	114056	1	0.5	151
	chrI	114057	0	1.0	137
	chrI	114069	0	0.5	98
	chrI	114070	1	0.5	151
	chrI	114082	0	0.5	70
	chrI	114082	0	0.5	71
	chrI	114087	1	0.5	141
	chrI	114101	0	0.5	151
	chrI	114101	0	0.5	81
	chrI	114102	0	0.5	77
	chrI	114133	1	0.5	115
	chrI	114137	1	0.5	102
	chrI	114137	1	0.5	122
	chrI	114138	0	0.5	151
	chrI	114153	1	0.5	70
	chrI	114153	1	0.5	71
	chrI	114160	1	0.5	150
	chrI	114167	1	1.0	132
	chrI	114169	1	0.5	135
	chrI	114169	1	0.5	98
	chrI	114178	0	0.5	151
	chrI	114180	1	0.5	77
	chrI	114182	0	1.0	132
	chrI	114182	1	0.5	132
	chrI	114183	1	0.5	81
	chrI	114192	0	1.0	72
	chrI	114193	1	1.0	137
	chrI	114193	1	0.5	151
	chrI	114222	0	0.5	151
	chrI	114223	0	0.5	151
	chrI	114240	0	0.5	51
	chrI	114256	0	0.5	126
	chrI	114257	0	0.5	116
	chrI	114267	1	1.0	72
	chrI	114286	0	0.5	151
	chrI	114288	1	0.5	151
	chrI	114292	1	0.5	51
	chrI	114295	0	0.5	151
	chrI	114313	1	1.0	132
	chrI	114341	0	0.5	84
	chrI	114341	0	0.5	87
	chrI	114348	0	1.0	92
	chrI	114374	1	0.5	116
	chrI	114375	0	0.5	110
	chrI	114375	0	0.5	111
	chrI	114375	1	0.5	67
	chrI	114378	0	1.0	113
	chrI	114383	1	0.5	126
	chrI	114408	1	0.5	151
	chrI	114417	1	0.5	151
	chrI	114422	0	0.5	75
	chrI	114424	0	0.5	148
	chrI	114429	1	0.5	84
	chrI	114429	1	0.5	87
	chrI	114442	1	1.0	92
	chrI	114456	1	0.5	151
	chrI	114486	1	0.5	110
	chrI	114486	1	0.5	111
	chrI	114493	1	1.0	113
	chrI	114494	0	0.5	151
	chrI	114494	1	0.5	151
	chrI	114498	0	0.5	151
	chrI	114498	1	0.5	75
	chrI	114507	1	0.5	151
	chrI	114508	0	1.0	151
	chrI	114515	0	0.5	151
	chrI	114529	0	0.5	151
	chrI	114533	0	1.5	87
	chrI	114537	0	0.5	151
	chrI	114571	1	0.5	148
	chrI	114621	1	1.5	87
	chrI	114630	1	0.5	151
	chrI	114632	0	0.5	98
	chrI	114632	0	0.5	116
	chrI	114633	0	1.0	111
	chrI	114636	0	0.5	151
	chrI	114638	0	0.5	92
	chrI	114639	0	0.5	140
	chrI	114640	0	0.5	102
	chrI	114640	0	0.5	110
	chrI	114640	0	0.5	111
	chrI	114642	0	1.0	151
	chrI	114642	0	1.0	91
	chrI	114647	0	0.5	72
	chrI	114652	0	0.5	95
	chrI	114667	0	0.5	128
	chrI	114667	0	0.5	130
	chrI	114667	0	1.0	149
	chrI	114670	1	0.5	151
	chrI	114677	1	0.5	151
	chrI	114678	0	0.5	50
	chrI	114680	1	1.5	151
	chrI	114682	0	0.5	59
	chrI	114683	0	0.5	143
	chrI	114683	0	0.5	144
	chrI	114683	0	0.5	65
	chrI	114683	0	0.5	81
	chrI	114683	0	0.5	82
	chrI	114683	0	0.5	106
	chrI	114687	0	1.5	151
	chrI	114687	0	0.5	43
	chrI	114687	0	0.5	55
	chrI	114687	0	0.5	57
	chrI	114687	0	0.5	107
	chrI	114692	0	0.5	90
	chrI	114693	1	0.5	151
	chrI	114694	0	0.5	71
	chrI	114707	0	1.0	151
	chrI	114720	1	0.5	72
	chrI	114721	1	0.5	151
	chrI	114731	1	0.5	43
	chrI	114731	1	0.5	92
	chrI	114731	1	0.5	98
	chrI	114732	0	0.5	42
	chrI	114737	1	1.0	91
	chrI	114742	1	0.5	59
	chrI	114743	0	0.5	124
	chrI	114743	1	0.5	55
	chrI	114743	1	0.5	102
	chrI	114744	0	0.5	151
	chrI	114746	1	0.5	57
	chrI	114746	1	1.0	111
	chrI	114747	0	0.5	151
	chrI	114747	1	0.5	65
	chrI	114749	1	0.5	95
	chrI	114749	1	0.5	116
	chrI	114751	1	0.5	110
	chrI	114751	1	0.5	111
	chrI	114753	0	1.0	151
	chrI	114756	0	1.5	151
	chrI	114756	0	0.5	56
	chrI	114756	0	0.5	57
	chrI	114758	0	0.5	150
	chrI	114764	1	0.5	81
	chrI	114764	1	0.5	82
	chrI	114766	1	0.5	71
	chrI	114775	1	0.5	42
	chrI	114778	1	0.5	140
	chrI	114780	0	0.5	126
	chrI	114783	0	0.5	151
	chrI	114783	1	0.5	90
	chrI	114784	0	0.5	151
	chrI	114790	1	0.5	106
	chrI	114796	1	0.5	128
	chrI	114796	1	0.5	130
	chrI	114796	1	0.5	107
	chrI	114815	1	1.0	149
	chrI	114815	1	0.5	150
	chrI	114815	1	0.5	56
	chrI	114815	1	0.5	57
	chrI	114816	1	0.5	151
	chrI	114825	1	0.5	143
	chrI	114826	0	0.5	151
	chrI	114826	1	0.5	144
	chrI	114827	0	1.0	124
	chrI	114863	0	0.5	111
	chrI	114863	1	0.5	151
	chrI	114867	1	0.5	124
	chrI	114870	1	0.5	151
	chrI	114872	0	0.5	135
	chrI	114891	0	0.5	113
	chrI	114907	1	0.5	150
	chrI	114907	1	2.0	151
	chrI	114907	1	0.5	126
	chrI	114909	1	0.5	151
	chrI	114919	1	1.0	151
	chrI	114932	1	0.5	151
	chrI	114933	1	0.5	151
	chrI	114937	0	0.5	151
	chrI	114939	1	0.5	151
	chrI	114946	1	1.0	151
	chrI	114952	1	1.0	124
	chrI	114953	1	0.5	151
	chrI	114954	0	0.5	45
	chrI	114954	1	0.5	151
	chrI	114964	0	0.5	106
	chrI	114969	0	0.5	151
	chrI	114976	1	0.5	111
	chrI	115002	1	0.5	45
	chrI	115006	0	1.5	151
	chrI	115006	1	0.5	135
	chrI	115006	1	0.5	113
	chrI	115008	0	0.5	151
	chrI	115036	0	0.5	151
	chrI	115051	1	0.5	151
	chrI	115059	0	0.5	151
	chrI	115064	0	0.5	151
	chrI	115072	1	0.5	106
	chrI	115087	0	0.5	151
	chrI	115093	0	0.5	125
	chrI	115100	1	0.5	151
	chrI	115105	0	1.0	138
	chrI	115109	0	0.5	134
	chrI	115117	0	1.0	79
	chrI	115122	0	0.5	151
	chrI	115158	1	0.5	151
	chrI	115159	0	0.5	151
	chrI	115167	0	0.5	66
	chrI	115171	1	1.5	151
	chrI	115173	1	0.5	151
	chrI	115191	0	0.5	151
	chrI	115198	1	1.0	79
	chrI	115212	1	0.5	151
	chrI	115216	1	0.5	151
	chrI	115218	1	0.5	151
	chrI	115220	1	0.5	125
	chrI	115236	1	0.5	66
	chrI	115242	1	0.5	134
	chrI	115242	1	1.0	138
	chrI	115245	0	1.5	90
	chrI	115251	0	0.5	115
	chrI	115259	1	0.5	151
	chrI	115260	0	1.0	151
	chrI	115276	0	1.0	151
	chrI	115291	0	0.5	83
	chrI	115297	1	0.5	151
	chrI	115303	0	2.0	111
	chrI	115308	0	0.5	131
	chrI	115320	0	0.5	116
	chrI	115336	1	1.5	90
	chrI	115347	0	0.5	151
	chrI	115365	0	0.5	93
	chrI	115367	1	0.5	115
	chrI	115370	1	0.5	151
	chrI	115374	1	0.5	83
	chrI	115380	1	0.5	151
	chrI	115410	0	1.0	48
	chrI	115414	1	2.0	111
	chrI	115417	1	0.5	151
	chrI	115419	0	0.5	151
	chrI	115431	0	1.0	151
	chrI	115431	1	1.0	151
	chrI	115436	1	0.5	151
	chrI	115437	1	0.5	116
	chrI	115438	1	0.5	131
	chrI	115439	0	0.5	151
	chrI	115444	0	0.5	151
	chrI	115456	0	1.0	151
	chrI	115459	1	0.5	93
	chrI	115466	0	0.5	151
	chrI	115466	1	1.0	48
	chrI	115472	0	1.0	151
	chrI	115472	0	0.5	95
	chrI	115497	0	0.5	151
	chrI	115516	0	0.5	126
	chrI	115525	0	0.5	49
	chrI	115534	0	0.5	151
	chrI	115534	1	0.5	151
	chrI	115567	1	0.5	95
	chrI	115574	1	0.5	49
	chrI	115585	1	0.5	151
	chrI	115586	0	0.5	102
	chrI	115586	0	0.5	103
	chrI	115586	0	0.5	104
	chrI	115606	0	0.5	151
	chrI	115606	1	1.0	151
	chrI	115607	0	0.5	151
	chrI	115607	1	0.5	151
	chrI	115614	0	0.5	147
	chrI	115615	1	1.0	151
	chrI	115617	1	0.5	151
	chrI	115618	0	0.5	151
	chrI	115628	1	0.5	151
	chrI	115629	0	0.5	129
	chrI	115632	0	0.5	103
	chrI	115642	1	0.5	151
	chrI	115643	1	0.5	126
	chrI	115645	0	0.5	106
	chrI	115652	1	0.5	151
	chrI	115659	1	0.5	151
	chrI	115682	0	1.0	151
	chrI	115689	1	0.5	102
	chrI	115689	1	0.5	103
	chrI	115689	1	0.5	104
	chrI	115695	0	0.5	151
	chrI	115712	0	0.5	151
	chrI	115736	1	0.5	103
	chrI	115750	1	0.5	106
	chrI	115756	0	0.5	112
	chrI	115757	1	0.5	129
	chrI	115759	0	0.5	90
	chrI	115760	1	0.5	147
	chrI	115770	0	1.5	134
	chrI	115770	0	0.5	112
	chrI	115770	0	0.5	113
	chrI	115776	1	0.5	151
	chrI	115778	1	0.5	151
	chrI	115781	1	0.5	151
	chrI	115832	1	1.0	151
	chrI	115835	0	1.5	89
	chrI	115840	0	0.5	102
	chrI	115850	1	0.5	151
	chrI	115850	1	0.5	90
	chrI	115855	0	0.5	151
	chrI	115871	1	0.5	112
	chrI	115878	0	0.5	119
	chrI	115880	0	0.5	93
	chrI	115881	0	1.0	151
	chrI	115884	0	0.5	133
	chrI	115884	1	0.5	112
	chrI	115884	1	0.5	113
	chrI	115893	0	0.5	109
	chrI	115903	0	0.5	80
	chrI	115903	0	1.0	112
	chrI	115903	1	1.5	134
	chrI	115904	0	0.5	144
	chrI	115907	0	0.5	151
	chrI	115915	0	0.5	123
	chrI	115920	0	0.5	92
	chrI	115925	1	1.5	89
	chrI	115943	1	0.5	102
	chrI	115950	0	1.0	97
	chrI	115955	1	0.5	151
	chrI	115965	1	0.5	151
	chrI	115972	0	0.5	65
	chrI	115974	1	0.5	93
	chrI	115983	0	1.0	151
	chrI	115983	1	0.5	80
	chrI	115986	0	0.5	151
	chrI	115989	0	0.5	76
	chrI	115998	1	0.5	119
	chrI	115999	0	0.5	150
	chrI	116001	0	1.5	151
	chrI	116001	1	0.5	109
	chrI	116012	1	0.5	151
	chrI	116013	1	0.5	92
	chrI	116016	1	0.5	133
	chrI	116016	1	1.0	112
	chrI	116020	0	0.5	151
	chrI	116039	1	0.5	123
	chrI	116040	1	0.5	65
	chrI	116041	1	1.0	151
	chrI	116047	1	0.5	144
	chrI	116048	1	1.0	97
	chrI	116058	0	0.5	54
	chrI	116061	0	1.5	151
	chrI	116067	0	1.0	109
	chrI	116067	1	0.5	76
	chrI	116075	0	1.0	143
	chrI	116080	0	0.5	151
	chrI	116113	1	0.5	54
	chrI	116133	0	0.5	84
	chrI	116152	1	1.0	151
	chrI	116166	1	2.0	151
	chrI	116176	1	1.0	109
	chrI	116182	0	2.0	151
	chrI	116185	0	0.5	151
	chrI	116189	0	0.5	151
	chrI	116191	0	1.0	77
	chrI	116210	0	0.5	151
	chrI	116217	1	1.0	143
	chrI	116218	1	0.5	84
	chrI	116219	1	0.5	151
	chrI	116234	0	0.5	86
	chrI	116234	0	0.5	110
	chrI	116238	0	0.5	60
	chrI	116239	1	0.5	151
	chrI	116245	1	0.5	151
	chrI	116269	0	0.5	151
	chrI	116269	1	1.0	77
	chrI	116280	0	1.5	144
	chrI	116300	0	0.5	135
	chrI	116300	1	0.5	151
	chrI	116301	1	0.5	60
	chrI	116312	0	0.5	151
	chrI	116320	1	0.5	86
	chrI	116340	1	0.5	151
	chrI	116341	1	0.5	151
	chrI	116346	0	1.0	151
	chrI	116346	1	0.5	110
	chrI	116351	0	0.5	94
	chrI	116370	0	0.5	85
	chrI	116370	1	0.5	151
	chrI	116372	1	0.5	151
	chrI	116404	0	0.5	151
	chrI	116423	1	1.5	144
	chrI	116431	1	0.5	151
	chrI	116433	0	0.5	133
	chrI	116434	1	0.5	135
	chrI	116436	0	0.5	151
	chrI	116445	0	0.5	132
	chrI	116445	1	0.5	94
	chrI	116454	0	0.5	151
	chrI	116458	1	0.5	85
	chrI	116502	1	1.0	151
	chrI	116506	1	1.5	151
	chrI	116532	0	1.0	151
	chrI	116536	0	0.5	82
	chrI	116551	0	0.5	151
	chrI	116554	0	1.0	74
	chrI	116554	0	0.5	75
	chrI	116565	1	0.5	133
	chrI	116567	0	0.5	151
	chrI	116571	1	0.5	151
	chrI	116574	0	0.5	151
	chrI	116576	1	0.5	132
	chrI	116592	1	1.5	151
	chrI	116595	1	0.5	151
	chrI	116602	1	0.5	151
	chrI	116619	1	0.5	82
	chrI	116624	1	0.5	151
	chrI	116629	1	1.0	74
	chrI	116629	1	0.5	75
	chrI	116634	0	0.5	128
	chrI	116634	0	0.5	151
	chrI	116669	0	0.5	81
	chrI	116677	0	0.5	149
	chrI	116677	0	1.0	39
	chrI	116678	0	1.0	151
	chrI	116678	0	0.5	45
	chrI	116682	0	0.5	151
	chrI	116697	0	0.5	93
	chrI	116701	0	0.5	97
	chrI	116702	1	0.5	151
	chrI	116703	0	0.5	81
	chrI	116703	0	0.5	121
	chrI	116713	1	1.0	151
	chrI	116720	1	1.0	39
	chrI	116721	0	0.5	147
	chrI	116721	0	0.5	151
	chrI	116724	1	0.5	45
	chrI	116725	1	0.5	151
	chrI	116732	1	0.5	151
	chrI	116743	0	0.5	106
	chrI	116743	0	0.5	113
	chrI	116751	0	0.5	54
	chrI	116752	1	0.5	81
	chrI	116754	0	0.5	69
	chrI	116762	1	0.5	128
	chrI	116770	0	1.5	111
	chrI	116770	0	0.5	112
	chrI	116779	0	1.0	86
	chrI	116785	1	0.5	81
	chrI	116791	1	0.5	93
	chrI	116799	1	0.5	97
	chrI	116807	0	1.0	64
	chrI	116808	1	0.5	54
	chrI	116825	1	0.5	149
	chrI	116826	0	1.0	150
	chrI	116826	1	0.5	69
	chrI	116826	1	0.5	121
	chrI	116832	0	1.0	151
	chrI	116833	1	0.5	151
	chrI	116845	1	0.5	151
	chrI	116855	1	0.5	106
	chrI	116855	1	0.5	113
	chrI	116856	1	0.5	151
	chrI	116865	1	1.0	86
	chrI	116869	1	0.5	149
	chrI	116870	0	1.0	151
	chrI	116871	1	1.0	64
	chrI	116872	1	0.5	151
	chrI	116874	0	0.5	151
	chrI	116877	0	0.5	121
	chrI	116882	1	1.5	111
	chrI	116882	1	0.5	112
	chrI	116886	0	1.0	151
	chrI	116889	0	0.5	135
	chrI	116890	0	0.5	111
	chrI	116899	1	0.5	151
	chrI	116917	0	1.0	112
	chrI	116975	1	1.0	150
	chrI	116979	0	0.5	95
	chrI	116999	1	0.5	121
	chrI	117003	1	0.5	111
	chrI	117010	0	0.5	79
	chrI	117016	0	1.0	151
	chrI	117023	0	0.5	118
	chrI	117023	0	0.5	119
	chrI	117023	1	0.5	135
	chrI	117024	0	0.5	151
	chrI	117026	0	0.5	151
	chrI	117029	1	1.0	112
	chrI	117032	0	1.0	67
	chrI	117035	1	1.0	151
	chrI	117036	1	1.0	151
	chrI	117054	1	0.5	151
	chrI	117057	0	0.5	151
	chrI	117066	1	1.0	151
	chrI	117071	0	0.5	151
	chrI	117075	1	0.5	95
	chrI	117089	1	0.5	79
	chrI	117101	1	1.0	67
	chrI	117109	0	0.5	151
	chrI	117122	0	0.5	151
	chrI	117123	0	0.5	101
	chrI	117136	0	1.0	145
	chrI	117142	1	0.5	118
	chrI	117142	1	0.5	119
	chrI	117145	0	0.5	151
	chrI	117164	0	1.0	60
	chrI	117184	1	0.5	151
	chrI	117188	0	0.5	151
	chrI	117190	1	0.5	151
	chrI	117202	1	1.0	151
	chrI	117203	0	1.0	151
	chrI	117213	0	0.5	82
	chrI	117224	1	1.0	60
	chrI	117226	1	0.5	101
	chrI	117227	0	0.5	151
	chrI	117234	0	0.5	142
	chrI	117240	1	0.5	151
	chrI	117241	0	0.5	151
	chrI	117254	0	0.5	135
	chrI	117260	1	0.5	151
	chrI	117264	0	0.5	133
	chrI	117270	0	0.5	151
	chrI	117278	1	0.5	151
	chrI	117279	0	1.0	151
	chrI	117280	1	1.0	145
	chrI	117282	1	0.5	151
	chrI	117290	0	0.5	151
	chrI	117291	0	1.0	34
	chrI	117296	1	0.5	82
	chrI	117310	0	0.5	82
	chrI	117324	1	0.5	151
	chrI	117326	0	0.5	151
	chrI	117326	1	1.0	34
	chrI	117344	0	1.0	47
	chrI	117365	1	0.5	151
	chrI	117366	1	1.0	151
	chrI	117375	1	0.5	142
	chrI	117376	0	0.5	151
	chrI	117388	1	0.5	135
	chrI	117392	1	1.0	47
	chrI	117393	1	0.5	82
	chrI	117395	1	0.5	151
	chrI	117396	1	0.5	133
	chrI	117408	0	0.5	151
	chrI	117408	0	0.5	58
	chrI	117411	1	0.5	151
	chrI	117420	0	0.5	122
	chrI	117434	1	0.5	151
	chrI	117438	0	0.5	96
	chrI	117451	1	0.5	151
	chrI	117461	0	0.5	106
	chrI	117462	0	1.0	104
	chrI	117468	0	0.5	60
	chrI	117469	1	0.5	58
	chrI	117490	1	0.5	151
	chrI	117529	1	0.5	60
	chrI	117534	1	0.5	96
	chrI	117544	1	0.5	151
	chrI	117545	1	0.5	122
	chrI	117546	1	1.0	151
	chrI	117564	1	0.5	151
	chrI	117567	1	1.0	104
	chrI	117571	1	0.5	106
	chrI	117572	0	1.0	151
	chrI	117576	0	1.0	151
	chrI	117582	0	0.5	69
	chrI	117585	0	0.5	55
	chrI	117592	0	0.5	50
	chrI	117592	0	0.5	60
	chrI	117609	0	0.5	40
	chrI	117610	0	0.5	127
	chrI	117611	0	1.5	151
	chrI	117640	0	0.5	151
	chrI	117642	1	0.5	55
	chrI	117643	1	0.5	50
	chrI	117651	1	0.5	40
	chrI	117651	1	0.5	60
	chrI	117652	1	0.5	69
	chrI	117673	0	0.5	151
	chrI	117673	0	0.5	74
	chrI	117700	0	0.5	151
	chrI	117716	0	0.5	96
	chrI	117726	1	0.5	151
	chrI	117727	0	0.5	42
	chrI	117727	1	0.5	151
	chrI	117728	1	1.0	151
	chrI	117737	1	0.5	127
	chrI	117748	1	0.5	74
	chrI	117759	0	0.5	151
	chrI	117769	1	1.0	151
	chrI	117770	1	0.5	151
	chrI	117770	1	0.5	42
	chrI	117771	0	0.5	115
	chrI	117772	0	0.5	106
	chrI	117779	0	0.5	151
	chrI	117788	0	0.5	95
	chrI	117797	0	0.5	85
	chrI	117802	1	0.5	151
	chrI	117804	0	0.5	151
	chrI	117814	1	0.5	96
	chrI	117821	0	0.5	151
	chrI	117824	0	0.5	151
	chrI	117838	1	0.5	151
	chrI	117857	1	0.5	151
	chrI	117874	0	0.5	120
	chrI	117879	1	0.5	106
	chrI	117884	1	0.5	95
	chrI	117887	1	0.5	85
	chrI	117889	1	0.5	115
	chrI	117890	0	0.5	151
	chrI	117892	0	0.5	151
	chrI	117893	0	0.5	128
	chrI	117905	0	0.5	151
	chrI	117906	0	1.0	151
	chrI	117935	1	1.0	151
	chrI	117941	0	2.0	151
	chrI	117943	0	0.5	151
	chrI	117945	0	0.5	151
	chrI	117949	0	0.5	151
	chrI	117955	0	0.5	151
	chrI	117956	0	0.5	151
	chrI	117956	1	0.5	151
	chrI	117964	0	0.5	150
	chrI	117965	0	0.5	137
	chrI	117972	0	0.5	136
	chrI	117972	0	0.5	151
	chrI	117979	0	0.5	151
	chrI	117986	0	0.5	51
	chrI	117986	1	0.5	151
	chrI	117994	1	0.5	120
	chrI	118021	0	0.5	117
	chrI	118023	1	0.5	128
	chrI	118036	1	0.5	151
	chrI	118038	1	0.5	51
	chrI	118043	0	1.0	151
	chrI	118059	0	0.5	146
	chrI	118065	1	0.5	151
	chrI	118082	1	0.5	147
	chrI	118086	1	0.5	151
	chrI	118090	1	0.5	151
	chrI	118099	0	0.5	151
	chrI	118101	1	0.5	137
	chrI	118101	1	0.5	151
	chrI	118107	1	0.5	136
	chrI	118113	1	0.5	150
	chrI	118113	1	2.0	151
	chrI	118115	0	0.5	151
	chrI	118123	1	1.0	151
	chrI	118124	0	0.5	135
	chrI	118126	0	0.5	151
	chrI	118126	0	0.5	118
	chrI	118132	1	0.5	151
	chrI	118134	1	0.5	151
	chrI	118137	1	0.5	117
	chrI	118144	1	0.5	151
	chrI	118145	1	0.5	151
	chrI	118154	0	1.0	151
	chrI	118154	1	0.5	151
	chrI	118155	0	1.0	151
	chrI	118157	0	1.0	151
	chrI	118166	0	1.0	113
	chrI	118197	0	0.5	38
	chrI	118197	0	0.5	39
	chrI	118204	1	0.5	146
	chrI	118206	0	0.5	151
	chrI	118206	1	1.0	151
	chrI	118208	0	1.5	151
	chrI	118209	0	0.5	99
	chrI	118210	0	1.0	151
	chrI	118237	0	0.5	135
	chrI	118239	1	0.5	38
	chrI	118239	1	0.5	39
	chrI	118246	1	0.5	118
	chrI	118251	0	0.5	151
	chrI	118252	0	0.5	107
	chrI	118254	0	0.5	151
	chrI	118258	0	2.5	151
	chrI	118258	1	0.5	135
	chrI	118259	0	0.5	151
	chrI	118260	0	0.5	151
	chrI	118268	1	0.5	151
	chrI	118270	0	0.5	151
	chrI	118277	0	1.0	151
	chrI	118278	0	1.0	97
	chrI	118279	1	1.0	113
	chrI	118295	1	0.5	151
	chrI	118306	1	0.5	151
	chrI	118310	1	1.0	151
	chrI	118310	1	0.5	99
	chrI	118319	0	1.0	150
	chrI	118320	0	0.5	151
	chrI	118327	0	1.5	151
	chrI	118329	0	1.0	151
	chrI	118340	1	0.5	151
	chrI	118341	1	0.5	151
	chrI	118343	1	1.0	151
	chrI	118344	0	1.0	148
	chrI	118344	0	0.5	72
	chrI	118344	0	0.5	124
	chrI	118349	0	0.5	151
	chrI	118361	1	0.5	107
	chrI	118368	1	1.5	151
	chrI	118371	1	0.5	135
	chrI	118375	1	0.5	151
	chrI	118377	0	0.5	97
	chrI	118377	0	0.5	113
	chrI	118378	1	1.0	97
	chrI	118379	0	1.0	95
	chrI	118381	0	0.5	139
	chrI	118405	0	0.5	151
	chrI	118414	0	0.5	113
	chrI	118416	0	0.5	58
	chrI	118418	0	1.0	151
	chrI	118420	1	0.5	72
	chrI	118422	1	0.5	151
	chrI	118423	1	0.5	151
	chrI	118425	0	1.0	151
	chrI	118425	1	1.5	151
	chrI	118428	1	0.5	151
	chrI	118430	1	2.5	151
	chrI	118431	0	0.5	151
	chrI	118447	0	0.5	151
	chrI	118456	0	0.5	151
	chrI	118464	0	0.5	151
	chrI	118467	0	0.5	86
	chrI	118468	1	1.0	150
	chrI	118472	1	0.5	151
	chrI	118472	1	0.5	124
	chrI	118473	1	0.5	151
	chrI	118475	1	0.5	58
	chrI	118475	1	1.0	95
	chrI	118475	1	0.5	97
	chrI	118477	1	1.0	151
	chrI	118479	0	1.0	146
	chrI	118480	0	0.5	137
	chrI	118483	1	1.0	151
	chrI	118484	0	1.5	151
	chrI	118487	0	0.5	138
	chrI	118491	1	1.0	148
	chrI	118491	1	0.5	113
	chrI	118493	1	1.0	151
	chrI	118494	0	0.5	151
	chrI	118495	0	0.5	150
	chrI	118496	0	1.0	151
	chrI	118498	0	1.0	61
	chrI	118501	1	0.5	151
	chrI	118502	0	0.5	151
	chrI	118502	0	0.5	53
	chrI	118507	1	0.5	151
	chrI	118519	1	0.5	139
	chrI	118529	1	0.5	113
	chrI	118548	0	0.5	106
	chrI	118554	1	0.5	86
	chrI	118557	1	0.5	53
	chrI	118561	1	1.0	61
	chrI	118581	0	1.0	87
	chrI	118584	0	0.5	151
	chrI	118597	1	0.5	151
	chrI	118606	1	2.0	151
	chrI	118608	0	0.5	53
	chrI	118608	0	0.5	54
	chrI	118615	0	0.5	140
	chrI	118616	1	0.5	137
	chrI	118624	1	0.5	138
	chrI	118624	1	1.0	146
	chrI	118624	1	0.5	151
	chrI	118627	0	0.5	53
	chrI	118627	1	1.0	151
	chrI	118631	1	0.5	151
	chrI	118633	0	1.5	151
	chrI	118639	0	1.5	69
	chrI	118644	0	1.0	151
	chrI	118644	1	0.5	150
	chrI	118645	0	1.0	151
	chrI	118645	1	1.5	151
	chrI	118654	1	1.0	151
	chrI	118654	1	0.5	106
	chrI	118661	0	0.5	49
	chrI	118661	1	0.5	53
	chrI	118661	1	0.5	54
	chrI	118665	0	0.5	151
	chrI	118666	0	0.5	151
	chrI	118669	1	1.0	87
	chrI	118671	1	0.5	151
	chrI	118672	1	0.5	151
	chrI	118675	0	0.5	78
	chrI	118678	0	0.5	151
	chrI	118678	0	0.5	96
	chrI	118681	1	0.5	53
	chrI	118684	0	0.5	151
	chrI	118691	0	0.5	97
	chrI	118698	0	0.5	92
	chrI	118708	1	1.5	69
	chrI	118711	1	0.5	49
	chrI	118727	0	1.0	118
	chrI	118731	0	0.5	151
	chrI	118754	1	0.5	140
	chrI	118754	1	0.5	78
	chrI	118767	0	0.5	143
	chrI	118774	1	0.5	96
	chrI	118785	0	1.0	151
	chrI	118789	1	0.5	97
	chrI	118790	0	2.5	151
	chrI	118792	1	0.5	92
	chrI	118793	0	0.5	54
	chrI	118797	0	0.5	48
	chrI	118799	1	2.5	151
	chrI	118806	1	0.5	151
	chrI	118811	0	1.0	151
	chrI	118811	1	1.0	151
	chrI	118812	0	0.5	151
	chrI	118816	1	0.5	151
	chrI	118834	1	0.5	151
	chrI	118838	0	0.5	151
	chrI	118846	1	0.5	48
	chrI	118847	1	0.5	54
	chrI	118847	1	1.0	118
	chrI	118857	1	0.5	151
	chrI	118858	0	0.5	108
	chrI	118858	1	0.5	150
	chrI	118871	0	0.5	151
	chrI	118872	0	0.5	151
	chrI	118876	0	0.5	108
	chrI	118876	0	0.5	110
	chrI	118880	0	0.5	111
	chrI	118893	0	0.5	151
	chrI	118894	0	0.5	94
	chrI	118906	0	0.5	135
	chrI	118909	1	0.5	143
	chrI	118935	1	1.0	151
	chrI	118961	1	0.5	151
	chrI	118962	1	0.5	151
	chrI	118965	0	0.5	138
	chrI	118965	0	1.0	151
	chrI	118967	1	0.5	108
	chrI	118971	1	1.5	151
	chrI	118982	0	0.5	151
	chrI	118985	1	0.5	108
	chrI	118985	1	0.5	110
	chrI	118990	1	2.0	151
	chrI	118990	1	0.5	94
	chrI	118991	0	0.5	151
	chrI	118992	1	0.5	151
	chrI	118992	1	0.5	111
	chrI	118993	0	3.5	151
	chrI	119008	0	0.5	151
	chrI	119012	0	0.5	147
	chrI	119021	0	0.5	151
	chrI	119036	0	0.5	55
	chrI	119038	1	0.5	151
	chrI	119039	0	1.5	151
	chrI	119040	1	0.5	135
	chrI	119041	0	1.0	151
	chrI	119044	1	0.5	151
	chrI	119051	0	1.0	51
	chrI	119058	0	0.5	150
	chrI	119067	1	0.5	151
	chrI	119079	0	0.5	151
	chrI	119091	1	0.5	55
	chrI	119102	1	0.5	138
	chrI	119102	1	1.0	51
	chrI	119113	0	0.5	77
	chrI	119146	0	0.5	135
	chrI	119148	0	0.5	151
	chrI	119152	1	0.5	151
	chrI	119153	0	0.5	109
	chrI	119154	0	0.5	151
	chrI	119158	1	0.5	147
	chrI	119158	1	2.5	151
	chrI	119159	1	0.5	151
	chrI	119160	0	0.5	151
	chrI	119160	1	1.0	151
	chrI	119161	0	1.5	151
	chrI	119161	1	0.5	151
	chrI	119173	0	0.5	151
	chrI	119173	1	0.5	151
	chrI	119182	0	1.0	151
	chrI	119185	0	0.5	131
	chrI	119191	1	0.5	77
	chrI	119192	1	1.5	151
	chrI	119193	1	1.0	151
	chrI	119194	0	1.0	151
	chrI	119214	0	0.5	151
	chrI	119224	1	0.5	151
	chrI	119226	1	0.5	151
	chrI	119243	1	0.5	151
	chrI	119264	1	0.5	109
	chrI	119272	0	0.5	62
	chrI	119280	1	0.5	135
	chrI	119300	0	0.5	100
	chrI	119303	0	1.5	151
	chrI	119303	1	0.5	151
	chrI	119305	1	0.5	151
	chrI	119315	1	0.5	131
	chrI	119324	1	0.5	151
	chrI	119332	0	1.0	151
	chrI	119332	0	0.5	122
	chrI	119335	1	0.5	62
	chrI	119341	1	0.5	151
	chrI	119344	1	0.5	151
	chrI	119346	1	2.0	151
	chrI	119347	0	0.5	146
	chrI	119347	0	1.0	151
	chrI	119350	1	1.0	151
	chrI	119351	0	0.5	101
	chrI	119353	1	0.5	151
	chrI	119355	0	0.5	151
	chrI	119357	0	0.5	151
	chrI	119364	0	0.5	143
	chrI	119368	0	0.5	94
	chrI	119369	0	0.5	128
	chrI	119375	1	0.5	151
	chrI	119378	0	0.5	36
	chrI	119390	0	0.5	135
	chrI	119401	1	0.5	100
	chrI	119402	0	1.0	151
	chrI	119403	0	0.5	151
	chrI	119415	0	0.5	141
	chrI	119415	1	0.5	36
	chrI	119417	0	0.5	104
	chrI	119435	0	1.0	62
	chrI	119439	0	0.5	137
	chrI	119453	1	0.5	101
	chrI	119456	1	0.5	122
	chrI	119463	1	0.5	94
	chrI	119492	1	0.5	146
	chrI	119498	1	0.5	128
	chrI	119498	1	1.0	62
	chrI	119506	1	0.5	143
	chrI	119506	1	1.5	151
	chrI	119507	0	1.0	151
	chrI	119508	0	1.0	151
	chrI	119509	0	0.5	151
	chrI	119520	1	0.5	150
	chrI	119521	1	2.0	151
	chrI	119522	0	2.0	151
	chrI	119522	1	0.5	104
	chrI	119523	0	0.5	139
	chrI	119523	0	1.0	151
	chrI	119523	0	0.5	60
	chrI	119524	0	2.0	134
	chrI	119524	0	0.5	151
	chrI	119524	1	0.5	135
	chrI	119527	0	1.5	134
	chrI	119532	0	1.0	151
	chrI	119532	1	0.5	151
	chrI	119533	0	1.0	151
	chrI	119534	0	0.5	142
	chrI	119539	0	0.5	132
	chrI	119543	0	0.5	124
	chrI	119555	1	0.5	141
	chrI	119555	1	0.5	151
	chrI	119566	0	0.5	79
	chrI	119575	1	0.5	137
	chrI	119584	1	0.5	60
	chrI	119590	1	1.0	151
	chrI	119647	1	0.5	79
	chrI	119657	1	2.0	134
	chrI	119658	1	0.5	151
	chrI	119660	1	1.5	134
	chrI	119661	1	0.5	139
	chrI	119665	0	0.5	134
	chrI	119665	0	1.0	151
	chrI	119667	0	0.5	122
	chrI	119667	1	0.5	124
	chrI	119669	0	0.5	127
	chrI	119670	1	0.5	132
	chrI	119674	0	0.5	103
	chrI	119674	0	0.5	105
	chrI	119674	1	0.5	151
	chrI	119675	1	0.5	142
	chrI	119676	0	0.5	77
	chrI	119676	0	0.5	121
	chrI	119677	0	1.0	141
	chrI	119682	0	0.5	136
	chrI	119682	0	0.5	149
	chrI	119682	1	1.0	151
	chrI	119683	0	0.5	57
	chrI	119684	0	0.5	94
	chrI	119687	1	2.0	151
	chrI	119688	1	1.0	151
	chrI	119689	0	0.5	123
	chrI	119689	0	0.5	127
	chrI	119689	1	0.5	151
	chrI	119691	0	0.5	110
	chrI	119694	1	0.5	151
	chrI	119695	0	1.5	138
	chrI	119695	0	0.5	149
	chrI	119695	0	0.5	101
	chrI	119695	0	1.0	114
	chrI	119696	0	0.5	128
	chrI	119696	0	0.5	138
	chrI	119696	0	0.5	103
	chrI	119696	0	0.5	127
	chrI	119698	1	1.0	151
	chrI	119699	0	0.5	107
	chrI	119699	0	0.5	117
	chrI	119699	1	1.0	151
	chrI	119701	0	1.5	81
	chrI	119702	0	0.5	81
	chrI	119702	0	0.5	99
	chrI	119704	0	0.5	73
	chrI	119705	0	0.5	52
	chrI	119705	0	0.5	68
	chrI	119705	0	0.5	112
	chrI	119705	0	0.5	113
	chrI	119709	0	0.5	68
	chrI	119709	0	0.5	100
	chrI	119718	0	0.5	91
	chrI	119720	0	0.5	95
	chrI	119720	0	0.5	110
	chrI	119724	0	0.5	91
	chrI	119735	0	0.5	93
	chrI	119736	0	1.0	151
	chrI	119739	0	0.5	151
	chrI	119739	0	1.0	51
	chrI	119739	0	0.5	54
	chrI	119741	0	0.5	74
	chrI	119741	0	1.0	76
	chrI	119741	1	0.5	57
	chrI	119758	1	0.5	77
	chrI	119759	1	0.5	52
	chrI	119761	0	0.5	70
	chrI	119772	0	0.5	60
	chrI	119773	1	0.5	68
	chrI	119777	1	0.5	68
	chrI	119777	1	0.5	73
	chrI	119779	1	0.5	94
	chrI	119780	1	0.5	103
	chrI	119780	1	0.5	105
	chrI	119782	0	0.5	151
	chrI	119782	1	1.5	81
	chrI	119784	1	0.5	81
	chrI	119788	0	0.5	128
	chrI	119788	1	0.5	122
	chrI	119791	1	1.0	51
	chrI	119794	1	0.5	54
	chrI	119797	0	1.0	74
	chrI	119798	0	1.5	151
	chrI	119798	1	0.5	134
	chrI	119798	1	0.5	101
	chrI	119798	1	0.5	127
	chrI	119799	1	0.5	121
	chrI	119802	0	0.5	150
	chrI	119802	1	0.5	99
	chrI	119802	1	0.5	103
	chrI	119803	1	0.5	111
	chrI	119806	0	1.5	151
	chrI	119807	1	0.5	107
	chrI	119808	1	0.5	100
	chrI	119810	1	0.5	91
	chrI	119810	1	1.0	114
	chrI	119811	0	0.5	151
	chrI	119813	1	0.5	123
	chrI	119817	1	0.5	136
	chrI	119817	1	1.0	141
	chrI	119817	1	1.0	151
	chrI	119817	1	0.5	74
	chrI	119817	1	0.5	91
	chrI	119817	1	0.5	95
	chrI	119817	1	0.5	112
	chrI	119817	1	0.5	117
	chrI	119817	1	0.5	127
	chrI	119818	1	1.0	76
	chrI	119818	1	0.5	113
	chrI	119819	0	3.5	151
	chrI	119826	1	0.5	128
	chrI	119826	1	0.5	127
	chrI	119828	1	0.5	93
	chrI	119830	0	0.5	151
	chrI	119830	1	0.5	149
	chrI	119830	1	0.5	110
	chrI	119832	1	1.5	138
	chrI	119832	1	0.5	70
	chrI	119833	0	2.5	151
	chrI	119833	1	0.5	138
	chrI	119834	1	0.5	60
	chrI	119838	0	0.5	60
	chrI	119839	0	0.5	133
	chrI	119839	0	0.5	151
	chrI	119843	1	0.5	149
	chrI	119850	0	0.5	151
	chrI	119850	0	0.5	124
	chrI	119865	0	1.5	146
	chrI	119871	1	1.0	74
	chrI	119883	0	0.5	146
	chrI	119888	0	0.5	57
	chrI	119897	0	0.5	134
	chrI	119899	1	0.5	60
	chrI	119903	0	0.5	151
	chrI	119903	1	1.0	151
	chrI	119917	1	0.5	128
	chrI	119946	1	0.5	57
	chrI	119947	0	0.5	79
	chrI	119969	1	0.5	151
	chrI	119971	1	0.5	133
	chrI	119974	1	0.5	124
	chrI	119975	1	1.5	151
	chrI	119976	1	1.0	151
	chrI	119977	0	2.5	151
	chrI	119978	0	0.5	151
	chrI	119980	1	1.0	151
	chrI	119983	0	0.5	139
	chrI	119985	1	0.5	151
	chrI	119986	1	0.5	151
	chrI	119988	1	2.0	151
	chrI	119989	1	1.0	151
	chrI	119990	0	0.5	151
	chrI	119990	1	0.5	151
	chrI	119991	1	1.0	151
	chrI	119997	0	1.5	151
	chrI	119997	1	0.5	151
	chrI	119998	1	0.5	151
	chrI	120000	1	1.5	151
	chrI	120010	1	1.5	146
	chrI	120020	0	0.5	75
	chrI	120021	0	0.5	151
	chrI	120027	1	0.5	79
	chrI	120028	1	0.5	146
	chrI	120030	1	0.5	134
	chrI	120068	0	0.5	96
	chrI	120069	0	0.5	65
	chrI	120083	0	0.5	74
	chrI	120089	0	0.5	111
	chrI	120089	1	0.5	151
	chrI	120095	1	0.5	75
	chrI	120119	1	0.5	137
	chrI	120123	0	0.5	78
	chrI	120137	1	0.5	65
	chrI	120150	0	1.5	151
	chrI	120156	1	1.0	151
	chrI	120157	1	0.5	74
	chrI	120165	1	0.5	96
	chrI	120166	1	0.5	151
	chrI	120167	0	0.5	151
	chrI	120174	1	1.0	151
	chrI	120182	0	0.5	74
	chrI	120193	1	1.5	151
	chrI	120201	1	0.5	151
	chrI	120201	1	0.5	111
	chrI	120203	0	0.5	151
	chrI	120204	0	0.5	121
	chrI	120204	1	0.5	78
	chrI	120224	1	0.5	151
	chrI	120229	0	0.5	55
	chrI	120232	0	0.5	131
	chrI	120251	0	0.5	60
	chrI	120256	1	0.5	74
	chrI	120284	1	0.5	55
	chrI	120290	0	0.5	151
	chrI	120294	0	0.5	151
	chrI	120302	0	0.5	151
	chrI	120307	0	0.5	97
	chrI	120311	1	0.5	60
	chrI	120317	0	1.0	151
	chrI	120320	0	0.5	73
	chrI	120326	1	0.5	151
	chrI	120326	1	0.5	121
	chrI	120327	1	1.5	151
	chrI	120328	0	1.0	151
	chrI	120328	0	0.5	125
	chrI	120328	1	0.5	151
	chrI	120347	1	0.5	151
	chrI	120362	0	1.0	151
	chrI	120362	1	0.5	131
	chrI	120363	0	0.5	151
	chrI	120363	1	0.5	151
	chrI	120367	0	0.5	92
	chrI	120367	0	0.5	93
	chrI	120395	1	0.5	73
	chrI	120396	0	1.0	151
	chrI	120400	0	0.5	78
	chrI	120407	1	0.5	97
	chrI	120442	0	1.0	45
	chrI	120444	0	0.5	124
	chrI	120454	1	0.5	125
	chrI	120459	0	0.5	141
	chrI	120459	0	1.0	96
	chrI	120461	1	1.0	151
	chrI	120461	1	0.5	92
	chrI	120461	1	0.5	93
	chrI	120476	1	0.5	151
	chrI	120478	0	0.5	151
	chrI	120478	1	0.5	78
	chrI	120482	1	1.0	151
	chrI	120484	0	0.5	131
	chrI	120489	1	1.0	45
	chrI	120497	1	0.5	151
	chrI	120500	1	0.5	151
	chrI	120515	1	1.0	151
	chrI	120548	0	0.5	71
	chrI	120556	1	1.0	96
	chrI	120568	1	1.0	151
	chrI	120569	1	0.5	151
	chrI	120571	1	0.5	124
	chrI	120584	0	0.5	93
	chrI	120588	0	0.5	92
	chrI	120593	0	0.5	151
	chrI	120599	1	0.5	141
	chrI	120604	0	0.5	145
	chrI	120611	0	0.5	151
	chrI	120612	0	1.0	90
	chrI	120614	1	0.5	131
	chrI	120619	1	0.5	71
	chrI	120625	0	0.5	151
	chrI	120633	1	0.5	151
	chrI	120634	0	0.5	140
	chrI	120680	1	0.5	93
	chrI	120681	1	0.5	92
	chrI	120693	0	0.5	151
	chrI	120703	1	1.0	90
	chrI	120716	0	0.5	48
	chrI	120718	0	1.0	151
	chrI	120723	0	1.0	151
	chrI	120726	0	0.5	87
	chrI	120729	0	0.5	100
	chrI	120743	0	0.5	73
	chrI	120748	1	0.5	145
	chrI	120749	0	0.5	151
	chrI	120751	0	0.5	55
	chrI	120753	0	0.5	151
	chrI	120759	0	0.5	142
	chrI	120764	1	0.5	48
	chrI	120771	0	0.5	151
	chrI	120773	1	0.5	140
	chrI	120803	1	1.0	151
	chrI	120805	1	0.5	151
	chrI	120807	1	0.5	55
	chrI	120812	0	0.5	151
	chrI	120813	1	0.5	87
	chrI	120815	0	0.5	151
	chrI	120816	1	0.5	73
	chrI	120825	0	0.5	95
	chrI	120830	1	0.5	100
	chrI	120833	0	0.5	137
	chrI	120848	1	0.5	151
	chrI	120862	0	0.5	114
	chrI	120880	1	1.0	151
	chrI	120885	0	1.5	151
	chrI	120886	0	0.5	107
	chrI	120900	1	0.5	142
	chrI	120910	0	0.5	50
	chrI	120914	1	0.5	151
	chrI	120915	0	0.5	61
	chrI	120919	1	0.5	95
	chrI	120924	0	1.5	71
	chrI	120925	0	0.5	151
	chrI	120926	0	0.5	149
	chrI	120938	0	0.5	103
	chrI	120944	1	0.5	151
	chrI	120961	1	0.5	50
	chrI	120965	0	0.5	151
	chrI	120969	1	0.5	137
	chrI	120976	0	1.0	151
	chrI	120977	1	1.5	151
	chrI	120977	1	0.5	61
	chrI	120977	1	0.5	114
	chrI	120978	0	1.5	151
	chrI	120995	1	0.5	107
	chrI	120996	1	1.5	71
	chrI	120999	0	0.5	149
	chrI	121003	0	0.5	98
	chrI	121013	0	0.5	87
	chrI	121013	0	0.5	88
	chrI	121041	1	0.5	103
	chrI	121047	0	1.0	151
	chrI	121052	0	0.5	151
	chrI	121059	1	0.5	151
	chrI	121066	1	1.5	151
	chrI	121071	0	0.5	74
	chrI	121074	1	0.5	149
	chrI	121100	0	1.5	151
	chrI	121101	1	0.5	98
	chrI	121102	1	0.5	87
	chrI	121102	1	0.5	88
	chrI	121114	1	0.5	151
	chrI	121128	0	0.5	151
	chrI	121137	1	1.0	151
	chrI	121139	1	0.5	151
	chrI	121145	1	0.5	151
	chrI	121146	0	1.0	79
	chrI	121147	1	0.5	149
	chrI	121147	1	0.5	74
	chrI	121158	0	1.0	95
	chrI	121163	0	0.5	107
	chrI	121165	0	0.5	142
	chrI	121171	0	0.5	114
	chrI	121213	1	0.5	151
	chrI	121214	0	0.5	151
	chrI	121216	0	0.5	151
	chrI	121216	1	0.5	151
	chrI	121217	0	0.5	71
	chrI	121225	1	1.0	79
	chrI	121239	0	0.5	81
	chrI	121246	1	1.0	151
	chrI	121251	1	1.0	151
	chrI	121255	1	1.0	95
	chrI	121256	0	0.5	66
	chrI	121259	0	1.0	151
	chrI	121259	0	0.5	117
	chrI	121259	0	0.5	120
	chrI	121264	1	1.5	151
	chrI	121267	0	0.5	151
	chrI	121268	0	0.5	72
	chrI	121268	0	0.5	73
	chrI	121274	1	0.5	107
	chrI	121281	0	0.5	151
	chrI	121281	0	0.5	119
	chrI	121284	0	0.5	78
	chrI	121286	1	0.5	114
	chrI	121289	1	0.5	71
	chrI	121296	0	0.5	151
	chrI	121306	1	0.5	142
	chrI	121308	0	0.5	151
	chrI	121310	0	0.5	67
	chrI	121313	0	0.5	151
	chrI	121322	1	0.5	81
	chrI	121323	1	0.5	66
	chrI	121332	0	0.5	124
	chrI	121342	1	0.5	72
	chrI	121342	1	0.5	73
	chrI	121362	1	0.5	78
	chrI	121375	1	0.5	151
	chrI	121376	1	0.5	151
	chrI	121376	1	0.5	67
	chrI	121377	0	0.5	135
	chrI	121378	1	0.5	117
	chrI	121378	1	0.5	120
	chrI	121394	0	0.5	147
	chrI	121397	0	0.5	93
	chrI	121401	1	0.5	119
	chrI	121410	0	0.5	151
	chrI	121417	1	1.0	151
	chrI	121418	0	0.5	140
	chrI	121423	0	0.5	151
	chrI	121433	0	0.5	136
	chrI	121433	1	0.5	151
	chrI	121454	0	0.5	131
	chrI	121457	1	0.5	151
	chrI	121458	0	0.5	133
	chrI	121458	1	0.5	124
	chrI	121471	1	0.5	151
	chrI	121472	1	0.5	151
	chrI	121484	0	0.5	91
	chrI	121484	1	0.5	151
	chrI	121485	0	0.5	151
	chrI	121486	0	1.0	125
	chrI	121487	0	0.5	151
	chrI	121490	0	0.5	48
	chrI	121493	1	0.5	93
	chrI	121496	0	0.5	124
	chrI	121500	1	0.5	151
	chrI	121511	1	0.5	135
	chrI	121520	0	0.5	63
	chrI	121521	0	0.5	151
	chrI	121521	0	0.5	47
	chrI	121522	0	1.0	113
	chrI	121522	0	1.0	115
	chrI	121530	0	0.5	121
	chrI	121530	0	0.5	123
	chrI	121532	0	1.0	151
	chrI	121532	0	0.5	101
	chrI	121540	1	0.5	147
	chrI	121540	1	0.5	48
	chrI	121541	0	0.5	151
	chrI	121554	0	0.5	83
	chrI	121557	1	0.5	140
	chrI	121566	0	0.5	75
	chrI	121568	1	0.5	136
	chrI	121569	1	0.5	47
	chrI	121570	0	1.5	140
	chrI	121575	1	0.5	91
	chrI	121579	0	0.5	130
	chrI	121584	1	0.5	131
	chrI	121584	1	0.5	63
	chrI	121590	1	0.5	133
	chrI	121610	0	0.5	151
	chrI	121610	0	0.5	76
	chrI	121613	1	1.0	125
	chrI	121617	0	0.5	136
	chrI	121623	1	0.5	124
	chrI	121629	1	0.5	151
	chrI	121634	1	0.5	101
	chrI	121638	1	0.5	83
	chrI	121639	1	1.0	113
	chrI	121639	1	1.0	115
	chrI	121642	1	0.5	75
	chrI	121653	1	0.5	121
	chrI	121653	1	0.5	123
	chrI	121663	0	0.5	112
	chrI	121663	1	0.5	151
	chrI	121670	1	0.5	151
	chrI	121687	1	0.5	76
	chrI	121692	1	0.5	151
	chrI	121700	0	0.5	148
	chrI	121708	1	0.5	130
	chrI	121708	1	0.5	151
	chrI	121709	1	1.5	140
	chrI	121713	1	0.5	151
	chrI	121724	1	1.0	151
	chrI	121737	0	2.0	151
	chrI	121752	1	0.5	136
	chrI	121753	0	0.5	151
	chrI	121763	0	0.5	151
	chrI	121776	1	0.5	112
	chrI	121814	0	0.5	151
	chrI	121827	0	0.5	151
	chrI	121829	0	0.5	151
	chrI	121847	1	0.5	148
	chrI	121878	0	0.5	151
	chrI	121886	0	0.5	151
	chrI	121897	1	1.0	151
	chrI	121917	1	0.5	151
	chrI	121918	1	0.5	151
	chrI	121920	1	1.0	151
	chrI	121929	0	0.5	101
	chrI	121948	0	0.5	64
	chrI	121957	1	0.5	151
	chrI	121987	1	1.0	151
	chrI	122004	1	0.5	151
	chrI	122013	1	0.5	64
	chrI	122033	1	0.5	151
	chrI	122033	1	0.5	101
	chrI	122035	0	0.5	103
	chrI	122036	0	0.5	150
	chrI	122050	0	1.0	65
	chrI	122073	0	0.5	143
	chrI	122098	0	0.5	142
	chrI	122104	0	0.5	138
	chrI	122108	1	0.5	151
	chrI	122115	0	0.5	151
	chrI	122117	1	1.0	65
	chrI	122125	0	0.5	151
	chrI	122138	1	0.5	103
	chrI	122147	0	0.5	92
	chrI	122182	0	0.5	110
	chrI	122185	1	0.5	150
	chrI	122198	0	1.0	127
	chrI	122200	0	0.5	151
	chrI	122213	0	0.5	134
	chrI	122215	1	0.5	143
	chrI	122216	0	0.5	151
	chrI	122218	0	0.5	151
	chrI	122228	0	0.5	150
	chrI	122228	0	0.5	151
	chrI	122234	0	0.5	87
	chrI	122236	0	0.5	151
	chrI	122239	1	0.5	142
	chrI	122239	1	0.5	92
	chrI	122241	1	0.5	138
	chrI	122250	0	0.5	83
	chrI	122251	0	0.5	69
	chrI	122253	0	0.5	134
	chrI	122257	0	0.5	138
	chrI	122264	0	1.0	151
	chrI	122264	0	0.5	84
	chrI	122286	0	1.0	151
	chrI	122291	1	0.5	110
	chrI	122299	1	0.5	151
	chrI	122303	0	0.5	151
	chrI	122303	0	0.5	71
	chrI	122303	0	0.5	75
	chrI	122324	1	0.5	69
	chrI	122324	1	0.5	87
	chrI	122327	1	1.0	127
	chrI	122329	0	0.5	145
	chrI	122329	0	1.0	151
	chrI	122335	1	0.5	83
	chrI	122343	1	0.5	151
	chrI	122346	0	0.5	95
	chrI	122346	1	0.5	134
	chrI	122349	1	0.5	84
	chrI	122352	1	0.5	151
	chrI	122353	0	0.5	151
	chrI	122368	0	0.5	133
	chrI	122373	1	0.5	151
	chrI	122377	1	0.5	71
	chrI	122377	1	0.5	75
	chrI	122386	1	0.5	134
	chrI	122386	1	1.0	151
	chrI	122387	0	0.5	91
	chrI	122394	0	1.0	123
	chrI	122394	1	0.5	138
	chrI	122394	1	1.0	151
	chrI	122397	0	0.5	151
	chrI	122402	0	0.5	87
	chrI	122425	0	1.0	151
	chrI	122439	1	1.0	151
	chrI	122442	1	0.5	95
	chrI	122448	1	0.5	151
	chrI	122457	1	0.5	151
	chrI	122479	1	0.5	91
	chrI	122481	1	0.5	151
	chrI	122482	1	0.5	151
	chrI	122483	0	0.5	146
	chrI	122490	1	0.5	87
	chrI	122494	1	1.0	151
	chrI	122500	1	0.5	133
	chrI	122509	1	0.5	151
	chrI	122518	1	1.0	123
	chrI	122520	0	0.5	151
	chrI	122523	0	1.0	117
	chrI	122528	0	0.5	128
	chrI	122530	0	0.5	151
	chrI	122550	0	0.5	118
	chrI	122555	0	0.5	151
	chrI	122563	0	0.5	124
	chrI	122565	0	0.5	55
	chrI	122566	0	1.0	151
	chrI	122567	0	0.5	92
	chrI	122567	0	0.5	93
	chrI	122571	0	0.5	131
	chrI	122578	1	0.5	151
	chrI	122582	1	1.0	151
	chrI	122591	0	1.0	146
	chrI	122591	0	0.5	85
	chrI	122607	0	0.5	114
	chrI	122607	0	0.5	118
	chrI	122621	1	0.5	55
	chrI	122623	0	1.0	151
	chrI	122625	0	1.0	107
	chrI	122628	1	0.5	146
	chrI	122640	1	1.0	117
	chrI	122656	1	0.5	128
	chrI	122660	1	0.5	92
	chrI	122660	1	0.5	93
	chrI	122671	0	1.0	121
	chrI	122672	1	0.5	118
	chrI	122673	0	0.5	151
	chrI	122676	1	0.5	85
	chrI	122678	0	0.5	151
	chrI	122679	0	1.0	139
	chrI	122679	0	0.5	150
	chrI	122679	0	0.5	151
	chrI	122688	1	0.5	124
	chrI	122694	0	0.5	151
	chrI	122696	0	0.5	66
	chrI	122699	0	0.5	49
	chrI	122701	1	0.5	131
	chrI	122713	1	0.5	151
	chrI	122714	0	0.5	151
	chrI	122721	0	1.0	121
	chrI	122725	1	0.5	114
	chrI	122725	1	0.5	118
	chrI	122726	1	0.5	151
	chrI	122727	1	1.0	151
	chrI	122733	1	1.0	107
	chrI	122736	1	1.0	146
	chrI	122737	0	0.5	151
	chrI	122749	1	0.5	49
	chrI	122753	0	0.5	151
	chrI	122753	0	0.5	115
	chrI	122761	1	0.5	151
	chrI	122764	1	0.5	66
	chrI	122777	1	1.0	151
	chrI	122779	0	1.0	151
	chrI	122793	1	1.0	121
	chrI	122815	0	0.5	151
	chrI	122817	1	1.0	139
	chrI	122819	0	0.5	151
	chrI	122827	0	0.5	143
	chrI	122827	0	0.5	151
	chrI	122830	1	0.5	151
	chrI	122835	0	0.5	151
	chrI	122836	1	1.0	151
	chrI	122842	1	0.5	151
	chrI	122843	1	1.0	121
	chrI	122847	0	1.0	151
	chrI	122866	1	0.5	151
	chrI	122870	0	1.0	151
	chrI	122871	0	0.5	151
	chrI	122871	1	0.5	115
	chrI	122872	0	1.0	151
	chrI	122890	1	0.5	151
	chrI	122891	0	0.5	151
	chrI	122899	0	0.5	151
	chrI	122899	0	0.5	121
	chrI	122905	1	0.5	151
	chrI	122910	0	0.5	76
	chrI	122916	1	0.5	151
	chrI	122929	1	1.0	151
	chrI	122960	0	0.5	151
	chrI	122965	1	0.5	151
	chrI	122969	1	0.5	143
	chrI	122970	0	1.0	151
	chrI	122973	0	0.5	151
	chrI	122987	1	0.5	76
	chrI	122992	0	0.5	58
	chrI	122996	1	0.5	151
	chrI	123000	1	0.5	151
	chrI	123017	0	1.0	127
	chrI	123017	1	1.0	151
	chrI	123021	1	0.5	121
	chrI	123027	1	0.5	151
	chrI	123039	1	1.0	151
	chrI	123042	0	0.5	151
	chrI	123043	1	0.5	151
	chrI	123051	1	0.5	151
	chrI	123051	1	0.5	58
	chrI	123052	0	0.5	149
	chrI	123056	0	0.5	151
	chrI	123072	0	0.5	151
	chrI	123074	0	0.5	151
	chrI	123090	0	0.5	151
	chrI	123093	0	0.5	151
	chrI	123097	0	0.5	151
	chrI	123106	0	0.5	99
	chrI	123118	0	0.5	151
	chrI	123121	1	0.5	151
	chrI	123128	1	0.5	151
	chrI	123129	1	0.5	151
	chrI	123130	0	0.5	126
	chrI	123146	1	1.0	127
	chrI	123152	1	1.0	151
	chrI	123154	0	0.5	151
	chrI	123179	0	0.5	103
	chrI	123183	0	0.5	74
	chrI	123190	0	1.0	140
	chrI	123193	1	0.5	151
	chrI	123195	1	0.5	151
	chrI	123196	0	0.5	151
	chrI	123196	0	0.5	99
	chrI	123200	0	0.5	151
	chrI	123200	1	0.5	149
	chrI	123206	1	0.5	99
	chrI	123208	0	0.5	151
	chrI	123209	0	1.0	151
	chrI	123223	0	0.5	151
	chrI	123229	1	0.5	151
	chrI	123230	0	0.5	151
	chrI	123230	1	0.5	151
	chrI	123239	0	0.5	151
	chrI	123255	1	0.5	151
	chrI	123257	1	0.5	151
	chrI	123258	1	0.5	151
	chrI	123258	1	0.5	126
	chrI	123259	1	0.5	74
	chrI	123260	0	0.5	151
	chrI	123283	1	0.5	103
	chrI	123294	1	0.5	151
	chrI	123295	1	0.5	99
	chrI	123296	0	0.5	145
	chrI	123302	0	0.5	109
	chrI	123307	0	0.5	137
	chrI	123307	0	0.5	68
	chrI	123314	0	0.5	75
	chrI	123329	1	1.0	140
	chrI	123335	0	0.5	54
	chrI	123355	0	0.5	151
	chrI	123365	1	0.5	151
	chrI	123366	0	0.5	151
	chrI	123368	1	0.5	151
	chrI	123377	1	1.0	151
	chrI	123378	1	0.5	68
	chrI	123390	0	0.5	123
	chrI	123392	1	0.5	151
	chrI	123392	1	0.5	54
	chrI	123392	1	0.5	75
	chrI	123393	0	1.0	59
	chrI	123394	0	1.5	151
	chrI	123394	0	0.5	54
	chrI	123395	0	0.5	148
	chrI	123401	0	0.5	151
	chrI	123409	0	0.5	151
	chrI	123411	1	0.5	151
	chrI	123412	1	0.5	109
	chrI	123413	0	0.5	151
	chrI	123413	1	0.5	151
	chrI	123414	0	0.5	151
	chrI	123415	0	0.5	134
	chrI	123415	1	0.5	151
	chrI	123435	0	0.5	114
	chrI	123436	1	0.5	151
	chrI	123440	1	0.5	145
	chrI	123443	1	0.5	137
	chrI	123444	0	0.5	151
	chrI	123451	1	0.5	54
	chrI	123454	1	1.0	59
	chrI	123484	0	1.0	58
	chrI	123484	1	0.5	151
	chrI	123494	0	0.5	83
	chrI	123495	0	0.5	150
	chrI	123496	0	1.5	151
	chrI	123514	1	0.5	151
	chrI	123514	1	0.5	123
	chrI	123516	0	0.5	110
	chrI	123542	1	0.5	148
	chrI	123543	1	1.0	58
	chrI	123545	0	1.0	68
	chrI	123545	0	0.5	69
	chrI	123548	1	0.5	134
	chrI	123550	0	0.5	151
	chrI	123553	1	0.5	114
	chrI	123556	0	1.0	67
	chrI	123559	1	1.5	151
	chrI	123560	0	0.5	151
	chrI	123560	1	1.0	151
	chrI	123561	0	1.0	151
	chrI	123563	1	0.5	151
	chrI	123576	1	0.5	151
	chrI	123577	1	1.0	151
	chrI	123577	1	0.5	83
	chrI	123578	0	0.5	134
	chrI	123578	0	0.5	79
	chrI	123579	0	0.5	151
	chrI	123579	0	1.0	77
	chrI	123586	0	1.5	134
	chrI	123587	0	0.5	151
	chrI	123588	0	0.5	58
	chrI	123588	0	0.5	59
	chrI	123597	0	0.5	62
	chrI	123598	0	0.5	151
	chrI	123611	0	0.5	92
	chrI	123614	1	1.0	68
	chrI	123614	1	0.5	69
	chrI	123625	0	0.5	151
	chrI	123625	1	1.0	67
	chrI	123628	1	0.5	110
	chrI	123632	0	0.5	95
	chrI	123641	0	0.5	76
	chrI	123644	1	0.5	150
	chrI	123645	0	0.5	149
	chrI	123646	1	1.0	59
	chrI	123649	0	0.5	151
	chrI	123651	0	1.0	65
	chrI	123659	1	1.5	151
	chrI	123659	1	1.0	77
	chrI	123659	1	0.5	79
	chrI	123660	1	0.5	62
	chrI	123661	0	0.5	151
	chrI	123663	0	0.5	92
	chrI	123706	1	0.5	151
	chrI	123706	1	0.5	92
	chrI	123707	0	0.5	151
	chrI	123711	1	0.5	134
	chrI	123714	1	0.5	151
	chrI	123716	1	1.0	65
	chrI	123719	1	1.5	134
	chrI	123719	1	0.5	76
	chrI	123723	1	0.5	150
	chrI	123724	0	0.5	67
	chrI	123726	1	0.5	93
	chrI	123740	0	0.5	151
	chrI	123750	0	0.5	150
	chrI	123750	1	1.0	151
	chrI	123753	1	1.0	151
	chrI	123756	1	0.5	92
	chrI	123757	0	2.5	151
	chrI	123759	0	0.5	151
	chrI	123772	0	0.5	128
	chrI	123772	1	0.5	151
	chrI	123773	0	1.5	151
	chrI	123791	1	0.5	151
	chrI	123792	0	0.5	151
	chrI	123792	1	0.5	67
	chrI	123793	1	0.5	149
	chrI	123794	0	0.5	139
	chrI	123794	0	0.5	151
	chrI	123797	0	0.5	151
	chrI	123812	0	0.5	133
	chrI	123814	1	0.5	151
	chrI	123822	0	0.5	131
	chrI	123824	0	1.0	134
	chrI	123824	1	0.5	151
	chrI	123847	1	0.5	151
	chrI	123848	0	0.5	151
	chrI	123850	0	0.5	136
	chrI	123869	1	0.5	151
	chrI	123877	0	1.5	151
	chrI	123887	0	1.0	151
	chrI	123895	1	0.5	151
	chrI	123899	1	0.5	128
	chrI	123899	1	0.5	150
	chrI	123903	0	0.5	64
	chrI	123908	1	0.5	150
	chrI	123909	0	0.5	151
	chrI	123909	1	1.5	151
	chrI	123918	0	0.5	151
	chrI	123927	0	0.5	151
	chrI	123932	1	0.5	139
	chrI	123932	1	0.5	151
	chrI	123933	0	1.0	151
	chrI	123937	1	0.5	151
	chrI	123938	0	1.0	151
	chrI	123944	1	0.5	133
	chrI	123944	1	0.5	151
	chrI	123945	1	1.5	151
	chrI	123947	0	1.0	151
	chrI	123952	1	0.5	131
	chrI	123957	0	0.5	151
	chrI	123957	1	1.0	134
	chrI	123957	1	0.5	151
	chrI	123958	0	0.5	135
	chrI	123961	1	0.5	151
	chrI	123962	0	1.0	136
	chrI	123963	0	1.0	92
	chrI	123965	0	0.5	125
	chrI	123967	1	0.5	64
	chrI	123985	1	0.5	136
	chrI	123993	0	0.5	114
	chrI	124031	0	0.5	110
	chrI	124047	1	2.5	151
	chrI	124048	0	0.5	151
	chrI	124055	1	1.0	92
	chrI	124062	0	0.5	151
	chrI	124062	1	0.5	151
	chrI	124063	0	1.0	151
	chrI	124064	0	1.5	151
	chrI	124064	0	0.5	43
	chrI	124074	0	0.5	121
	chrI	124078	0	0.5	151
	chrI	124083	1	0.5	151
	chrI	124086	0	0.5	151
	chrI	124092	1	0.5	135
	chrI	124093	1	0.5	125
	chrI	124097	1	1.0	136
	chrI	124099	1	0.5	151
	chrI	124101	0	1.0	79
	chrI	124102	1	2.5	151
	chrI	124107	1	0.5	151
	chrI	124108	0	1.0	82
	chrI	124108	1	0.5	151
	chrI	124109	1	0.5	43
	chrI	124109	1	0.5	114
	chrI	124110	0	1.0	151
	chrI	124122	1	0.5	151
	chrI	124143	0	1.0	151
	chrI	124144	0	0.5	151
	chrI	124144	1	0.5	110
	chrI	124157	0	0.5	151
	chrI	124160	0	0.5	151
	chrI	124182	1	1.0	79
	chrI	124187	0	0.5	87
	chrI	124190	1	1.0	82
	chrI	124196	1	0.5	121
	chrI	124214	1	1.0	151
	chrI	124218	1	0.5	151
	chrI	124223	1	0.5	151
	chrI	124241	0	0.5	151
	chrI	124245	0	0.5	151
	chrI	124245	1	1.0	151
	chrI	124246	0	0.5	151
	chrI	124248	0	0.5	151
	chrI	124259	0	0.5	151
	chrI	124259	1	0.5	151
	chrI	124267	1	0.5	151
	chrI	124268	1	0.5	151
	chrI	124270	0	1.0	151
	chrI	124271	0	1.0	151
	chrI	124272	0	0.5	149
	chrI	124273	0	1.0	151
	chrI	124275	1	0.5	87
	chrI	124280	1	0.5	151
	chrI	124282	0	0.5	63
	chrI	124290	0	0.5	127
	chrI	124301	1	0.5	151
	chrI	124309	1	1.0	151
	chrI	124313	0	0.5	104
	chrI	124314	0	0.5	106
	chrI	124320	1	0.5	151
	chrI	124321	0	1.0	151
	chrI	124322	0	0.5	88
	chrI	124322	0	0.5	119
	chrI	124325	1	0.5	151
	chrI	124332	0	1.0	120
	chrI	124340	0	0.5	125
	chrI	124345	1	0.5	63
	chrI	124370	0	0.5	69
	chrI	124386	0	0.5	116
	chrI	124387	0	0.5	55
	chrI	124388	0	0.5	82
	chrI	124401	0	0.5	93
	chrI	124409	1	0.5	151
	chrI	124412	1	0.5	88
	chrI	124418	0	1.0	66
	chrI	124418	1	0.5	127
	chrI	124420	1	0.5	149
	chrI	124420	1	0.5	151
	chrI	124420	1	0.5	104
	chrI	124421	1	0.5	106
	chrI	124422	1	0.5	151
	chrI	124424	0	0.5	111
	chrI	124424	1	0.5	151
	chrI	124425	1	0.5	151
	chrI	124429	0	0.5	151
	chrI	124429	0	0.5	73
	chrI	124430	0	2.0	102
	chrI	124435	0	0.5	63
	chrI	124440	1	2.0	151
	chrI	124440	1	0.5	69
	chrI	124443	0	0.5	88
	chrI	124443	1	0.5	55
	chrI	124443	1	0.5	119
	chrI	124444	0	0.5	68
	chrI	124455	0	0.5	117
	chrI	124455	1	1.0	120
	chrI	124459	0	0.5	151
	chrI	124459	1	1.0	151
	chrI	124460	1	0.5	151
	chrI	124464	0	1.0	101
	chrI	124464	1	0.5	125
	chrI	124468	0	0.5	46
	chrI	124471	1	0.5	82
	chrI	124475	0	1.5	151
	chrI	124482	0	1.0	151
	chrI	124483	0	0.5	151
	chrI	124485	1	1.0	66
	chrI	124495	1	0.5	93
	chrI	124496	0	0.5	151
	chrI	124496	0	0.5	125
	chrI	124502	1	0.5	63
	chrI	124504	1	0.5	73
	chrI	124504	1	0.5	116
	chrI	124506	0	0.5	61
	chrI	124515	1	0.5	46
	chrI	124515	1	0.5	68
	chrI	124518	0	1.0	151
	chrI	124532	1	0.5	88
	chrI	124533	0	0.5	151
	chrI	124535	1	2.0	102
	chrI	124537	1	0.5	111
	chrI	124551	0	0.5	100
	chrI	124562	0	0.5	151
	chrI	124565	1	1.0	101
	chrI	124569	1	0.5	61
	chrI	124572	0	0.5	151
	chrI	124572	1	0.5	117
	chrI	124573	0	0.5	44
	chrI	124581	0	1.0	151
	chrI	124591	0	1.0	151
	chrI	124619	1	0.5	44
	chrI	124620	0	0.5	125
	chrI	124625	1	0.5	125
	chrI	124627	0	1.5	85
	chrI	124628	0	0.5	138
	chrI	124630	1	0.5	151
	chrI	124643	1	1.0	151
	chrI	124645	0	1.0	121
	chrI	124647	1	2.0	151
	chrI	124648	0	0.5	142
	chrI	124648	0	0.5	58
	chrI	124648	0	1.0	92
	chrI	124649	0	0.5	151
	chrI	124649	0	0.5	106
	chrI	124650	0	1.0	56
	chrI	124650	0	0.5	75
	chrI	124650	0	0.5	83
	chrI	124651	0	0.5	101
	chrI	124653	1	0.5	100
	chrI	124654	0	0.5	132
	chrI	124655	0	0.5	96
	chrI	124657	0	0.5	127
	chrI	124661	0	0.5	85
	chrI	124661	0	0.5	122
	chrI	124661	1	0.5	151
	chrI	124664	0	0.5	85
	chrI	124665	0	1.0	90
	chrI	124665	0	0.5	103
	chrI	124670	0	1.0	118
	chrI	124670	1	2.0	151
	chrI	124671	0	1.0	68
	chrI	124680	0	0.5	151
	chrI	124682	0	0.5	72
	chrI	124682	0	0.5	73
	chrI	124684	0	0.5	77
	chrI	124696	1	0.5	151
	chrI	124700	1	0.5	151
	chrI	124702	0	0.5	43
	chrI	124707	1	0.5	58
	chrI	124709	1	1.0	56
	chrI	124711	0	0.5	57
	chrI	124713	1	1.5	85
	chrI	124714	0	0.5	76
	chrI	124719	0	0.5	65
	chrI	124725	1	0.5	75
	chrI	124727	1	0.5	151
	chrI	124733	0	1.0	151
	chrI	124733	0	1.5	123
	chrI	124733	1	0.5	83
	chrI	124740	1	0.5	151
	chrI	124740	1	1.0	68
	chrI	124741	0	1.0	151
	chrI	124741	1	1.0	92
	chrI	124744	1	0.5	125
	chrI	124746	1	0.5	43
	chrI	124747	1	0.5	85
	chrI	124749	1	0.5	85
	chrI	124754	1	0.5	101
	chrI	124755	0	0.5	78
	chrI	124755	0	0.5	123
	chrI	124755	1	0.5	96
	chrI	124756	1	0.5	72
	chrI	124756	1	0.5	73
	chrI	124756	1	1.0	90
	chrI	124756	1	0.5	106
	chrI	124764	1	0.5	77
	chrI	124765	1	0.5	138
	chrI	124767	1	1.0	121
	chrI	124769	1	0.5	57
	chrI	124769	1	0.5	103
	chrI	124784	1	0.5	122
	chrI	124785	1	0.5	132
	chrI	124785	1	0.5	65
	chrI	124785	1	0.5	127
	chrI	124786	0	1.0	151
	chrI	124786	0	0.5	102
	chrI	124789	1	0.5	142
	chrI	124789	1	1.0	118
	chrI	124792	1	0.5	76
	chrI	124798	0	0.5	51
	chrI	124816	0	0.5	144
	chrI	124821	0	1.0	137
	chrI	124821	1	1.0	151
	chrI	124828	1	1.0	151
	chrI	124834	0	0.5	151
	chrI	124834	1	0.5	78
	chrI	124837	0	0.5	136
	chrI	124849	1	0.5	51
	chrI	124852	1	0.5	151
	chrI	124859	1	1.5	123
	chrI	124878	1	0.5	123
	chrI	124880	0	1.0	104
	chrI	124884	1	1.0	151
	chrI	124890	1	0.5	102
	chrI	124896	1	0.5	151
	chrI	124924	1	0.5	151
	chrI	124933	0	0.5	143
	chrI	124935	1	0.5	151
	chrI	124957	1	1.0	137
	chrI	124959	1	0.5	144
	chrI	124960	1	1.0	151
	chrI	124972	1	0.5	136
	chrI	124986	1	1.0	104
	chrI	125003	1	0.5	151
	chrI	125005	0	0.5	110
	chrI	125043	0	0.5	151
	chrI	125061	0	0.5	126
	chrI	125065	0	1.0	151
	chrI	125073	0	0.5	103
	chrI	125073	0	0.5	104
	chrI	125073	0	1.5	105
	chrI	125075	0	0.5	119
	chrI	125075	1	0.5	143
	chrI	125086	0	0.5	120
	chrI	125090	0	0.5	151
	chrI	125091	0	0.5	135
	chrI	125098	0	0.5	149
	chrI	125104	0	0.5	135
	chrI	125118	1	0.5	110
	chrI	125177	1	0.5	103
	chrI	125177	1	0.5	104
	chrI	125177	1	1.5	105
	chrI	125191	1	0.5	126
	chrI	125195	1	0.5	119
	chrI	125208	1	0.5	120
	chrI	125210	1	0.5	151
	chrI	125220	0	0.5	140
	chrI	125222	0	0.5	151
	chrI	125225	1	0.5	135
	chrI	125225	1	1.0	151
	chrI	125238	1	0.5	135
	chrI	125253	1	0.5	151
	chrI	125258	0	1.0	151
	chrI	125265	0	1.0	68
	chrI	125265	0	0.5	70
	chrI	125270	1	0.5	151
	chrI	125286	0	0.5	151
	chrI	125300	0	0.5	50
	chrI	125303	0	0.5	151
	chrI	125308	0	1.5	151
	chrI	125335	1	1.0	68
	chrI	125335	1	0.5	70
	chrI	125351	1	0.5	50
	chrI	125359	1	0.5	140
	chrI	125382	0	0.5	55
	chrI	125391	0	0.5	151
	chrI	125403	0	0.5	151
	chrI	125408	1	0.5	151
	chrI	125421	1	0.5	151
	chrI	125424	0	0.5	151
	chrI	125431	0	0.5	76
	chrI	125431	0	0.5	77
	chrI	125435	0	1.0	151
	chrI	125437	1	0.5	55
	chrI	125443	1	0.5	151
	chrI	125447	0	0.5	72
	chrI	125453	0	0.5	151
	chrI	125468	1	2.0	151
	chrI	125476	0	0.5	151
	chrI	125500	0	0.5	114
	chrI	125507	1	0.5	76
	chrI	125507	1	0.5	77
	chrI	125520	1	0.5	72
	chrI	125537	0	0.5	151
	chrI	125544	0	0.5	124
	chrI	125544	0	0.5	126
	chrI	125551	0	0.5	151
	chrI	125561	0	0.5	93
	chrI	125562	0	0.5	127
	chrI	125567	1	0.5	151
	chrI	125569	0	0.5	131
	chrI	125590	1	1.0	151
	chrI	125617	1	0.5	114
	chrI	125623	1	0.5	151
	chrI	125626	1	0.5	151
	chrI	125652	1	0.5	151
	chrI	125655	1	0.5	93
	chrI	125670	1	0.5	124
	chrI	125670	1	0.5	126
	chrI	125691	1	0.5	127
	chrI	125692	0	1.0	135
	chrI	125692	1	0.5	151
	chrI	125699	1	0.5	131
	chrI	125703	0	0.5	140
	chrI	125705	0	1.0	111
	chrI	125723	0	0.5	151
	chrI	125733	0	0.5	53
	chrI	125745	0	0.5	151
	chrI	125750	0	0.5	151
	chrI	125753	0	0.5	84
	chrI	125774	0	0.5	52
	chrI	125787	1	0.5	53
	chrI	125789	1	0.5	151
	chrI	125817	1	1.0	111
	chrI	125824	0	0.5	147
	chrI	125826	0	0.5	69
	chrI	125826	1	1.0	135
	chrI	125827	1	0.5	52
	chrI	125828	0	0.5	57
	chrI	125831	1	0.5	151
	chrI	125837	1	0.5	84
	chrI	125842	1	0.5	140
	chrI	125854	0	0.5	55
	chrI	125859	0	0.5	151
	chrI	125871	0	0.5	75
	chrI	125886	1	0.5	151
	chrI	125886	1	0.5	57
	chrI	125887	0	1.0	147
	chrI	125887	0	0.5	151
	chrI	125887	0	0.5	54
	chrI	125887	1	0.5	151
	chrI	125889	0	0.5	106
	chrI	125892	0	0.5	151
	chrI	125894	0	0.5	125
	chrI	125898	1	0.5	69
	chrI	125903	0	0.5	142
	chrI	125910	1	0.5	55
	chrI	125919	1	0.5	151
	chrI	125930	1	0.5	151
	chrI	125934	0	1.5	151
	chrI	125943	1	0.5	54
	chrI	125948	1	0.5	75
	chrI	125967	0	0.5	136
	chrI	125967	0	0.5	101
	chrI	125970	1	0.5	147
	chrI	125972	0	0.5	151
	chrI	125995	1	0.5	106
	chrI	126020	0	1.0	105
	chrI	126023	1	0.5	125
	chrI	126024	0	1.0	151
	chrI	126033	1	1.0	147
	chrI	126037	0	0.5	151
	chrI	126038	0	1.0	151
	chrI	126038	1	0.5	151
	chrI	126039	0	1.5	151
	chrI	126044	1	0.5	142
	chrI	126045	0	0.5	149
	chrI	126045	0	0.5	119
	chrI	126055	0	0.5	84
	chrI	126055	1	0.5	151
	chrI	126062	0	0.5	104
	chrI	126067	0	0.5	151
	chrI	126069	1	0.5	101
	chrI	126077	0	0.5	98
	chrI	126085	1	1.5	151
	chrI	126099	0	0.5	100
	chrI	126102	1	0.5	136
	chrI	126103	0	0.5	151
	chrI	126105	0	0.5	151
	chrI	126109	0	0.5	103
	chrI	126117	0	0.5	151
	chrI	126117	0	0.5	113
	chrI	126126	1	1.0	105
	chrI	126129	0	0.5	121
	chrI	126133	0	1.5	53
	chrI	126142	0	0.5	102
	chrI	126142	1	0.5	84
	chrI	126156	0	0.5	76
	chrI	126158	0	0.5	151
	chrI	126165	1	0.5	119
	chrI	126167	1	0.5	104
	chrI	126168	0	0.5	151
	chrI	126168	0	0.5	92
	chrI	126171	0	0.5	75
	chrI	126175	1	0.5	98
	chrI	126183	0	1.5	151
	chrI	126187	1	1.5	53
	chrI	126190	1	0.5	151
	chrI	126193	1	0.5	149
	chrI	126200	1	0.5	100
	chrI	126205	1	1.0	151
	chrI	126206	1	1.5	151
	chrI	126207	1	1.0	151
	chrI	126208	0	0.5	151
	chrI	126213	1	0.5	103
	chrI	126220	0	1.5	135
	chrI	126221	0	0.5	134
	chrI	126229	1	0.5	113
	chrI	126234	1	0.5	76
	chrI	126241	0	0.5	136
	chrI	126246	1	0.5	102
	chrI	126250	1	0.5	78
	chrI	126253	1	0.5	121
	chrI	126260	0	0.5	151
	chrI	126262	1	0.5	92
	chrI	126263	1	0.5	151
	chrI	126281	1	0.5	151
	chrI	126284	0	1.5	151
	chrI	126286	0	0.5	46
	chrI	126288	1	0.5	151
	chrI	126293	1	0.5	151
	chrI	126312	0	0.5	149
	chrI	126312	1	0.5	151
	chrI	126333	1	0.5	46
	chrI	126342	1	0.5	151
	chrI	126352	0	0.5	103
	chrI	126354	0	0.5	150
	chrI	126354	1	0.5	134
	chrI	126354	1	1.5	135
	chrI	126354	1	1.0	151
	chrI	126360	0	0.5	131
	chrI	126360	0	1.0	151
	chrI	126370	1	1.0	151
	chrI	126376	1	0.5	136
	chrI	126389	0	0.5	54
	chrI	126399	0	0.5	151
	chrI	126409	1	0.5	149
	chrI	126417	0	1.0	137
	chrI	126427	0	0.5	125
	chrI	126436	0	0.5	89
	chrI	126445	1	0.5	54
	chrI	126452	1	1.5	151
	chrI	126455	1	0.5	103
	chrI	126456	0	0.5	151
	chrI	126460	1	0.5	149
	chrI	126462	0	0.5	151
	chrI	126464	0	0.5	151
	chrI	126490	1	0.5	131
	chrI	126495	0	0.5	95
	chrI	126498	0	0.5	146
	chrI	126503	1	0.5	150
	chrI	126504	0	0.5	110
	chrI	126505	0	1.0	141
	chrI	126528	1	0.5	89
	chrI	126530	1	1.0	151
	chrI	126531	1	0.5	151
	chrI	126543	0	0.5	133
	chrI	126553	1	1.0	137
	chrI	126553	1	0.5	125
	chrI	126555	0	0.5	151
	chrI	126557	1	0.5	151
	chrI	126558	1	0.5	151
	chrI	126563	0	1.0	120
	chrI	126565	0	0.5	149
	chrI	126569	0	0.5	64
	chrI	126591	1	0.5	95
	chrI	126595	0	1.0	93
	chrI	126598	0	0.5	151
	chrI	126604	0	0.5	36
	chrI	126609	0	0.5	100
	chrI	126614	1	0.5	110
	chrI	126622	0	1.0	116
	chrI	126629	0	0.5	151
	chrI	126629	1	0.5	151
	chrI	126630	0	0.5	98
	chrI	126633	0	0.5	151
	chrI	126634	1	0.5	64
	chrI	126635	0	0.5	143
	chrI	126635	1	0.5	151
	chrI	126641	1	0.5	36
	chrI	126642	1	0.5	151
	chrI	126643	1	0.5	146
	chrI	126644	0	0.5	104
	chrI	126645	1	1.0	141
	chrI	126646	0	1.0	141
	chrI	126646	0	0.5	151
	chrI	126647	0	0.5	141
	chrI	126647	0	0.5	151
	chrI	126653	0	1.0	138
	chrI	126659	0	0.5	151
	chrI	126661	0	0.5	146
	chrI	126663	0	1.0	137
	chrI	126675	1	0.5	133
	chrI	126676	0	0.5	151
	chrI	126680	0	0.5	151
	chrI	126684	1	1.0	120
	chrI	126690	1	1.0	93
	chrI	126710	1	0.5	100
	chrI	126713	1	0.5	149
	chrI	126727	0	0.5	51
	chrI	126730	1	0.5	98
	chrI	126732	1	0.5	151
	chrI	126740	0	0.5	151
	chrI	126741	1	1.0	116
	chrI	126745	0	0.5	151
	chrI	126748	1	0.5	104
	chrI	126763	0	0.5	113
	chrI	126776	1	0.5	151
	chrI	126777	1	0.5	143
	chrI	126778	1	0.5	51
	chrI	126786	1	1.0	141
	chrI	126787	1	0.5	141
	chrI	126790	1	1.0	138
	chrI	126796	1	0.5	151
	chrI	126799	1	1.0	137
	chrI	126806	1	0.5	146
	chrI	126806	1	0.5	151
	chrI	126817	1	0.5	151
	chrI	126818	0	0.5	55
	chrI	126822	0	0.5	147
	chrI	126842	1	0.5	151
	chrI	126847	1	0.5	151
	chrI	126848	1	0.5	151
	chrI	126876	1	0.5	55
	chrI	126877	1	0.5	113
	chrI	126895	1	0.5	150
	chrI	126900	1	0.5	149
	chrI	126901	1	0.5	147
	chrI	126917	0	0.5	151
	chrI	126938	0	1.5	87
	chrI	126939	0	0.5	88
	chrI	126947	0	0.5	127
	chrI	126948	0	2.0	151
	chrI	126954	0	0.5	112
	chrI	126969	0	0.5	88
	chrI	126993	0	0.5	90
	chrI	127009	0	0.5	104
	chrI	127022	0	1.0	91
	chrI	127027	1	0.5	88
	chrI	127028	1	1.5	87
	chrI	127030	0	1.0	138
	chrI	127051	0	0.5	114
	chrI	127058	1	0.5	88
	chrI	127070	0	0.5	148
	chrI	127071	1	0.5	112
	chrI	127075	1	0.5	127
	chrI	127085	1	0.5	90
	chrI	127093	0	0.5	128
	chrI	127098	1	0.5	151
	chrI	127099	0	0.5	128
	chrI	127099	0	1.5	137
	chrI	127099	0	0.5	120
	chrI	127100	0	0.5	151
	chrI	127107	1	2.0	151
	chrI	127109	0	0.5	107
	chrI	127109	0	1.0	124
	chrI	127114	1	1.0	91
	chrI	127114	1	0.5	104
	chrI	127135	0	0.5	151
	chrI	127161	0	0.5	145
	chrI	127164	0	0.5	108
	chrI	127167	1	1.0	138
	chrI	127167	1	0.5	151
	chrI	127168	1	0.5	114
	chrI	127217	0	1.0	74
	chrI	127217	1	0.5	148
	chrI	127217	1	0.5	107
	chrI	127220	1	0.5	120
	chrI	127222	1	0.5	128
	chrI	127225	0	1.5	111
	chrI	127226	1	0.5	128
	chrI	127231	0	0.5	95
	chrI	127234	1	1.0	124
	chrI	127235	0	0.5	92
	chrI	127235	1	1.5	137
	chrI	127237	0	1.0	151
	chrI	127238	0	0.5	151
	chrI	127241	0	0.5	46
	chrI	127247	0	0.5	151
	chrI	127262	0	0.5	104
	chrI	127272	1	0.5	108
	chrI	127287	1	0.5	46
	chrI	127292	1	1.0	74
	chrI	127298	0	1.5	151
	chrI	127299	1	0.5	150
	chrI	127305	1	0.5	145
	chrI	127307	0	0.5	151
	chrI	127327	1	0.5	95
	chrI	127328	1	0.5	92
	chrI	127339	1	1.5	111
	chrI	127365	1	0.5	104
	chrI	127381	1	0.5	151
	chrI	127384	0	0.5	96
	chrI	127399	1	1.0	151
	chrI	127400	0	0.5	151
	chrI	127402	0	0.5	100
	chrI	127402	1	0.5	151
	chrI	127408	1	0.5	151
	chrI	127411	0	0.5	98
	chrI	127420	0	1.0	128
	chrI	127444	0	1.0	141
	chrI	127447	0	0.5	138
	chrI	127447	0	0.5	151
	chrI	127448	0	0.5	73
	chrI	127457	1	0.5	151
	chrI	127470	0	0.5	151
	chrI	127472	0	0.5	151
	chrI	127478	1	1.5	151
	chrI	127481	1	0.5	96
	chrI	127485	0	0.5	112
	chrI	127501	0	1.0	86
	chrI	127506	1	0.5	100
	chrI	127510	1	0.5	98
	chrI	127513	0	0.5	94
	chrI	127522	1	0.5	73
	chrI	127529	0	0.5	151
	chrI	127551	1	1.0	128
	chrI	127554	0	0.5	69
	chrI	127567	0	1.5	151
	chrI	127584	1	0.5	138
	chrI	127584	1	1.0	141
	chrI	127584	1	0.5	151
	chrI	127589	0	1.5	151
	chrI	127589	1	1.0	86
	chrI	127590	0	0.5	151
	chrI	127592	0	1.0	151
	chrI	127592	0	1.0	79
	chrI	127598	1	0.5	112
	chrI	127600	0	1.0	151
	chrI	127604	1	0.5	151
	chrI	127607	1	0.5	94
	chrI	127611	0	1.0	151
	chrI	127617	0	0.5	151
	chrI	127622	1	0.5	69
	chrI	127623	1	0.5	151
	chrI	127624	0	0.5	151
	chrI	127627	1	0.5	149
	chrI	127635	0	0.5	151
	chrI	127648	0	1.0	151
	chrI	127654	0	0.5	70
	chrI	127672	1	1.0	79
	chrI	127674	0	0.5	151
	chrI	127697	1	0.5	151
	chrI	127719	0	0.5	48
	chrI	127725	1	0.5	70
	chrI	127752	1	1.0	151
	chrI	127753	1	1.0	151
	chrI	127754	1	1.5	151
	chrI	127755	0	0.5	76
	chrI	127770	1	0.5	48
	chrI	127771	0	0.5	49
	chrI	127771	1	0.5	151
	chrI	127773	1	1.0	151
	chrI	127777	1	0.5	151
	chrI	127779	0	0.5	151
	chrI	127779	0	0.5	109
	chrI	127786	1	0.5	151
	chrI	127795	1	0.5	151
	chrI	127800	0	0.5	151
	chrI	127802	0	0.5	87
	chrI	127804	1	1.0	151
	chrI	127813	0	1.0	151
	chrI	127822	1	1.0	151
	chrI	127823	1	0.5	49
	chrI	127824	0	0.5	151
	chrI	127827	0	1.5	103
	chrI	127827	1	0.5	151
	chrI	127832	0	0.5	151
	chrI	127832	1	0.5	76
	chrI	127844	0	0.5	49
	chrI	127871	0	0.5	93
	chrI	127876	0	0.5	46
	chrI	127890	1	0.5	87
	chrI	127893	1	0.5	109
	chrI	127894	1	0.5	49
	chrI	127915	0	0.5	151
	chrI	127916	0	0.5	131
	chrI	127916	0	1.0	127
	chrI	127917	0	1.0	151
	chrI	127919	0	0.5	118
	chrI	127923	1	0.5	46
	chrI	127927	0	0.5	140
	chrI	127931	0	1.0	148
	chrI	127931	1	1.5	103
	chrI	127946	0	0.5	151
	chrI	127958	1	0.5	151
	chrI	127963	0	0.5	151
	chrI	127965	1	0.5	93
	chrI	127969	0	0.5	129
	chrI	127969	0	0.5	125
	chrI	127969	0	1.0	126
	chrI	127971	0	0.5	151
	chrI	127983	0	0.5	76
	chrI	127984	1	1.5	151
	chrI	127991	0	0.5	151
	chrI	128015	0	0.5	71
	chrI	128039	1	0.5	118
	chrI	128040	0	0.5	110
	chrI	128046	1	0.5	131
	chrI	128046	1	1.0	127
	chrI	128061	1	0.5	76
	chrI	128066	1	0.5	140
	chrI	128076	0	0.5	51
	chrI	128076	0	0.5	70
	chrI	128078	1	1.0	148
	chrI	128081	1	1.0	151
	chrI	128088	0	0.5	90
	chrI	128088	0	0.5	91
	chrI	128088	1	0.5	71
	chrI	128089	1	0.5	151
	chrI	128097	1	0.5	129
	chrI	128097	1	0.5	125
	chrI	128097	1	1.0	126
	chrI	128103	0	0.5	150
	chrI	128121	1	0.5	17
	chrI	128122	1	0.5	151
	chrI	128123	0	0.5	82
	chrI	128127	0	0.5	151
	chrI	128129	1	0.5	151
	chrI	128130	1	0.5	99
	chrI	128131	1	0.5	51
	chrI	128132	0	0.5	151
	chrI	128133	0	0.5	52
	chrI	128135	0	0.5	122
	chrI	128136	0	0.5	151
	chrI	128136	0	0.5	103
	chrI	128136	0	0.5	119
	chrI	128136	0	0.5	121
	chrI	128139	0	1.0	92
	chrI	128139	0	0.5	93
	chrI	128148	0	0.5	113
	chrI	128150	1	0.5	70
	chrI	128152	1	0.5	110
	chrI	128158	1	0.5	151
	chrI	128161	0	0.5	44
	chrI	128161	1	0.5	151
	chrI	128162	0	0.5	81
	chrI	128175	0	0.5	142
	chrI	128175	0	0.5	117
	chrI	128179	0	0.5	68
	chrI	128179	1	0.5	151
	chrI	128179	1	0.5	90
	chrI	128179	1	0.5	91
	chrI	128180	0	0.5	151
	chrI	128185	1	0.5	52
	chrI	128197	0	0.5	40
	chrI	128209	1	0.5	44
	chrI	128209	1	0.5	82
	chrI	128217	0	0.5	66
	chrI	128233	1	1.0	92
	chrI	128233	1	0.5	93
	chrI	128237	1	0.5	40
	chrI	128241	0	1.0	124
	chrI	128243	1	0.5	103
	chrI	128244	1	0.5	81
	chrI	128248	1	0.5	68
	chrI	128252	1	0.5	150
	chrI	128256	1	0.5	119
	chrI	128256	1	0.5	121
	chrI	128256	1	0.5	122
	chrI	128262	1	0.5	113
	chrI	128264	0	0.5	52
	chrI	128265	0	0.5	138
	chrI	128265	0	0.5	151
	chrI	128285	1	0.5	66
	chrI	128286	0	0.5	151
	chrI	128286	1	0.5	150
	chrI	128289	0	1.0	146
	chrI	128293	1	0.5	117
	chrI	128294	1	0.5	151
	chrI	128300	0	0.5	151
	chrI	128303	0	0.5	130
	chrI	128311	0	1.0	134
	chrI	128316	1	0.5	142
	chrI	128317	1	0.5	52
	chrI	128318	1	0.5	151
	chrI	128338	0	0.5	151
	chrI	128339	0	0.5	151
	chrI	128339	1	0.5	151
	chrI	128345	0	0.5	74
	chrI	128368	1	1.0	124
	chrI	128371	0	1.5	112
	chrI	128402	1	0.5	138
	chrI	128405	0	0.5	151
	chrI	128420	1	0.5	74
	chrI	128432	1	0.5	130
	chrI	128434	1	1.0	146
	chrI	128439	0	0.5	151
	chrI	128442	1	0.5	151
	chrI	128444	1	1.0	134
	chrI	128446	0	1.0	151
	chrI	128446	1	0.5	151
	chrI	128447	0	1.0	151
	chrI	128459	1	0.5	151
	chrI	128460	0	0.5	151
	chrI	128465	0	0.5	151
	chrI	128479	0	1.5	116
	chrI	128480	0	0.5	118
	chrI	128485	1	1.5	112
	chrI	128529	0	0.5	151
	chrI	128537	0	1.0	133
	chrI	128537	1	0.5	151
	chrI	128544	0	1.0	151
	chrI	128550	0	1.0	151
	chrI	128562	1	0.5	151
	chrI	128563	0	0.5	151
	chrI	128578	0	0.5	89
	chrI	128597	1	1.5	116
	chrI	128598	1	0.5	151
	chrI	128599	0	2.5	151
	chrI	128601	1	0.5	118
	chrI	128606	1	0.5	151
	chrI	128610	1	0.5	151
	chrI	128612	0	0.5	151
	chrI	128616	0	0.5	135
	chrI	128618	1	1.0	151
	chrI	128625	1	0.5	151
	chrI	128628	0	0.5	122
	chrI	128634	0	0.5	84
	chrI	128636	0	1.0	151
	chrI	128641	0	0.5	114
	chrI	128642	0	0.5	49
	chrI	128644	0	0.5	151
	chrI	128662	0	0.5	151
	chrI	128669	1	1.0	133
	chrI	128669	1	0.5	89
	chrI	128679	1	0.5	151
	chrI	128680	0	0.5	96
	chrI	128680	1	0.5	151
	chrI	128683	0	0.5	151
	chrI	128686	0	1.0	140
	chrI	128689	0	0.5	117
	chrI	128692	1	0.5	49
	chrI	128694	0	0.5	128
	chrI	128705	1	2.0	151
	chrI	128712	0	0.5	120
	chrI	128720	1	0.5	84
	chrI	128728	0	1.5	151
	chrI	128729	0	0.5	48
	chrI	128736	1	0.5	151
	chrI	128747	0	0.5	151
	chrI	128748	0	0.5	151
	chrI	128750	1	0.5	135
	chrI	128752	1	0.5	151
	chrI	128752	1	0.5	122
	chrI	128754	0	0.5	148
	chrI	128758	1	0.5	114
	chrI	128772	0	0.5	151
	chrI	128779	1	0.5	96
	chrI	128780	0	0.5	135
	chrI	128780	0	0.5	60
	chrI	128780	1	0.5	48
	chrI	128781	1	1.5	151
	chrI	128782	0	0.5	151
	chrI	128782	0	0.5	117
	chrI	128795	1	0.5	151
	chrI	128805	1	0.5	117
	chrI	128825	1	1.0	140
	chrI	128827	1	0.5	128
	chrI	128827	1	0.5	151
	chrI	128833	1	0.5	120
	chrI	128841	1	0.5	60
	chrI	128847	0	0.5	93
	chrI	128867	1	1.0	151
	chrI	128894	0	1.0	151
	chrI	128894	1	1.5	151
	chrI	128895	0	0.5	146
	chrI	128895	0	0.5	151
	chrI	128900	1	0.5	117
	chrI	128901	1	0.5	148
	chrI	128904	1	0.5	151
	chrI	128905	0	0.5	151
	chrI	128914	1	0.5	135
	chrI	128915	0	0.5	151
	chrI	128918	1	1.5	151
	chrI	128921	0	1.5	151
	chrI	128938	0	0.5	127
	chrI	128940	1	0.5	93
	chrI	128941	0	0.5	151
	chrI	128942	0	0.5	87
	chrI	128943	0	0.5	151
	chrI	128943	0	0.5	83
	chrI	128943	0	0.5	84
	chrI	128948	1	0.5	151
	chrI	128951	0	1.0	135
	chrI	128951	1	1.0	151
	chrI	128957	0	1.0	141
	chrI	128964	0	0.5	151
	chrI	128966	0	0.5	75
	chrI	128969	1	0.5	151
	chrI	128976	0	0.5	151
	chrI	128982	0	1.0	80
	chrI	128996	0	0.5	111
	chrI	128998	0	0.5	67
	chrI	129028	1	0.5	83
	chrI	129028	1	0.5	84
	chrI	129031	1	0.5	87
	chrI	129033	0	1.5	133
	chrI	129040	1	0.5	146
	chrI	129041	1	0.5	75
	chrI	129065	1	1.0	151
	chrI	129065	1	1.0	80
	chrI	129065	1	0.5	127
	chrI	129066	1	0.5	67
	chrI	129067	0	0.5	96
	chrI	129070	1	1.5	151
	chrI	129073	0	0.5	77
	chrI	129074	0	0.5	127
	chrI	129075	0	1.0	116
	chrI	129078	1	0.5	151
	chrI	129079	0	0.5	122
	chrI	129081	0	0.5	100
	chrI	129084	1	1.0	151
	chrI	129085	1	1.0	135
	chrI	129086	0	0.5	138
	chrI	129086	0	0.5	101
	chrI	129086	0	0.5	106
	chrI	129086	0	0.5	108
	chrI	129086	0	0.5	112
	chrI	129086	0	0.5	115
	chrI	129090	0	1.0	82
	chrI	129091	0	0.5	148
	chrI	129097	1	1.0	141
	chrI	129103	1	0.5	151
	chrI	129109	1	0.5	111
	chrI	129110	0	1.0	90
	chrI	129115	1	0.5	151
	chrI	129118	0	0.5	97
	chrI	129121	0	0.5	79
	chrI	129134	1	0.5	151
	chrI	129151	1	0.5	77
	chrI	129165	1	1.5	133
	chrI	129165	1	0.5	96
	chrI	129173	1	1.0	82
	chrI	129177	0	0.5	151
	chrI	129183	1	0.5	100
	chrI	129187	1	0.5	101
	chrI	129190	0	0.5	91
	chrI	129191	0	0.5	151
	chrI	129191	1	1.0	116
	chrI	129192	0	0.5	140
	chrI	129193	1	0.5	106
	chrI	129193	1	0.5	108
	chrI	129198	0	0.5	151
	chrI	129200	1	0.5	112
	chrI	129200	1	0.5	115
	chrI	129201	0	0.5	151
	chrI	129201	1	0.5	79
	chrI	129201	1	1.0	90
	chrI	129201	1	0.5	122
	chrI	129202	0	0.5	151
	chrI	129202	0	2.0	125
	chrI	129202	1	0.5	127
	chrI	129214	0	1.0	143
	chrI	129216	1	0.5	97
	chrI	129218	0	1.5	143
	chrI	129222	0	1.0	110
	chrI	129223	1	0.5	138
	chrI	129231	0	0.5	148
	chrI	129237	0	0.5	92
	chrI	129238	1	0.5	148
	chrI	129260	0	0.5	147
	chrI	129281	1	0.5	91
	chrI	129307	0	1.0	114
	chrI	129326	0	0.5	151
	chrI	129331	1	0.5	140
	chrI	129331	1	0.5	92
	chrI	129331	1	2.0	125
	chrI	129333	1	1.0	110
	chrI	129336	1	0.5	151
	chrI	129356	1	1.0	143
	chrI	129360	1	1.5	143
	chrI	129360	1	1.0	151
	chrI	129361	1	0.5	151
	chrI	129367	1	0.5	151
	chrI	129380	0	0.5	151
	chrI	129396	1	0.5	151
	chrI	129401	1	0.5	151
	chrI	129402	0	0.5	143
	chrI	129404	0	0.5	151
	chrI	129406	1	0.5	147
	chrI	129422	1	1.0	114
	chrI	129435	0	0.5	142
	chrI	129438	0	0.5	104
	chrI	129443	0	0.5	108
	chrI	129455	0	0.5	85
	chrI	129456	0	0.5	100
	chrI	129470	0	0.5	86
	chrI	129484	0	0.5	151
	chrI	129499	0	1.0	83
	chrI	129499	1	0.5	151
	chrI	129513	0	0.5	69
	chrI	129534	0	0.5	149
	chrI	129534	0	0.5	151
	chrI	129538	0	1.0	151
	chrI	129539	0	0.5	147
	chrI	129541	1	0.5	85
	chrI	129543	1	0.5	104
	chrI	129544	1	0.5	143
	chrI	129548	1	0.5	151
	chrI	129553	1	0.5	108
	chrI	129554	0	0.5	151
	chrI	129556	1	0.5	86
	chrI	129556	1	0.5	100
	chrI	129559	0	0.5	146
	chrI	129562	1	0.5	151
	chrI	129576	1	0.5	142
	chrI	129580	0	0.5	56
	chrI	129582	1	0.5	69
	chrI	129582	1	1.0	83
	chrI	129610	0	0.5	104
	chrI	129613	0	1.0	85
	chrI	129620	0	0.5	143
	chrI	129622	0	0.5	114
	chrI	129622	0	1.0	116
	chrI	129627	0	0.5	151
	chrI	129638	1	0.5	56
	chrI	129642	0	0.5	151
	chrI	129658	0	0.5	42
	chrI	129683	1	0.5	151
	chrI	129685	0	0.5	150
	chrI	129685	1	0.5	147
	chrI	129688	1	1.0	151
	chrI	129697	1	1.0	151
	chrI	129698	0	0.5	151
	chrI	129699	1	1.0	85
	chrI	129702	1	0.5	42
	chrI	129704	1	0.5	146
	chrI	129705	0	1.0	151
	chrI	129706	0	1.0	151
	chrI	129707	0	1.0	147
	chrI	129707	0	0.5	151
	chrI	129714	1	0.5	104
	chrI	129732	0	0.5	79
	chrI	129738	1	0.5	114
	chrI	129738	1	1.0	116
	chrI	129755	0	0.5	67
	chrI	129762	1	0.5	143
	chrI	129781	0	0.5	59
	chrI	129812	1	0.5	79
	chrI	129824	1	0.5	67
	chrI	129834	1	0.5	150
	chrI	129841	1	0.5	59
	chrI	129842	0	0.5	122
	chrI	129843	1	0.5	151
	chrI	129853	1	1.0	147
	chrI	129864	1	0.5	151
	chrI	129868	1	0.5	151
	chrI	129869	1	0.5	151
	chrI	129870	0	0.5	151
	chrI	129870	1	1.0	151
	chrI	129876	0	0.5	151
	chrI	129880	1	0.5	151
	chrI	129882	1	0.5	151
	chrI	129883	0	0.5	151
	chrI	129892	0	1.0	127
	chrI	129931	1	0.5	151
	chrI	129953	0	0.5	71
	chrI	129959	0	0.5	151
	chrI	129964	1	0.5	122
	chrI	130020	1	1.0	127
	chrI	130025	0	0.5	109
	chrI	130027	1	0.5	71
	chrI	130031	1	0.5	151
	chrI	130033	1	0.5	151
	chrI	130037	1	0.5	151
	chrI	130043	0	0.5	151
	chrI	130043	0	0.5	113
	chrI	130043	0	1.0	114
	chrI	130044	0	0.5	138
	chrI	130104	0	0.5	116
	chrI	130137	1	0.5	109
	chrI	130140	1	0.5	151
	chrI	130158	1	0.5	113
	chrI	130158	1	1.0	114
	chrI	130181	1	0.5	138
	chrI	130182	0	0.5	151
	chrI	130197	0	0.5	151
	chrI	130206	0	0.5	52
	chrI	130216	0	0.5	133
	chrI	130216	1	0.5	151
	chrI	130221	1	0.5	116
	chrI	130239	0	0.5	151
	chrI	130246	0	0.5	102
	chrI	130252	0	0.5	123
	chrI	130261	1	0.5	52
	chrI	130276	0	0.5	50
	chrI	130314	0	0.5	55
	chrI	130327	1	0.5	50
	chrI	130335	0	0.5	151
	chrI	130336	0	0.5	148
	chrI	130336	0	0.5	151
	chrI	130348	1	0.5	133
	chrI	130350	1	0.5	102
	chrI	130355	1	0.5	151
	chrI	130357	0	0.5	151
	chrI	130368	0	0.5	151
	chrI	130371	0	0.5	151
	chrI	130371	0	0.5	78
	chrI	130373	1	0.5	55
	chrI	130374	1	0.5	151
	chrI	130376	0	1.0	150
	chrI	130376	0	0.5	151
	chrI	130376	1	0.5	123
	chrI	130377	0	1.0	151
	chrI	130385	0	0.5	151
	chrI	130393	0	1.0	151
	chrI	130404	0	0.5	151
	chrI	130406	0	0.5	114
	chrI	130443	0	0.5	151
	chrI	130443	0	0.5	57
	chrI	130443	0	1.0	122
	chrI	130451	1	0.5	78
	chrI	130471	0	0.5	67
	chrI	130500	1	0.5	57
	chrI	130506	0	0.5	52
	chrI	130506	1	1.0	151
	chrI	130513	0	0.5	98
	chrI	130515	1	1.0	151
	chrI	130519	1	0.5	114
	chrI	130525	1	1.0	150
	chrI	130530	0	0.5	147
	chrI	130533	0	0.5	132
	chrI	130533	0	0.5	134
	chrI	130534	0	0.5	145
	chrI	130537	0	0.5	151
	chrI	130539	1	0.5	67
	chrI	130543	1	0.5	151
	chrI	130545	1	1.0	151
	chrI	130546	1	1.0	151
	chrI	130547	0	0.5	132
	chrI	130547	0	1.0	151
	chrI	130547	0	0.5	120
	chrI	130549	1	1.0	151
	chrI	130551	0	1.0	151
	chrI	130553	0	0.5	124
	chrI	130554	0	0.5	115
	chrI	130555	0	0.5	70
	chrI	130560	1	0.5	52
	chrI	130562	1	1.0	150
	chrI	130564	1	0.5	151
	chrI	130565	0	0.5	100
	chrI	130566	0	1.0	99
	chrI	130566	0	0.5	100
	chrI	130567	0	2.0	102
	chrI	130568	1	1.0	122
	chrI	130569	0	1.0	70
	chrI	130570	0	0.5	151
	chrI	130570	0	0.5	96
	chrI	130570	0	0.5	105
	chrI	130571	0	0.5	151
	chrI	130572	0	0.5	140
	chrI	130574	0	0.5	103
	chrI	130575	0	0.5	71
	chrI	130575	0	0.5	90
	chrI	130575	0	0.5	101
	chrI	130576	0	0.5	142
	chrI	130576	0	0.5	63
	chrI	130576	0	0.5	112
	chrI	130579	0	0.5	59
	chrI	130580	0	0.5	128
	chrI	130580	0	0.5	151
	chrI	130588	0	0.5	122
	chrI	130612	1	0.5	98
	chrI	130621	0	0.5	55
	chrI	130621	0	0.5	126
	chrI	130624	0	0.5	151
	chrI	130624	0	0.5	99
	chrI	130625	0	0.5	114
	chrI	130627	1	0.5	70
	chrI	130630	0	0.5	113
	chrI	130640	1	0.5	59
	chrI	130640	1	1.0	70
	chrI	130641	1	0.5	63
	chrI	130646	1	0.5	71
	chrI	130651	0	0.5	111
	chrI	130661	0	0.5	80
	chrI	130664	1	0.5	132
	chrI	130666	1	0.5	134
	chrI	130666	1	0.5	90
	chrI	130666	1	1.0	99
	chrI	130666	1	1.0	100
	chrI	130668	1	0.5	96
	chrI	130668	1	0.5	120
	chrI	130671	0	1.0	148
	chrI	130671	1	2.0	102
	chrI	130671	1	0.5	115
	chrI	130673	0	0.5	151
	chrI	130676	1	0.5	147
	chrI	130676	1	0.5	55
	chrI	130677	1	0.5	101
	chrI	130677	1	0.5	105
	chrI	130678	0	1.5	151
	chrI	130678	1	0.5	132
	chrI	130678	1	0.5	145
	chrI	130678	1	0.5	151
	chrI	130678	1	0.5	103
	chrI	130678	1	0.5	124
	chrI	130680	0	0.5	79
	chrI	130682	0	0.5	151
	chrI	130690	1	0.5	112
	chrI	130709	1	0.5	128
	chrI	130711	0	0.5	93
	chrI	130711	1	0.5	140
	chrI	130711	1	0.5	122
	chrI	130717	1	0.5	142
	chrI	130722	1	0.5	151
	chrI	130725	1	0.5	99
	chrI	130734	1	0.5	151
	chrI	130741	1	1.5	151
	chrI	130741	1	0.5	114
	chrI	130742	0	1.5	151
	chrI	130742	0	0.5	112
	chrI	130742	0	0.5	118
	chrI	130742	1	0.5	80
	chrI	130743	0	0.5	151
	chrI	130744	0	0.5	151
	chrI	130744	1	0.5	113
	chrI	130748	0	0.5	140
	chrI	130748	1	0.5	126
	chrI	130749	1	0.5	151
	chrI	130754	0	0.5	63
	chrI	130758	1	0.5	79
	chrI	130765	1	0.5	111
	chrI	130766	1	0.5	151
	chrI	130772	0	0.5	50
	chrI	130788	0	0.5	45
	chrI	130789	0	0.5	137
	chrI	130789	0	0.5	59
	chrI	130809	1	0.5	93
	chrI	130816	0	1.5	57
	chrI	130818	1	1.0	148
	chrI	130818	1	0.5	63
	chrI	130820	0	0.5	151
	chrI	130823	1	0.5	50
	chrI	130827	0	0.5	151
	chrI	130830	0	0.5	61
	chrI	130832	0	0.5	106
	chrI	130832	1	1.5	151
	chrI	130833	0	1.0	134
	chrI	130835	1	0.5	45
	chrI	130840	0	3.0	151
	chrI	130842	0	0.5	151
	chrI	130851	1	0.5	59
	chrI	130855	1	0.5	112
	chrI	130857	1	0.5	151
	chrI	130860	1	0.5	118
	chrI	130876	1	1.5	57
	chrI	130886	1	1.0	151
	chrI	130887	1	0.5	140
	chrI	130890	1	0.5	61
	chrI	130897	0	0.5	77
	chrI	130897	0	0.5	100
	chrI	130907	0	0.5	84
	chrI	130907	1	0.5	151
	chrI	130911	1	1.5	151
	chrI	130914	0	0.5	63
	chrI	130925	0	0.5	73
	chrI	130925	1	0.5	137
	chrI	130939	1	0.5	106
	chrI	130947	0	0.5	90
	chrI	130952	0	0.5	151
	chrI	130966	1	1.0	134
	chrI	130976	1	0.5	77
	chrI	130981	1	0.5	63
	chrI	130983	1	0.5	151
	chrI	130984	1	0.5	151
	chrI	130989	1	0.5	149
	chrI	130993	1	0.5	84
	chrI	130999	1	1.5	151
	chrI	130999	1	0.5	73
	chrI	131000	1	0.5	151
	chrI	131001	0	1.0	151
	chrI	131001	1	1.0	151
	chrI	131001	1	0.5	100
	chrI	131002	0	0.5	59
	chrI	131013	0	0.5	151
	chrI	131022	0	1.0	139
	chrI	131023	0	0.5	134
	chrI	131033	1	0.5	151
	chrI	131035	0	0.5	151
	chrI	131035	0	0.5	116
	chrI	131038	1	0.5	90
	chrI	131057	0	1.0	148
	chrI	131064	1	0.5	59
	chrI	131066	0	0.5	107
	chrI	131081	0	0.5	147
	chrI	131085	0	0.5	76
	chrI	131086	1	0.5	150
	chrI	131103	1	0.5	151
	chrI	131109	0	1.5	92
	chrI	131137	0	0.5	138
	chrI	131137	0	0.5	41
	chrI	131142	0	1.0	115
	chrI	131143	0	0.5	99
	chrI	131150	1	0.5	116
	chrI	131151	0	0.5	151
	chrI	131156	1	0.5	134
	chrI	131160	1	1.0	139
	chrI	131161	1	0.5	76
	chrI	131173	0	1.0	151
	chrI	131173	1	1.5	151
	chrI	131173	1	0.5	107
	chrI	131179	1	0.5	41
	chrI	131197	0	1.5	133
	chrI	131200	1	0.5	151
	chrI	131202	0	1.5	151
	chrI	131202	1	1.5	92
	chrI	131204	1	1.0	148
	chrI	131215	0	1.0	151
	chrI	131227	1	0.5	147
	chrI	131245	1	0.5	99
	chrI	131259	1	1.0	115
	chrI	131274	1	0.5	138
	chrI	131290	0	0.5	64
	chrI	131313	1	0.5	151
	chrI	131323	0	0.5	88
	chrI	131325	1	1.0	151
	chrI	131329	1	1.5	133
	chrI	131355	0	0.5	135
	chrI	131355	0	0.5	136
	chrI	131355	1	1.0	151
	chrI	131355	1	0.5	64
	chrI	131360	0	1.0	151
	chrI	131363	1	0.5	151
	chrI	131366	0	0.5	151
	chrI	131411	1	0.5	88
	chrI	131425	0	0.5	104
	chrI	131428	0	0.5	56
	chrI	131458	0	0.5	103
	chrI	131471	0	0.5	151
	chrI	131487	1	0.5	56
	chrI	131489	1	0.5	135
	chrI	131490	1	0.5	136
	chrI	131491	0	0.5	93
	chrI	131491	0	0.5	106
	chrI	131496	0	0.5	151
	chrI	131513	0	1.0	66
	chrI	131522	0	0.5	123
	chrI	131527	0	0.5	40
	chrI	131529	1	0.5	104
	chrI	131531	0	0.5	81
	chrI	131531	0	0.5	83
	chrI	131534	1	1.0	151
	chrI	131540	1	1.0	151
	chrI	131541	0	1.0	151
	chrI	131565	1	0.5	103
	chrI	131568	1	0.5	40
	chrI	131581	1	1.0	66
	chrI	131586	1	0.5	93
	chrI	131594	1	0.5	151
	chrI	131599	1	0.5	106
	chrI	131602	0	1.5	151
	chrI	131613	1	0.5	81
	chrI	131613	1	0.5	83
	chrI	131624	0	1.5	151
	chrI	131624	1	0.5	151
	chrI	131635	0	1.5	83
	chrI	131635	0	0.5	85
	chrI	131645	0	0.5	115
	chrI	131645	1	0.5	123
	chrI	131651	0	0.5	144
	chrI	131661	0	0.5	151
	chrI	131689	0	0.5	67
	chrI	131697	1	0.5	151
	chrI	131706	0	0.5	72
	chrI	131709	1	1.0	151
	chrI	131719	1	1.5	83
	chrI	131719	1	0.5	85
	chrI	131739	0	0.5	151
	chrI	131739	0	0.5	65
	chrI	131739	0	0.5	66
	chrI	131752	0	1.0	113
	chrI	131754	1	1.5	151
	chrI	131755	0	0.5	138
	chrI	131758	1	0.5	67
	chrI	131760	1	0.5	114
	chrI	131778	1	0.5	72
	chrI	131792	0	0.5	119
	chrI	131794	1	0.5	144
	chrI	131799	1	1.5	151
	chrI	131806	1	0.5	65
	chrI	131806	1	0.5	66
	chrI	131864	0	1.0	102
	chrI	131865	1	1.0	113
	chrI	131892	1	0.5	138
	chrI	131893	0	0.5	151
	chrI	131893	0	0.5	73
	chrI	131901	0	0.5	143
	chrI	131902	0	0.5	151
	chrI	131905	0	0.5	151
	chrI	131906	0	1.0	151
	chrI	131914	0	1.0	151
	chrI	131914	1	0.5	119
	chrI	131920	1	0.5	151
	chrI	131921	0	0.5	125
	chrI	131923	0	0.5	151
	chrI	131923	0	0.5	117
	chrI	131926	0	1.0	151
	chrI	131943	0	0.5	151
	chrI	131944	0	1.0	151
	chrI	131953	0	0.5	76
	chrI	131966	1	1.0	102
	chrI	131968	1	0.5	73
	chrI	131987	1	0.5	151
	chrI	132007	0	0.5	65
	chrI	132019	0	0.5	124
	chrI	132023	0	0.5	109
	chrI	132035	1	0.5	76
	chrI	132041	1	0.5	117
	chrI	132043	1	0.5	143
	chrI	132047	1	0.5	125
	chrI	132050	0	0.5	91
	chrI	132052	0	1.0	68
	chrI	132052	0	1.0	70
	chrI	132052	0	0.5	71
	chrI	132052	0	0.5	73
	chrI	132053	1	0.5	151
	chrI	132054	0	0.5	66
	chrI	132054	0	0.5	69
	chrI	132054	0	0.5	73
	chrI	132054	0	1.0	87
	chrI	132059	0	0.5	66
	chrI	132062	0	0.5	151
	chrI	132063	0	0.5	79
	chrI	132065	0	0.5	84
	chrI	132066	1	0.5	151
	chrI	132071	0	0.5	151
	chrI	132071	0	0.5	71
	chrI	132071	1	1.5	151
	chrI	132072	1	0.5	65
	chrI	132074	0	0.5	48
	chrI	132074	0	0.5	49
	chrI	132074	0	0.5	66
	chrI	132076	0	0.5	68
	chrI	132076	1	0.5	151
	chrI	132081	1	0.5	151
	chrI	132083	0	0.5	62
	chrI	132084	0	0.5	54
	chrI	132084	0	0.5	57
	chrI	132085	0	0.5	149
	chrI	132085	0	1.0	55
	chrI	132114	0	0.5	80
	chrI	132114	1	1.0	151
	chrI	132121	1	1.0	68
	chrI	132122	1	0.5	66
	chrI	132124	1	0.5	48
	chrI	132124	1	0.5	49
	chrI	132124	1	1.5	70
	chrI	132125	1	0.5	69
	chrI	132126	0	0.5	66
	chrI	132126	1	0.5	73
	chrI	132127	0	0.5	110
	chrI	132127	1	0.5	66
	chrI	132127	1	0.5	73
	chrI	132128	0	0.5	58
	chrI	132128	0	0.5	106
	chrI	132133	1	0.5	109
	chrI	132135	1	0.5	151
	chrI	132139	1	0.5	54
	chrI	132141	1	1.0	55
	chrI	132141	1	0.5	66
	chrI	132142	0	1.0	151
	chrI	132142	1	0.5	57
	chrI	132143	0	0.5	128
	chrI	132143	1	0.5	68
	chrI	132143	1	0.5	71
	chrI	132143	1	0.5	79
	chrI	132143	1	1.0	87
	chrI	132143	1	0.5	91
	chrI	132143	1	0.5	124
	chrI	132144	0	0.5	128
	chrI	132144	0	0.5	151
	chrI	132146	1	0.5	62
	chrI	132149	0	0.5	85
	chrI	132149	1	0.5	84
	chrI	132150	0	0.5	88
	chrI	132155	0	1.0	145
	chrI	132156	0	1.0	53
	chrI	132160	0	0.5	151
	chrI	132162	1	1.0	151
	chrI	132169	1	0.5	151
	chrI	132177	0	0.5	125
	chrI	132187	1	0.5	58
	chrI	132194	1	0.5	66
	chrI	132194	1	0.5	80
	chrI	132213	1	1.0	53
	chrI	132224	0	0.5	106
	chrI	132237	1	0.5	151
	chrI	132237	1	0.5	85
	chrI	132237	1	0.5	88
	chrI	132237	1	0.5	106
	chrI	132238	1	0.5	110
	chrI	132239	0	0.5	151
	chrI	132271	1	0.5	128
	chrI	132276	1	0.5	128
	chrI	132299	1	1.0	145
	chrI	132302	1	0.5	151
	chrI	132304	1	0.5	125
	chrI	132305	1	1.5	151
	chrI	132311	1	0.5	151
	chrI	132314	0	0.5	140
	chrI	132323	0	0.5	128
	chrI	132328	0	0.5	151
	chrI	132331	1	0.5	106
	chrI	132337	0	0.5	114
	chrI	132368	0	1.0	151
	chrI	132372	0	0.5	151
	chrI	132374	0	0.5	107
	chrI	132388	0	1.0	103
	chrI	132389	0	0.5	140
	chrI	132421	0	0.5	102
	chrI	132432	1	1.0	151
	chrI	132451	1	0.5	114
	chrI	132453	0	1.0	151
	chrI	132453	1	0.5	128
	chrI	132453	1	0.5	140
	chrI	132459	0	0.5	151
	chrI	132477	0	0.5	95
	chrI	132478	0	0.5	151
	chrI	132480	1	0.5	151
	chrI	132482	0	1.5	151
	chrI	132482	1	0.5	107
	chrI	132494	1	1.0	103
	chrI	132495	0	0.5	96
	chrI	132523	1	0.5	151
	chrI	132525	1	0.5	102
	chrI	132528	1	0.5	140
	chrI	132529	1	1.0	151
	chrI	132567	0	0.5	99
	chrI	132573	1	0.5	95
	chrI	132574	0	0.5	68
	chrI	132574	0	0.5	126
	chrI	132576	0	0.5	151
	chrI	132578	0	0.5	151
	chrI	132591	1	0.5	96
	chrI	132634	0	0.5	151
	chrI	132636	1	1.0	151
	chrI	132638	1	0.5	151
	chrI	132643	1	0.5	68
	chrI	132648	1	0.5	151
	chrI	132663	0	1.5	67
	chrI	132666	0	0.5	151
	chrI	132666	1	0.5	98
	chrI	132671	0	0.5	86
	chrI	132674	0	0.5	151
	chrI	132675	1	1.5	151
	chrI	132699	0	0.5	56
	chrI	132701	1	0.5	126
	chrI	132725	0	1.0	151
	chrI	132730	1	1.5	67
	chrI	132732	0	0.5	151
	chrI	132750	1	0.5	151
	chrI	132756	1	0.5	56
	chrI	132757	0	1.0	120
	chrI	132757	1	0.5	86
	chrI	132758	0	0.5	58
	chrI	132764	1	0.5	151
	chrI	132765	0	0.5	151
	chrI	132780	0	0.5	68
	chrI	132799	0	0.5	151
	chrI	132816	1	0.5	58
	chrI	132830	1	0.5	151
	chrI	132844	1	0.5	151
	chrI	132850	1	0.5	68
	chrI	132873	0	1.0	151
	chrI	132879	0	0.5	69
	chrI	132880	1	0.5	119
	chrI	132881	1	0.5	120
	chrI	132892	1	1.0	151
	chrI	132900	0	0.5	61
	chrI	132914	0	0.5	82
	chrI	132918	1	0.5	151
	chrI	132923	0	0.5	70
	chrI	132935	0	0.5	118
	chrI	132935	1	0.5	151
	chrI	132949	1	0.5	69
	chrI	132958	0	0.5	66
	chrI	132963	0	0.5	151
	chrI	132963	1	0.5	151
	chrI	132963	1	0.5	61
	chrI	132964	0	0.5	151
	chrI	132965	0	2.0	138
	chrI	132965	0	0.5	151
	chrI	132983	0	2.5	139
	chrI	132996	1	0.5	70
	chrI	132997	1	0.5	82
	chrI	133011	0	0.5	56
	chrI	133013	0	0.5	55
	chrI	133014	0	0.5	56
	chrI	133024	1	0.5	66
	chrI	133034	0	0.5	151
	chrI	133054	1	0.5	118
	chrI	133057	0	1.0	151
	chrI	133060	1	1.0	151
	chrI	133066	0	0.5	117
	chrI	133069	1	0.5	55
	chrI	133069	1	0.5	56
	chrI	133073	1	0.5	56
	chrI	133102	1	2.0	138
	chrI	133105	0	0.5	151
	chrI	133106	0	0.5	151
	chrI	133108	0	1.0	151
	chrI	133113	0	0.5	141
	chrI	133121	1	2.5	139
	chrI	133121	1	0.5	151
	chrI	133123	0	0.5	132
	chrI	133149	0	0.5	101
	chrI	133151	1	0.5	151
	chrI	133160	1	0.5	151
	chrI	133161	0	0.5	151
	chrI	133180	0	1.5	151
	chrI	133182	0	0.5	137
	chrI	133182	0	0.5	151
	chrI	133184	0	1.0	151
	chrI	133184	1	0.5	117
	chrI	133191	1	0.5	151
	chrI	133196	1	0.5	151
	chrI	133221	1	1.0	151
	chrI	133242	0	0.5	151
	chrI	133251	1	0.5	101
	chrI	133253	1	0.5	141
	chrI	133254	1	0.5	132
	chrI	133261	0	0.5	151
	chrI	133263	0	0.5	151
	chrI	133267	1	2.0	151
	chrI	133298	0	1.0	151
	chrI	133318	1	0.5	137
	chrI	133332	1	0.5	151
	chrI	133356	0	0.5	68
	chrI	133356	1	1.5	151
	chrI	133383	1	1.0	151
	chrI	133416	1	0.5	151
	chrI	133427	1	0.5	68
	chrI	133438	0	1.0	151
	chrI	133443	0	0.5	128
	chrI	133443	0	1.0	151
	chrI	133448	1	0.5	151
	chrI	133449	0	0.5	62
	chrI	133454	1	0.5	151
	chrI	133459	0	0.5	151
	chrI	133461	0	0.5	151
	chrI	133474	0	0.5	151
	chrI	133474	0	0.5	124
	chrI	133479	1	0.5	151
	chrI	133483	0	1.5	151
	chrI	133493	0	1.0	113
	chrI	133496	1	0.5	151
	chrI	133499	0	1.0	142
	chrI	133499	0	1.0	151
	chrI	133507	0	0.5	144
	chrI	133507	0	0.5	151
	chrI	133512	1	0.5	62
	chrI	133513	0	0.5	145
	chrI	133514	0	0.5	72
	chrI	133516	0	0.5	98
	chrI	133532	0	1.5	92
	chrI	133535	0	0.5	72
	chrI	133541	0	0.5	62
	chrI	133553	1	0.5	151
	chrI	133574	1	0.5	128
	chrI	133587	1	0.5	72
	chrI	133592	0	0.5	151
	chrI	133595	1	1.0	151
	chrI	133597	1	0.5	124
	chrI	133605	1	1.0	151
	chrI	133605	1	0.5	62
	chrI	133607	0	0.5	151
	chrI	133608	1	1.0	114
	chrI	133610	1	0.5	72
	chrI	133613	0	1.0	105
	chrI	133616	1	0.5	99
	chrI	133618	0	0.5	79
	chrI	133625	1	1.5	92
	chrI	133628	0	0.5	112
	chrI	133636	1	1.0	151
	chrI	133640	1	1.0	142
	chrI	133642	1	0.5	151
	chrI	133650	1	0.5	144
	chrI	133656	1	1.5	151
	chrI	133657	1	0.5	145
	chrI	133658	0	0.5	137
	chrI	133660	1	0.5	151
	chrI	133668	1	0.5	151
	chrI	133677	1	0.5	151
	chrI	133678	0	0.5	151
	chrI	133680	0	0.5	43
	chrI	133688	0	0.5	127
	chrI	133696	0	1.0	120
	chrI	133697	1	0.5	79
	chrI	133717	0	1.0	151
	chrI	133720	1	1.0	105
	chrI	133726	1	0.5	43
	chrI	133729	0	0.5	96
	chrI	133739	1	0.5	112
	chrI	133747	0	0.5	49
	chrI	133764	1	0.5	150
	chrI	133767	1	0.5	151
	chrI	133768	0	0.5	75
	chrI	133770	0	0.5	151
	chrI	133782	0	0.5	151
	chrI	133794	1	0.5	137
	chrI	133799	1	0.5	49
	chrI	133818	1	1.0	120
	chrI	133818	1	0.5	127
	chrI	133828	1	0.5	96
	chrI	133829	0	0.5	151
	chrI	133837	0	0.5	126
	chrI	133837	0	0.5	127
	chrI	133842	1	0.5	151
	chrI	133844	1	0.5	75
	chrI	133865	0	0.5	151
	chrI	133891	0	0.5	148
	chrI	133904	0	1.0	89
	chrI	133924	0	0.5	105
	chrI	133933	0	0.5	97
	chrI	133944	0	0.5	144
	chrI	133944	0	0.5	151
	chrI	133964	1	0.5	126
	chrI	133964	1	0.5	127
	chrI	133965	0	0.5	151
	chrI	133966	1	0.5	151
	chrI	133974	0	0.5	122
	chrI	133978	1	1.0	151
	chrI	133980	0	0.5	147
	chrI	133982	0	1.0	107
	chrI	133996	1	1.0	90
	chrI	134004	1	0.5	151
	chrI	134018	0	0.5	151
	chrI	134021	0	0.5	91
	chrI	134030	0	0.5	137
	chrI	134030	1	0.5	105
	chrI	134031	1	0.5	151
	chrI	134031	1	0.5	97
	chrI	134038	1	0.5	148
	chrI	134042	1	0.5	151
	chrI	134076	0	1.0	151
	chrI	134087	1	0.5	144
	chrI	134090	1	1.0	107
	chrI	134095	0	0.5	93
	chrI	134096	1	0.5	122
	chrI	134113	1	0.5	91
	chrI	134117	0	0.5	133
	chrI	134117	0	0.5	117
	chrI	134120	1	0.5	151
	chrI	134124	1	0.5	151
	chrI	134126	0	0.5	109
	chrI	134126	0	0.5	111
	chrI	134126	1	0.5	147
	chrI	134128	0	0.5	151
	chrI	134130	0	1.0	114
	chrI	134147	0	0.5	128
	chrI	134149	0	0.5	151
	chrI	134150	0	1.0	151
	chrI	134154	0	1.0	107
	chrI	134166	1	0.5	137
	chrI	134186	0	0.5	83
	chrI	134189	0	0.5	60
	chrI	134190	1	0.5	93
	chrI	134206	1	0.5	151
	chrI	134207	0	1.0	151
	chrI	134210	0	0.5	106
	chrI	134213	0	1.0	98
	chrI	134233	0	0.5	44
	chrI	134235	1	0.5	117
	chrI	134236	1	0.5	109
	chrI	134236	1	0.5	111
	chrI	134244	1	1.0	151
	chrI	134244	1	1.0	114
	chrI	134249	1	0.5	133
	chrI	134250	0	0.5	151
	chrI	134250	1	0.5	60
	chrI	134263	0	0.5	135
	chrI	134263	0	0.5	126
	chrI	134263	1	1.0	107
	chrI	134265	0	0.5	146
	chrI	134265	0	2.0	147
	chrI	134270	1	0.5	83
	chrI	134271	0	0.5	131
	chrI	134276	1	0.5	128
	chrI	134280	1	0.5	44
	chrI	134298	1	0.5	151
	chrI	134307	1	0.5	151
	chrI	134312	1	1.0	98
	chrI	134318	0	1.5	151
	chrI	134318	0	0.5	71
	chrI	134318	1	0.5	106
	chrI	134323	1	1.0	151
	chrI	134324	0	0.5	127
	chrI	134326	0	0.5	151
	chrI	134365	0	1.0	151
	chrI	134375	1	0.5	151
	chrI	134377	1	0.5	151
	chrI	134378	0	0.5	97
	chrI	134379	0	0.5	65
	chrI	134380	0	1.0	150
	chrI	134392	1	0.5	71
	chrI	134392	1	0.5	126
	chrI	134397	1	0.5	135
	chrI	134401	1	0.5	131
	chrI	134402	0	1.5	151
	chrI	134410	1	0.5	146
	chrI	134411	1	2.0	147
	chrI	134411	1	0.5	151
	chrI	134414	0	0.5	77
	chrI	134417	0	1.0	139
	chrI	134421	0	1.0	151
	chrI	134445	1	0.5	65
	chrI	134453	1	0.5	127
	chrI	134454	0	1.0	151
	chrI	134454	0	0.5	112
	chrI	134459	0	1.0	128
	chrI	134459	0	0.5	130
	chrI	134461	0	0.5	83
	chrI	134468	0	1.0	42
	chrI	134477	1	0.5	97
	chrI	134479	1	1.0	151
	chrI	134492	1	0.5	77
	chrI	134495	1	0.5	151
	chrI	134512	1	1.0	42
	chrI	134525	0	0.5	151
	chrI	134526	1	1.0	151
	chrI	134527	1	0.5	148
	chrI	134529	0	1.0	138
	chrI	134529	1	0.5	150
	chrI	134543	1	0.5	83
	chrI	134553	1	1.5	151
	chrI	134555	1	1.0	139
	chrI	134556	0	1.0	56
	chrI	134560	0	0.5	151
	chrI	134565	0	1.0	151
	chrI	134565	0	0.5	106
	chrI	134567	1	0.5	112
	chrI	134569	0	0.5	52
	chrI	134569	1	0.5	151
	chrI	134575	0	2.0	151
	chrI	134583	0	0.5	100
	chrI	134588	1	1.0	128
	chrI	134588	1	0.5	130
	chrI	134613	1	1.0	56
	chrI	134623	1	0.5	52
	chrI	134630	1	1.0	151
	chrI	134657	0	0.5	114
	chrI	134666	1	1.0	138
	chrI	134673	1	1.0	151
	chrI	134674	0	0.5	150
	chrI	134674	1	0.5	106
	chrI	134685	1	0.5	100
	chrI	134686	1	0.5	151
	chrI	134687	0	0.5	151
	chrI	134711	1	0.5	151
	chrI	134721	0	0.5	151
	chrI	134725	0	1.0	151
	chrI	134739	1	2.0	151
	chrI	134741	0	0.5	151
	chrI	134750	0	0.5	73
	chrI	134753	0	0.5	93
	chrI	134757	1	0.5	151
	chrI	134766	0	0.5	151
	chrI	134767	0	0.5	151
	chrI	134772	1	0.5	114
	chrI	134777	0	0.5	151
	chrI	134780	0	0.5	151
	chrI	134811	0	0.5	94
	chrI	134811	0	0.5	97
	chrI	134823	1	0.5	150
	chrI	134823	1	0.5	73
	chrI	134832	1	0.5	151
	chrI	134836	0	0.5	51
	chrI	134841	0	1.0	151
	chrI	134847	1	0.5	93
	chrI	134854	1	0.5	151
	chrI	134859	0	0.5	151
	chrI	134887	1	1.0	151
	chrI	134888	1	0.5	51
	chrI	134889	1	0.5	151
	chrI	134892	0	0.5	151
	chrI	134894	1	0.5	151
	chrI	134896	0	0.5	151
	chrI	134899	0	0.5	50
	chrI	134905	0	0.5	148
	chrI	134909	1	0.5	94
	chrI	134909	1	0.5	97
	chrI	134910	0	0.5	143
	chrI	134911	0	0.5	151
	chrI	134916	0	0.5	117
	chrI	134934	1	0.5	151
	chrI	134938	1	0.5	151
	chrI	134940	0	0.5	113
	chrI	134943	1	0.5	151
	chrI	134949	1	0.5	50
	chrI	134955	0	0.5	95
	chrI	134974	0	0.5	151
	chrI	134987	0	0.5	64
	chrI	135020	1	1.0	151
	chrI	135034	1	0.5	117
	chrI	135038	0	2.0	140
	chrI	135039	0	0.5	148
	chrI	135040	1	0.5	149
	chrI	135044	0	0.5	49
	chrI	135051	0	0.5	151
	chrI	135051	1	0.5	95
	chrI	135052	0	0.5	143
	chrI	135052	1	0.5	143
	chrI	135052	1	0.5	148
	chrI	135052	1	0.5	151
	chrI	135052	1	0.5	64
	chrI	135054	0	1.0	151
	chrI	135054	1	0.5	113
	chrI	135055	0	0.5	151
	chrI	135055	0	0.5	98
	chrI	135057	0	0.5	58
	chrI	135062	0	0.5	151
	chrI	135077	1	0.5	151
	chrI	135089	0	1.5	149
	chrI	135089	1	0.5	151
	chrI	135095	1	0.5	151
	chrI	135095	1	0.5	49
	chrI	135106	0	0.5	137
	chrI	135115	1	0.5	58
	chrI	135117	0	0.5	151
	chrI	135140	0	0.5	101
	chrI	135158	0	0.5	46
	chrI	135158	1	0.5	151
	chrI	135158	1	0.5	98
	chrI	135164	0	0.5	151
	chrI	135171	0	0.5	147
	chrI	135177	1	2.0	140
	chrI	135184	0	0.5	151
	chrI	135186	1	0.5	148
	chrI	135194	1	0.5	143
	chrI	135195	0	0.5	151
	chrI	135207	1	0.5	46
	chrI	135224	0	0.5	151
	chrI	135233	1	1.5	151
	chrI	135237	1	1.5	149
	chrI	135237	1	0.5	151
	chrI	135239	0	0.5	150
	chrI	135240	1	0.5	151
	chrI	135242	0	0.5	151
	chrI	135242	1	0.5	137
	chrI	135242	1	0.5	101
	chrI	135244	0	0.5	141
	chrI	135244	0	1.5	151
	chrI	135261	0	0.5	151
	chrI	135289	0	0.5	151
	chrI	135297	0	0.5	98
	chrI	135300	0	1.5	125
	chrI	135302	0	0.5	151
	chrI	135340	1	0.5	151
	chrI	135373	0	1.0	69
	chrI	135375	0	0.5	66
	chrI	135381	1	0.5	151
	chrI	135384	1	0.5	141
	chrI	135387	1	1.0	151
	chrI	135388	1	0.5	150
	chrI	135389	0	1.0	151
	chrI	135395	1	0.5	151
	chrI	135396	1	0.5	98
	chrI	135402	0	0.5	98
	chrI	135402	1	1.0	151
	chrI	135407	0	0.5	150
	chrI	135407	0	0.5	151
	chrI	135408	0	1.0	151
	chrI	135408	1	0.5	151
	chrI	135415	1	0.5	151
	chrI	135421	1	0.5	151
	chrI	135424	1	0.5	151
	chrI	135427	0	1.5	151
	chrI	135428	1	1.5	125
	chrI	135439	0	1.0	61
	chrI	135442	1	0.5	66
	chrI	135443	1	0.5	151
	chrI	135443	1	1.0	69
	chrI	135445	0	0.5	54
	chrI	135447	0	0.5	61
	chrI	135447	0	0.5	63
	chrI	135449	0	0.5	119
	chrI	135488	0	0.5	151
	chrI	135495	0	0.5	151
	chrI	135499	1	0.5	54
	chrI	135503	1	1.0	61
	chrI	135503	1	0.5	98
	chrI	135511	0	0.5	151
	chrI	135512	1	1.0	63
	chrI	135520	0	0.5	67
	chrI	135540	0	0.5	53
	chrI	135551	1	0.5	151
	chrI	135552	0	0.5	151
	chrI	135558	1	1.5	151
	chrI	135561	1	1.5	151
	chrI	135562	0	0.5	150
	chrI	135562	0	0.5	151
	chrI	135565	0	0.5	151
	chrI	135565	0	4.0	87
	chrI	135566	0	0.5	151
	chrI	135567	0	0.5	147
	chrI	135567	0	0.5	151
	chrI	135572	1	0.5	119
	chrI	135582	0	0.5	150
	chrI	135584	0	0.5	104
	chrI	135585	1	0.5	151
	chrI	135586	0	1.5	151
	chrI	135586	1	1.0	151
	chrI	135587	0	0.5	151
	chrI	135588	1	0.5	67
	chrI	135589	0	0.5	121
	chrI	135589	0	0.5	126
	chrI	135595	0	0.5	151
	chrI	135595	1	0.5	54
	chrI	135604	0	0.5	151
	chrI	135614	0	0.5	116
	chrI	135615	0	1.0	115
	chrI	135631	0	2.0	136
	chrI	135652	1	0.5	151
	chrI	135653	0	0.5	74
	chrI	135653	1	3.0	87
	chrI	135654	0	0.5	98
	chrI	135654	0	0.5	113
	chrI	135655	1	1.0	87
	chrI	135662	0	0.5	84
	chrI	135662	0	0.5	87
	chrI	135683	1	0.5	151
	chrI	135690	1	0.5	104
	chrI	135700	0	0.5	98
	chrI	135707	0	0.5	60
	chrI	135710	0	0.5	135
	chrI	135713	0	0.5	151
	chrI	135713	1	0.5	147
	chrI	135715	0	0.5	70
	chrI	135715	1	0.5	121
	chrI	135715	1	0.5	126
	chrI	135718	0	0.5	70
	chrI	135724	0	0.5	151
	chrI	135728	1	0.5	151
	chrI	135728	1	0.5	74
	chrI	135729	1	0.5	151
	chrI	135731	1	0.5	150
	chrI	135731	1	0.5	151
	chrI	135731	1	1.0	115
	chrI	135731	1	0.5	116
	chrI	135732	0	0.5	63
	chrI	135732	1	0.5	151
	chrI	135734	0	1.0	61
	chrI	135734	0	1.0	71
	chrI	135734	0	1.5	82
	chrI	135736	0	1.0	151
	chrI	135736	1	0.5	151
	chrI	135740	1	1.0	151
	chrI	135746	1	0.5	84
	chrI	135750	0	0.5	54
	chrI	135751	1	0.5	151
	chrI	135751	1	0.5	87
	chrI	135752	1	0.5	151
	chrI	135752	1	0.5	98
	chrI	135755	0	0.5	43
	chrI	135755	0	0.5	81
	chrI	135757	1	0.5	151
	chrI	135758	1	1.0	151
	chrI	135761	0	0.5	53
	chrI	135762	0	0.5	74
	chrI	135762	1	0.5	151
	chrI	135763	0	1.0	151
	chrI	135764	0	0.5	151
	chrI	135766	1	2.0	136
	chrI	135767	1	0.5	113
	chrI	135768	0	1.0	151
	chrI	135768	1	0.5	60
	chrI	135769	0	1.5	151
	chrI	135770	0	1.0	151
	chrI	135771	0	1.0	151
	chrI	135771	0	0.5	98
	chrI	135788	0	0.5	151
	chrI	135788	1	1.0	70
	chrI	135799	1	0.5	43
	chrI	135799	1	1.0	61
	chrI	135799	1	0.5	63
	chrI	135799	1	0.5	98
	chrI	135802	0	0.5	151
	chrI	135806	1	0.5	54
	chrI	135806	1	1.0	71
	chrI	135808	0	0.5	151
	chrI	135809	0	1.0	100
	chrI	135809	0	1.5	126
	chrI	135811	0	1.0	151
	chrI	135815	1	0.5	53
	chrI	135817	0	1.5	151
	chrI	135819	1	1.5	82
	chrI	135820	0	1.0	146
	chrI	135821	0	1.0	139
	chrI	135837	1	0.5	74
	chrI	135839	1	0.5	81
	chrI	135844	1	0.5	135
	chrI	135845	0	0.5	116
	chrI	135846	0	0.5	151
	chrI	135864	0	0.5	112
	chrI	135869	0	0.5	94
	chrI	135870	1	0.5	98
	chrI	135871	0	0.5	110
	chrI	135880	0	0.5	65
	chrI	135888	1	0.5	151
	chrI	135899	1	0.5	151
	chrI	135910	1	1.0	100
	chrI	135912	0	0.5	151
	chrI	135913	0	0.5	151
	chrI	135918	0	0.5	151
	chrI	135934	1	1.0	151
	chrI	135935	1	1.5	151
	chrI	135937	1	1.0	151
	chrI	135937	1	1.5	126
	chrI	135938	0	1.0	151
	chrI	135938	0	0.5	82
	chrI	135938	0	1.0	123
	chrI	135940	1	1.0	151
	chrI	135941	0	2.0	151
	chrI	135941	0	0.5	69
	chrI	135942	0	0.5	76
	chrI	135944	1	0.5	65
	chrI	135952	1	1.0	151
	chrI	135954	0	0.5	151
	chrI	135957	1	0.5	151
	chrI	135959	1	1.0	139
	chrI	135962	1	0.5	116
	chrI	135964	1	0.5	151
	chrI	135965	1	1.0	146
	chrI	135965	1	0.5	151
	chrI	135966	1	0.5	151
	chrI	135966	1	0.5	94
	chrI	135977	1	0.5	112
	chrI	135978	1	0.5	151
	chrI	135979	1	0.5	151
	chrI	135980	1	1.5	151
	chrI	135981	0	1.0	151
	chrI	135982	0	0.5	75
	chrI	135982	1	0.5	110
	chrI	135984	0	1.0	151
	chrI	135985	0	0.5	151
	chrI	135991	0	0.5	151
	chrI	136003	1	0.5	151
	chrI	136010	0	0.5	79
	chrI	136010	1	0.5	69
	chrI	136018	1	0.5	76
	chrI	136020	0	0.5	66
	chrI	136021	1	0.5	82
	chrI	136034	0	1.0	90
	chrI	136036	0	0.5	151
	chrI	136037	0	0.5	113
	chrI	136058	1	0.5	75
	chrI	136062	1	1.0	123
	chrI	136066	0	0.5	151
	chrI	136074	1	1.0	151
	chrI	136082	0	0.5	151
	chrI	136087	1	0.5	66
	chrI	136089	1	1.0	151
	chrI	136090	1	0.5	79
	chrI	136096	1	1.5	151
	chrI	136098	0	0.5	151
	chrI	136098	1	0.5	151
	chrI	136099	0	0.5	139
	chrI	136107	0	1.5	151
	chrI	136108	0	0.5	151
	chrI	136111	0	0.5	104
	chrI	136116	0	0.5	115
	chrI	136117	1	1.5	151
	chrI	136124	0	0.5	151
	chrI	136125	1	0.5	151
	chrI	136125	1	1.0	90
	chrI	136133	0	0.5	138
	chrI	136133	0	0.5	151
	chrI	136138	0	0.5	143
	chrI	136139	1	1.0	151
	chrI	136143	0	1.0	66
	chrI	136149	1	0.5	151
	chrI	136153	1	0.5	113
	chrI	136154	0	0.5	151
	chrI	136154	1	0.5	151
	chrI	136164	1	1.0	151
	chrI	136168	0	1.0	59
	chrI	136179	0	0.5	151
	chrI	136207	0	0.5	150
	chrI	136207	0	0.5	68
	chrI	136211	1	1.0	66
	chrI	136216	1	0.5	104
	chrI	136228	1	1.0	59
	chrI	136231	1	0.5	115
	chrI	136233	1	0.5	151
	chrI	136235	1	0.5	151
	chrI	136236	0	0.5	41
	chrI	136237	1	0.5	139
	chrI	136237	1	0.5	151
	chrI	136238	0	0.5	151
	chrI	136247	0	0.5	151
	chrI	136258	1	0.5	151
	chrI	136270	1	0.5	138
	chrI	136271	0	0.5	128
	chrI	136274	1	0.5	151
	chrI	136276	1	1.5	151
	chrI	136276	1	0.5	68
	chrI	136277	0	0.5	113
	chrI	136279	1	0.5	41
	chrI	136280	0	0.5	150
	chrI	136280	1	0.5	143
	chrI	136280	1	0.5	151
	chrI	136282	0	0.5	149
	chrI	136283	0	1.0	139
	chrI	136284	0	1.0	105
	chrI	136284	1	0.5	151
	chrI	136291	0	1.5	151
	chrI	136310	0	0.5	139
	chrI	136312	0	1.0	102
	chrI	136318	0	0.5	134
	chrI	136353	1	0.5	151
	chrI	136356	0	0.5	90
	chrI	136356	1	0.5	150
	chrI	136357	0	0.5	71
	chrI	136365	1	0.5	151
	chrI	136390	1	1.0	105
	chrI	136391	1	0.5	113
	chrI	136400	1	0.5	128
	chrI	136406	1	0.5	151
	chrI	136417	1	1.0	102
	chrI	136421	1	1.0	139
	chrI	136422	0	0.5	71
	chrI	136423	0	1.5	151
	chrI	136428	1	0.5	70
	chrI	136429	1	0.5	150
	chrI	136430	1	0.5	149
	chrI	136431	0	0.5	151
	chrI	136431	1	0.5	151
	chrI	136444	0	0.5	86
	chrI	136446	1	0.5	89
	chrI	136448	1	0.5	139
	chrI	136451	1	0.5	134
	chrI	136459	0	0.5	151
	chrI	136460	1	1.0	151
	chrI	136465	0	0.5	151
	chrI	136466	0	0.5	121
	chrI	136467	1	0.5	151
	chrI	136474	0	0.5	148
	chrI	136494	1	0.5	71
	chrI	136517	0	0.5	151
	chrI	136522	0	0.5	151
	chrI	136531	1	0.5	86
	chrI	136559	0	0.5	151
	chrI	136564	0	1.0	143
	chrI	136571	0	0.5	113
	chrI	136588	0	0.5	109
	chrI	136588	0	0.5	111
	chrI	136588	1	0.5	151
	chrI	136589	0	0.5	124
	chrI	136589	1	0.5	149
	chrI	136591	1	0.5	121
	chrI	136592	0	0.5	151
	chrI	136599	1	1.0	151
	chrI	136612	0	0.5	150
	chrI	136621	1	0.5	148
	chrI	136621	1	0.5	151
	chrI	136625	0	0.5	151
	chrI	136629	1	0.5	151
	chrI	136631	0	0.5	48
	chrI	136657	0	0.5	104
	chrI	136675	0	0.5	87
	chrI	136680	0	0.5	99
	chrI	136681	0	1.5	151
	chrI	136681	1	0.5	151
	chrI	136681	1	0.5	48
	chrI	136682	1	0.5	151
	chrI	136685	1	0.5	113
	chrI	136698	1	0.5	109
	chrI	136698	1	0.5	111
	chrI	136705	0	0.5	150
	chrI	136705	0	0.5	151
	chrI	136706	1	1.0	143
	chrI	136713	1	0.5	124
	chrI	136716	0	0.5	151
	chrI	136718	1	0.5	151
	chrI	136723	0	0.5	125
	chrI	136724	0	0.5	116
	chrI	136730	0	1.5	117
	chrI	136731	0	0.5	36
	chrI	136733	0	1.0	71
	chrI	136733	0	0.5	105
	chrI	136736	0	0.5	114
	chrI	136737	0	0.5	74
	chrI	136737	0	0.5	113
	chrI	136746	0	0.5	107
	chrI	136761	1	0.5	150
	chrI	136762	1	0.5	104
	chrI	136763	0	0.5	151
	chrI	136763	1	0.5	87
	chrI	136765	0	0.5	38
	chrI	136767	0	0.5	151
	chrI	136768	1	0.5	36
	chrI	136774	0	0.5	115
	chrI	136779	0	0.5	151
	chrI	136781	1	0.5	99
	chrI	136782	0	0.5	151
	chrI	136784	1	0.5	151
	chrI	136793	0	0.5	133
	chrI	136793	0	0.5	151
	chrI	136799	0	0.5	151
	chrI	136800	0	0.5	151
	chrI	136805	1	0.5	38
	chrI	136805	1	1.0	71
	chrI	136806	0	1.5	151
	chrI	136810	0	0.5	151
	chrI	136813	0	0.5	69
	chrI	136814	1	0.5	74
	chrI	136815	0	1.0	151
	chrI	136816	0	0.5	94
	chrI	136821	0	0.5	151
	chrI	136825	0	0.5	140
	chrI	136826	0	0.5	117
	chrI	136826	0	0.5	118
	chrI	136830	0	1.0	151
	chrI	136835	0	0.5	146
	chrI	136837	0	1.5	151
	chrI	136839	1	0.5	151
	chrI	136839	1	0.5	105
	chrI	136839	1	0.5	116
	chrI	136840	0	0.5	151
	chrI	136848	1	1.5	117
	chrI	136849	1	0.5	151
	chrI	136849	1	0.5	125
	chrI	136850	0	0.5	57
	chrI	136851	0	0.5	142
	chrI	136851	1	0.5	114
	chrI	136852	1	0.5	113
	chrI	136853	1	0.5	107
	chrI	136854	0	1.0	139
	chrI	136854	0	0.5	151
	chrI	136856	0	1.5	151
	chrI	136856	1	1.0	151
	chrI	136857	0	0.5	151
	chrI	136866	0	0.5	124
	chrI	136867	1	1.0	151
	chrI	136868	0	1.0	124
	chrI	136874	0	0.5	146
	chrI	136874	0	0.5	80
	chrI	136883	1	0.5	151
	chrI	136885	1	0.5	69
	chrI	136889	1	0.5	115
	chrI	136890	0	0.5	71
	chrI	136892	0	0.5	151
	chrI	136899	0	0.5	75
	chrI	136905	0	0.5	108
	chrI	136907	1	0.5	57
	chrI	136908	0	0.5	50
	chrI	136911	1	0.5	94
	chrI	136921	0	0.5	145
	chrI	136925	1	0.5	133
	chrI	136925	1	0.5	151
	chrI	136932	0	1.0	60
	chrI	136946	1	0.5	117
	chrI	136946	1	0.5	118
	chrI	136953	1	1.0	151
	chrI	136954	1	0.5	151
	chrI	136957	1	0.5	80
	chrI	136959	1	0.5	50
	chrI	136960	0	0.5	151
	chrI	136963	1	0.5	151
	chrI	136964	1	0.5	140
	chrI	136965	1	0.5	71
	chrI	136967	0	0.5	92
	chrI	136972	0	0.5	73
	chrI	136973	1	0.5	151
	chrI	136977	1	0.5	75
	chrI	136980	1	0.5	146
	chrI	136981	0	0.5	115
	chrI	136990	1	0.5	149
	chrI	136992	1	1.0	139
	chrI	136992	1	0.5	142
	chrI	136992	1	4.0	151
	chrI	136992	1	0.5	124
	chrI	136993	1	1.0	151
	chrI	136993	1	1.0	60
	chrI	136993	1	1.0	124
	chrI	136994	0	0.5	151
	chrI	136995	0	0.5	113
	chrI	136996	0	0.5	106
	chrI	137004	0	0.5	40
	chrI	137008	0	0.5	121
	chrI	137016	1	0.5	151
	chrI	137016	1	0.5	108
	chrI	137017	1	0.5	151
	chrI	137019	1	0.5	146
	chrI	137020	0	1.0	138
	chrI	137021	0	1.5	138
	chrI	137021	0	0.5	91
	chrI	137026	0	0.5	151
	chrI	137030	0	0.5	117
	chrI	137035	0	0.5	79
	chrI	137042	1	2.0	151
	chrI	137045	1	0.5	40
	chrI	137045	1	0.5	73
	chrI	137061	1	0.5	92
	chrI	137065	1	0.5	145
	chrI	137066	0	0.5	132
	chrI	137066	0	0.5	59
	chrI	137081	1	0.5	151
	chrI	137097	1	0.5	115
	chrI	137105	1	0.5	106
	chrI	137106	0	0.5	151
	chrI	137111	1	0.5	113
	chrI	137113	1	0.5	91
	chrI	137115	1	0.5	79
	chrI	137126	0	1.0	151
	chrI	137128	0	0.5	133
	chrI	137128	1	0.5	151
	chrI	137128	1	0.5	59
	chrI	137128	1	0.5	121
	chrI	137129	0	0.5	151
	chrI	137140	0	0.5	151
	chrI	137142	0	2.0	151
	chrI	137147	1	0.5	117
	chrI	137149	0	0.5	151
	chrI	137157	1	1.0	138
	chrI	137158	0	0.5	151
	chrI	137158	0	0.5	85
	chrI	137158	1	1.5	138
	chrI	137186	1	0.5	151
	chrI	137189	0	0.5	151
	chrI	137189	0	0.5	58
	chrI	137189	0	0.5	108
	chrI	137189	1	0.5	151
	chrI	137197	1	0.5	132
	chrI	137207	0	0.5	82
	chrI	137214	0	0.5	96
	chrI	137217	0	0.5	151
	chrI	137224	0	0.5	107
	chrI	137244	1	0.5	85
	chrI	137245	0	0.5	90
	chrI	137245	0	0.5	92
	chrI	137248	1	0.5	58
	chrI	137250	1	0.5	151
	chrI	137260	1	0.5	133
	chrI	137270	1	0.5	151
	chrI	137277	0	0.5	117
	chrI	137281	0	0.5	151
	chrI	137292	1	0.5	82
	chrI	137294	0	1.0	151
	chrI	137296	0	0.5	95
	chrI	137298	1	0.5	108
	chrI	137299	1	2.5	151
	chrI	137300	0	0.5	151
	chrI	137307	0	0.5	151
	chrI	137308	1	0.5	151
	chrI	137309	0	0.5	151
	chrI	137310	0	0.5	151
	chrI	137312	1	0.5	96
	chrI	137313	0	0.5	123
	chrI	137316	0	0.5	122
	chrI	137324	1	0.5	151
	chrI	137325	0	0.5	151
	chrI	137330	0	0.5	151
	chrI	137333	1	0.5	107
	chrI	137336	0	0.5	147
	chrI	137336	1	0.5	90
	chrI	137336	1	0.5	92
	chrI	137340	1	0.5	151
	chrI	137344	0	1.0	151
	chrI	137348	1	1.0	151
	chrI	137365	0	1.0	132
	chrI	137391	1	0.5	151
	chrI	137392	1	0.5	95
	chrI	137394	1	0.5	117
	chrI	137404	0	0.5	140
	chrI	137409	1	0.5	151
	chrI	137420	1	0.5	151
	chrI	137434	1	0.5	151
	chrI	137438	1	0.5	123
	chrI	137439	1	0.5	122
	chrI	137444	0	1.5	151
	chrI	137450	0	0.5	146
	chrI	137450	0	0.5	81
	chrI	137456	1	0.5	151
	chrI	137457	1	1.0	151
	chrI	137459	0	0.5	97
	chrI	137464	0	0.5	75
	chrI	137468	0	0.5	87
	chrI	137473	0	0.5	135
	chrI	137473	0	1.0	151
	chrI	137482	1	0.5	147
	chrI	137482	1	1.0	151
	chrI	137485	0	0.5	126
	chrI	137485	1	0.5	151
	chrI	137486	0	0.5	151
	chrI	137495	0	0.5	78
	chrI	137496	1	1.0	132
	chrI	137501	1	0.5	151
	chrI	137505	1	0.5	151
	chrI	137514	0	0.5	146
	chrI	137514	0	1.0	151
	chrI	137532	0	0.5	150
	chrI	137532	1	0.5	81
	chrI	137533	0	0.5	78
	chrI	137539	1	0.5	75
	chrI	137543	1	0.5	140
	chrI	137551	0	0.5	62
	chrI	137551	0	0.5	108
	chrI	137557	0	0.5	125
	chrI	137557	1	0.5	87
	chrI	137558	1	0.5	97
	chrI	137567	0	0.5	151
	chrI	137576	1	0.5	78
	chrI	137591	0	0.5	151
	chrI	137595	1	0.5	146
	chrI	137601	0	0.5	58
	chrI	137604	0	0.5	151
	chrI	137606	0	0.5	151
	chrI	137606	1	1.5	151
	chrI	137607	0	0.5	149
	chrI	137607	1	0.5	135
	chrI	137608	0	0.5	51
	chrI	137608	0	0.5	75
	chrI	137608	0	0.5	127
	chrI	137613	0	0.5	44
	chrI	137613	1	0.5	62
	chrI	137613	1	0.5	78
	chrI	137613	1	0.5	126
	chrI	137615	0	0.5	68
	chrI	137622	0	0.5	95
	chrI	137622	1	0.5	151
	chrI	137624	0	0.5	70
	chrI	137638	1	0.5	151
	chrI	137641	1	0.5	151
	chrI	137648	1	0.5	151
	chrI	137652	0	0.5	71
	chrI	137658	0	0.5	147
	chrI	137659	1	0.5	146
	chrI	137659	1	0.5	151
	chrI	137660	1	0.5	44
	chrI	137660	1	0.5	58
	chrI	137660	1	0.5	108
	chrI	137661	0	1.5	151
	chrI	137661	1	0.5	51
	chrI	137673	0	0.5	151
	chrI	137683	0	0.5	151
	chrI	137683	1	0.5	68
	chrI	137683	1	0.5	125
	chrI	137684	1	0.5	151
	chrI	137684	1	0.5	75
	chrI	137695	1	0.5	70
	chrI	137700	0	0.5	54
	chrI	137700	1	1.0	151
	chrI	137712	0	0.5	47
	chrI	137718	0	0.5	107
	chrI	137718	1	0.5	95
	chrI	137725	1	0.5	71
	chrI	137734	0	0.5	151
	chrI	137734	1	0.5	151
	chrI	137735	0	0.5	112
	chrI	137735	0	1.0	113
	chrI	137737	1	0.5	127
	chrI	137738	0	0.5	88
	chrI	137744	1	0.5	151
	chrI	137755	1	0.5	149
	chrI	137755	1	0.5	54
	chrI	137759	1	0.5	151
	chrI	137759	1	0.5	47
	chrI	137772	0	1.0	117
	chrI	137781	1	0.5	151
	chrI	137785	0	0.5	121
	chrI	137797	0	0.5	135
	chrI	137804	1	0.5	147
	chrI	137809	0	0.5	151
	chrI	137820	1	1.5	151
	chrI	137823	0	0.5	151
	chrI	137823	1	0.5	151
	chrI	137824	1	0.5	107
	chrI	137826	1	0.5	88
	chrI	137833	0	1.0	75
	chrI	137848	1	0.5	111
	chrI	137850	1	0.5	112
	chrI	137850	1	0.5	113
	chrI	137859	1	0.5	151
	chrI	137871	0	0.5	145
	chrI	137889	1	1.0	117
	chrI	137909	1	0.5	121
	chrI	137911	1	1.0	75
	chrI	137914	0	0.5	107
	chrI	137926	1	0.5	151
	chrI	137931	1	0.5	135
	chrI	137932	0	0.5	151
	chrI	137955	0	0.5	106
	chrI	137963	0	0.5	57
	chrI	137966	0	0.5	72
	chrI	137967	0	0.5	74
	chrI	137967	0	1.0	122
	chrI	137979	0	0.5	43
	chrI	137983	1	0.5	151
	chrI	137986	0	0.5	151
	chrI	137989	1	0.5	151
	chrI	137997	0	1.0	74
	chrI	138020	1	0.5	57
	chrI	138022	1	0.5	43
	chrI	138023	1	0.5	107
	chrI	138041	1	0.5	72
	chrI	138042	1	0.5	74
	chrI	138062	1	0.5	106
	chrI	138072	1	1.0	74
	chrI	138078	0	0.5	81
	chrI	138088	0	0.5	71
	chrI	138091	1	1.0	122
	chrI	138092	0	0.5	105
	chrI	138109	1	0.5	151
	chrI	138116	0	0.5	151
	chrI	138133	0	0.5	59
	chrI	138145	1	1.0	151
	chrI	138160	1	0.5	71
	chrI	138161	1	0.5	81
	chrI	138194	1	0.5	59
	chrI	138198	1	0.5	105
	chrI	138205	0	0.5	89
	chrI	138228	0	0.5	138
	chrI	138253	0	0.5	151
	chrI	138264	0	0.5	151
	chrI	138282	1	0.5	151
	chrI	138285	0	0.5	146
	chrI	138295	1	0.5	89
	chrI	138301	0	1.0	151
	chrI	138306	0	1.0	151
	chrI	138309	0	1.5	151
	chrI	138315	0	0.5	151
	chrI	138318	0	0.5	151
	chrI	138325	0	0.5	151
	chrI	138331	0	0.5	151
	chrI	138346	0	0.5	118
	chrI	138350	0	0.5	151
	chrI	138361	0	0.5	102
	chrI	138365	1	0.5	138
	chrI	138381	0	1.5	151
	chrI	138385	0	0.5	107
	chrI	138390	0	0.5	147
	chrI	138394	0	1.5	151
	chrI	138409	0	0.5	151
	chrI	138430	1	0.5	146
	chrI	138431	0	0.5	134
	chrI	138432	0	0.5	119
	chrI	138433	0	0.5	58
	chrI	138438	0	0.5	76
	chrI	138453	0	1.0	125
	chrI	138455	1	0.5	151
	chrI	138456	0	0.5	108
	chrI	138465	1	0.5	102
	chrI	138465	1	0.5	118
	chrI	138466	0	0.5	121
	chrI	138466	1	1.0	151
	chrI	138471	1	0.5	150
	chrI	138472	1	1.0	151
	chrI	138479	0	0.5	52
	chrI	138482	1	0.5	151
	chrI	138488	0	0.5	151
	chrI	138489	1	0.5	151
	chrI	138492	1	0.5	58
	chrI	138494	0	0.5	151
	chrI	138494	0	0.5	94
	chrI	138494	0	0.5	106
	chrI	138494	0	0.5	107
	chrI	138495	1	0.5	107
	chrI	138498	1	1.5	151
	chrI	138507	0	1.0	114
	chrI	138516	1	0.5	76
	chrI	138521	1	0.5	151
	chrI	138528	1	0.5	151
	chrI	138533	1	0.5	52
	chrI	138534	0	1.0	112
	chrI	138536	0	0.5	149
	chrI	138536	1	0.5	147
	chrI	138542	0	1.0	151
	chrI	138548	0	2.0	151
	chrI	138549	0	0.5	151
	chrI	138553	0	0.5	96
	chrI	138554	0	0.5	143
	chrI	138554	1	0.5	119
	chrI	138555	0	0.5	151
	chrI	138564	0	0.5	151
	chrI	138564	1	0.5	134
	chrI	138567	0	0.5	151
	chrI	138567	1	1.5	151
	chrI	138567	1	0.5	108
	chrI	138568	0	0.5	151
	chrI	138569	0	0.5	119
	chrI	138569	0	0.5	121
	chrI	138579	1	1.0	125
	chrI	138585	0	1.0	151
	chrI	138585	0	1.0	98
	chrI	138590	1	0.5	151
	chrI	138590	1	0.5	94
	chrI	138590	1	0.5	121
	chrI	138593	0	0.5	151
	chrI	138598	0	0.5	110
	chrI	138601	1	0.5	106
	chrI	138601	1	0.5	107
	chrI	138621	1	1.0	114
	chrI	138648	1	1.0	112
	chrI	138653	1	0.5	96
	chrI	138657	0	1.0	151
	chrI	138684	1	1.0	98
	chrI	138688	0	0.5	67
	chrI	138691	1	0.5	119
	chrI	138691	1	0.5	121
	chrI	138692	0	0.5	125
	chrI	138694	0	0.5	65
	chrI	138696	0	0.5	55
	chrI	138696	1	0.5	143
	chrI	138699	1	1.0	151
	chrI	138701	1	0.5	151
	chrI	138706	0	1.0	94
	chrI	138708	1	0.5	110
	chrI	138710	1	0.5	151
	chrI	138713	1	0.5	151
	chrI	138722	1	0.5	151
	chrI	138723	0	1.0	145
	chrI	138733	1	0.5	151
	chrI	138734	1	0.5	151
	chrI	138735	1	0.5	151
	chrI	138738	1	0.5	151
	chrI	138739	1	0.5	151
	chrI	138740	1	0.5	151
	chrI	138743	0	0.5	151
	chrI	138743	1	0.5	151
	chrI	138744	0	0.5	138
	chrI	138752	0	0.5	151
	chrI	138752	1	0.5	55
	chrI	138757	1	0.5	67
	chrI	138758	1	0.5	151
	chrI	138759	0	0.5	76
	chrI	138760	1	1.5	151
	chrI	138760	1	0.5	65
	chrI	138761	1	1.5	151
	chrI	138767	0	0.5	138
	chrI	138768	0	1.5	151
	chrI	138772	0	0.5	151
	chrI	138783	0	0.5	82
	chrI	138800	1	1.0	94
	chrI	138811	1	0.5	151
	chrI	138819	1	1.0	151
	chrI	138820	1	0.5	125
	chrI	138821	0	0.5	88
	chrI	138834	1	0.5	76
	chrI	138838	0	0.5	126
	chrI	138841	0	0.5	151
	chrI	138846	0	0.5	150
	chrI	138867	1	1.0	145
	chrI	138867	1	0.5	82
	chrI	138881	1	0.5	138
	chrI	138895	1	0.5	151
	chrI	138904	1	0.5	138
	chrI	138911	1	0.5	88
	chrI	138912	0	0.5	151
	chrI	138913	0	0.5	80
	chrI	138926	1	1.0	151
	chrI	138927	0	0.5	111
	chrI	138928	1	0.5	151
	chrI	138935	0	0.5	81
	chrI	138937	1	1.0	151
	chrI	138938	0	0.5	134
	chrI	138938	0	0.5	151
	chrI	138942	0	0.5	85
	chrI	138946	0	0.5	143
	chrI	138956	0	0.5	120
	chrI	138959	0	0.5	99
	chrI	138965	1	0.5	126
	chrI	138967	0	0.5	77
	chrI	138968	0	1.0	98
	chrI	138994	1	0.5	80
	chrI	138995	0	0.5	151
	chrI	138995	1	0.5	150
	chrI	139007	0	1.5	46
	chrI	139014	0	1.0	97
	chrI	139021	1	0.5	81
	chrI	139028	1	0.5	85
	chrI	139039	1	0.5	111
	chrI	139041	0	0.5	69
	chrI	139041	0	1.0	77
	chrI	139044	0	0.5	63
	chrI	139046	0	0.5	151
	chrI	139046	1	0.5	77
	chrI	139049	0	0.5	111
	chrI	139054	1	1.5	46
	chrI	139061	1	0.5	99
	chrI	139065	0	1.0	151
	chrI	139070	1	1.0	98
	chrI	139071	0	1.0	151
	chrI	139071	1	0.5	134
	chrI	139075	0	0.5	52
	chrI	139078	1	0.5	151
	chrI	139078	1	0.5	120
	chrI	139079	0	0.5	105
	chrI	139080	0	0.5	89
	chrI	139080	0	0.5	90
	chrI	139088	1	0.5	143
	chrI	139089	0	0.5	151
	chrI	139089	0	0.5	123
	chrI	139089	1	0.5	151
	chrI	139091	0	0.5	108
	chrI	139095	0	1.5	151
	chrI	139098	0	0.5	98
	chrI	139107	1	0.5	63
	chrI	139112	1	1.0	97
	chrI	139113	1	0.5	69
	chrI	139115	0	0.5	83
	chrI	139120	1	1.0	77
	chrI	139126	0	0.5	125
	chrI	139128	1	0.5	52
	chrI	139136	0	1.0	139
	chrI	139147	0	0.5	128
	chrI	139147	0	0.5	131
	chrI	139164	0	0.5	107
	chrI	139164	1	0.5	151
	chrI	139164	1	0.5	111
	chrI	139165	0	1.0	143
	chrI	139165	0	1.0	151
	chrI	139165	0	1.0	106
	chrI	139166	1	0.5	151
	chrI	139170	1	0.5	89
	chrI	139170	1	0.5	90
	chrI	139171	0	0.5	113
	chrI	139172	0	1.0	102
	chrI	139184	0	0.5	151
	chrI	139184	0	1.0	123
	chrI	139184	0	0.5	127
	chrI	139184	1	0.5	105
	chrI	139187	0	0.5	68
	chrI	139193	0	0.5	78
	chrI	139197	0	0.5	123
	chrI	139198	1	0.5	98
	chrI	139199	1	0.5	83
	chrI	139200	0	1.0	151
	chrI	139201	0	0.5	151
	chrI	139201	0	0.5	97
	chrI	139201	0	1.0	110
	chrI	139201	1	0.5	108
	chrI	139205	0	0.5	149
	chrI	139205	0	1.0	106
	chrI	139208	0	0.5	151
	chrI	139213	1	0.5	151
	chrI	139213	1	0.5	123
	chrI	139215	0	1.0	56
	chrI	139215	0	0.5	60
	chrI	139215	0	1.0	77
	chrI	139215	0	0.5	97
	chrI	139218	1	0.5	151
	chrI	139238	1	0.5	151
	chrI	139241	0	1.5	138
	chrI	139252	1	0.5	125
	chrI	139254	0	0.5	151
	chrI	139255	1	0.5	68
	chrI	139269	0	0.5	75
	chrI	139273	0	1.0	117
	chrI	139273	1	0.5	151
	chrI	139273	1	1.0	56
	chrI	139273	1	0.5	78
	chrI	139273	1	0.5	106
	chrI	139273	1	0.5	107
	chrI	139274	0	1.0	151
	chrI	139274	1	1.0	139
	chrI	139274	1	0.5	151
	chrI	139275	0	0.5	82
	chrI	139276	1	0.5	60
	chrI	139277	1	0.5	128
	chrI	139277	1	0.5	131
	chrI	139277	1	1.0	102
	chrI	139277	1	0.5	106
	chrI	139278	0	0.5	64
	chrI	139278	1	1.0	151
	chrI	139279	0	0.5	74
	chrI	139285	1	0.5	113
	chrI	139291	0	1.0	151
	chrI	139294	1	1.0	77
	chrI	139297	0	1.0	76
	chrI	139300	0	0.5	151
	chrI	139300	1	0.5	97
	chrI	139301	0	0.5	74
	chrI	139302	0	0.5	151
	chrI	139306	1	0.5	151
	chrI	139307	1	1.0	143
	chrI	139308	0	1.0	151
	chrI	139308	0	0.5	69
	chrI	139308	0	0.5	86
	chrI	139308	1	0.5	151
	chrI	139308	1	1.0	123
	chrI	139309	0	2.5	151
	chrI	139310	1	1.0	106
	chrI	139311	1	0.5	127
	chrI	139313	1	1.0	110
	chrI	139314	1	0.5	97
	chrI	139315	0	2.5	151
	chrI	139315	0	0.5	92
	chrI	139321	1	0.5	123
	chrI	139324	0	0.5	151
	chrI	139326	0	0.5	65
	chrI	139340	0	0.5	106
	chrI	139341	1	0.5	151
	chrI	139345	1	1.0	151
	chrI	139345	1	0.5	64
	chrI	139345	1	0.5	75
	chrI	139353	1	0.5	149
	chrI	139355	1	0.5	74
	chrI	139357	1	0.5	151
	chrI	139357	1	0.5	82
	chrI	139360	0	0.5	151
	chrI	139373	1	0.5	151
	chrI	139374	1	1.0	76
	chrI	139378	1	1.5	138
	chrI	139378	1	0.5	151
	chrI	139378	1	0.5	69
	chrI	139378	1	0.5	74
	chrI	139379	0	0.5	97
	chrI	139381	0	0.5	113
	chrI	139381	0	1.0	114
	chrI	139386	1	0.5	151
	chrI	139390	1	1.0	117
	chrI	139392	1	0.5	65
	chrI	139395	1	0.5	86
	chrI	139400	0	0.5	135
	chrI	139409	1	0.5	92
	chrI	139413	0	0.5	63
	chrI	139420	0	0.5	116
	chrI	139425	0	0.5	30
	chrI	139428	0	0.5	95
	chrI	139445	1	1.5	151
	chrI	139448	1	0.5	106
	chrI	139449	0	0.5	151
	chrI	139451	0	0.5	151
	chrI	139459	1	0.5	151
	chrI	139459	1	0.5	30
	chrI	139460	1	0.5	151
	chrI	139461	0	0.5	136
	chrI	139475	1	1.0	151
	chrI	139476	1	0.5	151
	chrI	139477	1	0.5	63
	chrI	139477	1	0.5	97
	chrI	139480	1	0.5	151
	chrI	139481	1	1.0	151
	chrI	139482	1	1.5	151
	chrI	139484	1	0.5	151
	chrI	139496	1	0.5	113
	chrI	139496	1	1.0	114
	chrI	139503	0	0.5	115
	chrI	139503	1	0.5	151
	chrI	139504	1	0.5	151
	chrI	139505	0	0.5	151
	chrI	139522	0	0.5	126
	chrI	139524	1	0.5	95
	chrI	139525	0	0.5	151
	chrI	139529	0	0.5	96
	chrI	139530	1	0.5	151
	chrI	139531	1	0.5	151
	chrI	139534	1	0.5	135
	chrI	139536	0	0.5	151
	chrI	139539	1	0.5	116
	chrI	139555	1	0.5	151
	chrI	139560	0	0.5	145
	chrI	139560	0	0.5	66
	chrI	139572	0	1.0	133
	chrI	139573	0	1.0	85
	chrI	139584	0	0.5	84
	chrI	139596	1	0.5	136
	chrI	139599	0	0.5	113
	chrI	139621	1	0.5	115
	chrI	139622	1	0.5	151
	chrI	139625	1	0.5	96
	chrI	139627	1	0.5	66
	chrI	139641	1	0.5	151
	chrI	139647	1	0.5	126
	chrI	139653	0	0.5	55
	chrI	139660	1	1.0	85
	chrI	139664	0	1.0	151
	chrI	139669	1	0.5	84
	chrI	139704	1	1.0	133
	chrI	139704	1	0.5	145
	chrI	139705	0	2.0	88
	chrI	139706	0	0.5	91
	chrI	139709	1	0.5	151
	chrI	139709	1	0.5	55
	chrI	139712	1	0.5	151
	chrI	139713	0	0.5	92
	chrI	139714	1	0.5	113
	chrI	139725	0	0.5	151
	chrI	139766	0	0.5	151
	chrI	139793	0	0.5	151
	chrI	139795	1	0.5	151
	chrI	139795	1	2.0	88
	chrI	139796	0	0.5	150
	chrI	139798	1	0.5	91
	chrI	139805	1	0.5	92
	chrI	139816	1	0.5	151
	chrI	139821	0	0.5	137
	chrI	139825	1	0.5	151
	chrI	139826	0	0.5	79
	chrI	139843	1	0.5	151
	chrI	139846	0	0.5	100
	chrI	139865	0	0.5	151
	chrI	139901	0	0.5	110
	chrI	139906	1	0.5	79
	chrI	139916	1	0.5	151
	chrI	139922	0	0.5	138
	chrI	139922	0	0.5	96
	chrI	139934	0	0.5	151
	chrI	139938	0	0.5	97
	chrI	139943	0	0.5	151
	chrI	139945	1	0.5	150
	chrI	139946	1	0.5	100
	chrI	139953	0	1.0	138
	chrI	139957	1	0.5	137
	chrI	139960	0	0.5	151
	chrI	139966	0	0.5	151
	chrI	139977	1	0.5	151
	chrI	139988	0	0.5	102
	chrI	139992	0	0.5	111
	chrI	139994	0	0.5	151
	chrI	139995	0	2.5	151
	chrI	139995	0	0.5	88
	chrI	140010	1	0.5	110
	chrI	140019	1	0.5	96
	chrI	140034	0	0.5	151
	chrI	140036	1	0.5	97
	chrI	140037	0	1.0	151
	chrI	140051	1	0.5	151
	chrI	140059	1	0.5	138
	chrI	140060	0	1.0	115
	chrI	140070	0	1.5	77
	chrI	140081	0	0.5	59
	chrI	140084	1	0.5	88
	chrI	140089	1	0.5	151
	chrI	140090	1	1.0	138
	chrI	140091	1	0.5	102
	chrI	140103	1	0.5	111
	chrI	140109	1	0.5	151
	chrI	140113	1	0.5	151
	chrI	140119	1	0.5	151
	chrI	140120	0	0.5	60
	chrI	140136	0	0.5	151
	chrI	140141	1	0.5	59
	chrI	140143	0	1.5	151
	chrI	140143	1	0.5	151
	chrI	140148	1	1.5	77
	chrI	140150	1	1.0	151
	chrI	140156	0	0.5	51
	chrI	140173	1	2.0	151
	chrI	140175	0	0.5	151
	chrI	140175	0	0.5	55
	chrI	140176	1	1.0	115
	chrI	140182	1	0.5	60
	chrI	140187	1	0.5	151
	chrI	140196	0	0.5	86
	chrI	140196	0	0.5	88
	chrI	140207	1	1.0	151
	chrI	140209	1	0.5	51
	chrI	140213	0	0.5	142
	chrI	140232	1	0.5	55
	chrI	140240	0	0.5	132
	chrI	140247	0	0.5	122
	chrI	140247	0	0.5	125
	chrI	140248	0	0.5	121
	chrI	140268	0	0.5	74
	chrI	140269	0	0.5	117
	chrI	140284	1	0.5	86
	chrI	140285	1	0.5	88
	chrI	140290	0	0.5	118
	chrI	140299	0	0.5	89
	chrI	140319	0	0.5	138
	chrI	140330	0	0.5	148
	chrI	140330	0	1.0	151
	chrI	140333	1	1.5	151
	chrI	140346	1	0.5	74
	chrI	140354	1	0.5	142
	chrI	140371	1	0.5	132
	chrI	140371	1	0.5	121
	chrI	140371	1	0.5	122
	chrI	140372	0	0.5	78
	chrI	140372	1	0.5	151
	chrI	140372	1	0.5	125
	chrI	140378	0	0.5	79
	chrI	140388	1	0.5	117
	chrI	140389	1	0.5	89
	chrI	140390	0	0.5	151
	chrI	140404	1	0.5	151
	chrI	140408	1	0.5	118
	chrI	140409	0	1.0	62
	chrI	140422	0	0.5	123
	chrI	140435	0	0.5	144
	chrI	140439	0	0.5	143
	chrI	140451	1	0.5	78
	chrI	140452	0	0.5	151
	chrI	140456	1	0.5	138
	chrI	140459	1	0.5	79
	chrI	140464	0	0.5	98
	chrI	140467	0	0.5	128
	chrI	140468	0	0.5	151
	chrI	140471	1	1.0	62
	chrI	140477	0	0.5	151
	chrI	140477	1	0.5	148
	chrI	140488	0	1.0	151
	chrI	140493	1	0.5	151
	chrI	140495	0	0.5	151
	chrI	140500	1	0.5	151
	chrI	140511	0	0.5	41
	chrI	140516	0	0.5	147
	chrI	140540	0	0.5	37
	chrI	140547	1	0.5	123
	chrI	140554	0	1.0	72
	chrI	140554	1	0.5	41
	chrI	140560	1	0.5	151
	chrI	140562	1	0.5	98
	chrI	140570	0	1.0	108
	chrI	140571	0	0.5	135
	chrI	140578	1	0.5	144
	chrI	140578	1	0.5	37
	chrI	140581	1	0.5	143
	chrI	140595	0	0.5	151
	chrI	140595	1	0.5	128
	chrI	140603	0	0.5	85
	chrI	140610	0	0.5	115
	chrI	140623	0	0.5	113
	chrI	140623	0	0.5	116
	chrI	140627	1	0.5	151
	chrI	140629	1	1.0	72
	chrI	140630	0	0.5	151
	chrI	140630	0	0.5	72
	chrI	140640	1	0.5	151
	chrI	140652	0	0.5	139
	chrI	140653	1	1.0	151
	chrI	140662	1	0.5	147
	chrI	140663	0	0.5	143
	chrI	140668	1	0.5	151
	chrI	140671	0	0.5	151
	chrI	140671	0	1.0	86
	chrI	140676	1	0.5	151
	chrI	140680	1	1.0	108
	chrI	140694	1	0.5	85
	chrI	140705	0	0.5	76
	chrI	140705	1	0.5	135
	chrI	140706	1	0.5	72
	chrI	140710	0	0.5	151
	chrI	140727	1	0.5	115
	chrI	140730	0	0.5	151
	chrI	140739	1	0.5	113
	chrI	140739	1	0.5	116
	chrI	140743	0	0.5	151
	chrI	140748	0	1.0	111
	chrI	140758	1	1.0	86
	chrI	140759	0	1.0	151
	chrI	140760	0	0.5	151
	chrI	140761	0	0.5	151
	chrI	140771	1	0.5	151
	chrI	140784	1	0.5	76
	chrI	140790	1	0.5	139
	chrI	140795	1	0.5	151
	chrI	140805	1	0.5	143
	chrI	140807	0	0.5	106
	chrI	140816	0	0.5	151
	chrI	140817	0	0.5	151
	chrI	140817	0	0.5	72
	chrI	140817	0	0.5	116
	chrI	140821	0	0.5	151
	chrI	140830	0	0.5	117
	chrI	140842	1	0.5	151
	chrI	140854	0	0.5	121
	chrI	140859	1	1.0	111
	chrI	140870	0	0.5	97
	chrI	140885	0	0.5	80
	chrI	140890	1	0.5	72
	chrI	140892	0	0.5	83
	chrI	140914	1	0.5	106
	chrI	140918	1	0.5	151
	chrI	140930	1	0.5	151
	chrI	140934	1	0.5	151
	chrI	140934	1	0.5	116
	chrI	140936	1	0.5	149
	chrI	140938	1	1.0	151
	chrI	140949	1	0.5	117
	chrI	140966	1	0.5	80
	chrI	140972	1	0.5	97
	chrI	140975	1	0.5	151
	chrI	140976	1	0.5	83
	chrI	140978	1	0.5	121
	chrI	140986	1	0.5	151
	chrI	140987	1	0.5	151
	chrI	141052	0	0.5	151
	chrI	141078	0	0.5	103
	chrI	141098	0	1.0	138
	chrI	141116	0	0.5	82
	chrI	141121	0	0.5	128
	chrI	141141	0	0.5	79
	chrI	141144	0	0.5	102
	chrI	141148	0	0.5	138
	chrI	141150	0	0.5	79
	chrI	141180	1	0.5	103
	chrI	141200	1	0.5	82
	chrI	141205	1	0.5	151
	chrI	141219	1	0.5	79
	chrI	141228	0	0.5	151
	chrI	141231	1	0.5	80
	chrI	141235	0	0.5	66
	chrI	141235	1	1.0	138
	chrI	141238	0	0.5	128
	chrI	141246	0	0.5	151
	chrI	141246	1	0.5	102
	chrI	141248	1	0.5	128
	chrI	141248	1	0.5	151
	chrI	141249	0	0.5	97
	chrI	141250	0	0.5	151
	chrI	141254	0	0.5	115
	chrI	141257	0	0.5	63
	chrI	141257	0	0.5	117
	chrI	141263	0	0.5	132
	chrI	141272	0	1.0	102
	chrI	141285	1	0.5	138
	chrI	141291	0	1.0	141
	chrI	141303	1	0.5	66
	chrI	141309	0	0.5	95
	chrI	141310	0	1.0	151
	chrI	141311	0	0.5	151
	chrI	141318	0	0.5	151
	chrI	141321	1	0.5	63
	chrI	141334	0	0.5	118
	chrI	141335	0	1.0	151
	chrI	141335	0	0.5	97
	chrI	141340	0	1.5	123
	chrI	141340	0	1.0	124
	chrI	141346	1	0.5	97
	chrI	141354	0	0.5	151
	chrI	141367	1	0.5	128
	chrI	141369	1	0.5	115
	chrI	141375	1	1.0	102
	chrI	141375	1	0.5	117
	chrI	141377	0	0.5	151
	chrI	141378	0	0.5	90
	chrI	141389	1	0.5	151
	chrI	141394	1	0.5	132
	chrI	141406	1	0.5	95
	chrI	141414	0	1.0	151
	chrI	141414	0	0.5	109
	chrI	141427	1	0.5	151
	chrI	141431	1	1.0	141
	chrI	141433	1	0.5	97
	chrI	141435	0	0.5	62
	chrI	141439	0	0.5	65
	chrI	141453	1	0.5	118
	chrI	141456	0	1.0	151
	chrI	141461	0	0.5	151
	chrI	141463	1	0.5	151
	chrI	141464	0	1.5	110
	chrI	141464	1	1.5	123
	chrI	141466	1	1.0	124
	chrI	141468	0	0.5	61
	chrI	141469	1	0.5	90
	chrI	141473	0	0.5	142
	chrI	141473	0	0.5	151
	chrI	141486	1	0.5	151
	chrI	141497	0	1.5	151
	chrI	141497	1	0.5	151
	chrI	141501	1	0.5	62
	chrI	141502	0	0.5	145
	chrI	141502	0	0.5	151
	chrI	141505	1	1.0	151
	chrI	141505	1	0.5	65
	chrI	141509	0	1.0	56
	chrI	141509	0	0.5	112
	chrI	141511	0	0.5	132
	chrI	141512	0	0.5	111
	chrI	141524	0	0.5	151
	chrI	141526	1	0.5	109
	chrI	141528	0	0.5	151
	chrI	141528	0	0.5	72
	chrI	141528	1	0.5	61
	chrI	141535	1	0.5	151
	chrI	141536	1	0.5	151
	chrI	141537	0	1.5	151
	chrI	141538	0	0.5	51
	chrI	141538	0	0.5	103
	chrI	141539	0	0.5	55
	chrI	141554	0	0.5	151
	chrI	141559	0	0.5	87
	chrI	141568	1	1.0	56
	chrI	141569	0	0.5	143
	chrI	141575	1	1.5	110
	chrI	141576	0	1.0	76
	chrI	141581	1	1.0	151
	chrI	141582	0	0.5	151
	chrI	141583	0	0.5	151
	chrI	141591	1	0.5	51
	chrI	141593	0	0.5	114
	chrI	141594	0	0.5	125
	chrI	141595	1	0.5	55
	chrI	141600	0	1.0	151
	chrI	141601	1	0.5	72
	chrI	141608	0	0.5	151
	chrI	141614	1	0.5	142
	chrI	141624	1	0.5	151
	chrI	141624	1	0.5	112
	chrI	141625	1	0.5	111
	chrI	141629	1	1.0	151
	chrI	141630	0	0.5	151
	chrI	141630	0	1.0	70
	chrI	141630	0	0.5	75
	chrI	141630	0	0.5	76
	chrI	141631	0	0.5	125
	chrI	141631	0	0.5	127
	chrI	141633	0	0.5	123
	chrI	141642	1	0.5	132
	chrI	141642	1	0.5	151
	chrI	141642	1	0.5	103
	chrI	141646	1	0.5	145
	chrI	141649	0	0.5	107
	chrI	141649	1	0.5	88
	chrI	141656	1	1.0	76
	chrI	141658	0	0.5	151
	chrI	141669	0	0.5	84
	chrI	141688	0	0.5	74
	chrI	141691	1	2.0	151
	chrI	141695	0	0.5	59
	chrI	141700	1	0.5	151
	chrI	141701	0	0.5	101
	chrI	141701	1	1.5	151
	chrI	141703	1	1.0	70
	chrI	141704	0	0.5	91
	chrI	141706	1	0.5	151
	chrI	141708	1	0.5	75
	chrI	141708	1	0.5	76
	chrI	141710	1	0.5	114
	chrI	141711	1	0.5	143
	chrI	141719	0	2.0	151
	chrI	141720	1	0.5	125
	chrI	141725	0	1.0	151
	chrI	141738	0	1.0	144
	chrI	141744	1	0.5	151
	chrI	141745	0	0.5	151
	chrI	141746	0	1.0	66
	chrI	141751	0	0.5	124
	chrI	141754	1	0.5	151
	chrI	141754	1	0.5	84
	chrI	141757	1	0.5	59
	chrI	141757	1	0.5	107
	chrI	141757	1	0.5	123
	chrI	141757	1	0.5	125
	chrI	141757	1	0.5	127
	chrI	141758	1	0.5	151
	chrI	141759	0	0.5	61
	chrI	141763	1	0.5	74
	chrI	141769	1	0.5	151
	chrI	141779	0	0.5	91
	chrI	141782	1	0.5	151
	chrI	141794	1	0.5	91
	chrI	141801	0	0.5	127
	chrI	141803	1	0.5	151
	chrI	141803	1	0.5	101
	chrI	141813	1	1.0	66
	chrI	141814	0	2.5	108
	chrI	141814	0	0.5	113
	chrI	141820	1	0.5	61
	chrI	141849	0	0.5	120
	chrI	141860	0	0.5	151
	chrI	141872	1	0.5	149
	chrI	141872	1	0.5	91
	chrI	141874	1	2.5	151
	chrI	141875	0	1.0	136
	chrI	141878	1	0.5	124
	chrI	141880	1	0.5	151
	chrI	141881	1	1.0	144
	chrI	141895	0	0.5	151
	chrI	141906	1	0.5	151
	chrI	141908	0	0.5	107
	chrI	141916	0	0.5	151
	chrI	141916	0	0.5	112
	chrI	141916	1	0.5	151
	chrI	141921	0	0.5	116
	chrI	141927	1	2.5	108
	chrI	141930	0	0.5	151
	chrI	141931	1	0.5	127
	chrI	141932	0	1.0	139
	chrI	141932	0	1.0	77
	chrI	141932	1	0.5	113
	chrI	141933	0	0.5	138
	chrI	141933	0	0.5	151
	chrI	141933	0	0.5	75
	chrI	141933	0	0.5	105
	chrI	141942	0	0.5	151
	chrI	141949	0	0.5	120
	chrI	141958	0	0.5	110
	chrI	141960	0	0.5	105
	chrI	141967	0	0.5	151
	chrI	141969	1	0.5	120
	chrI	141975	0	1.0	61
	chrI	141985	0	0.5	45
	chrI	141986	0	0.5	52
	chrI	141986	0	1.0	110
	chrI	141991	0	0.5	117
	chrI	142009	1	0.5	75
	chrI	142010	0	0.5	119
	chrI	142010	0	0.5	122
	chrI	142010	0	0.5	123
	chrI	142010	1	1.0	136
	chrI	142010	1	1.0	77
	chrI	142015	1	0.5	107
	chrI	142018	0	0.5	85
	chrI	142019	0	0.5	125
	chrI	142019	0	0.5	126
	chrI	142019	0	0.5	127
	chrI	142020	0	0.5	151
	chrI	142027	0	0.5	111
	chrI	142027	1	0.5	151
	chrI	142030	1	0.5	112
	chrI	142031	0	0.5	121
	chrI	142031	1	0.5	45
	chrI	142038	1	1.0	61
	chrI	142040	1	0.5	52
	chrI	142040	1	0.5	105
	chrI	142040	1	0.5	116
	chrI	142042	0	0.5	66
	chrI	142050	0	0.5	80
	chrI	142053	0	0.5	151
	chrI	142053	0	0.5	52
	chrI	142054	0	0.5	103
	chrI	142054	0	2.0	106
	chrI	142059	0	1.0	111
	chrI	142060	1	0.5	151
	chrI	142066	1	0.5	105
	chrI	142069	1	0.5	120
	chrI	142070	1	0.5	138
	chrI	142070	1	1.0	139
	chrI	142070	1	0.5	110
	chrI	142077	0	0.5	138
	chrI	142086	1	0.5	151
	chrI	142088	1	0.5	151
	chrI	142098	1	0.5	151
	chrI	142098	1	1.0	110
	chrI	142102	0	1.5	149
	chrI	142105	1	0.5	147
	chrI	142106	1	0.5	85
	chrI	142108	0	1.5	151
	chrI	142108	0	0.5	107
	chrI	142108	1	0.5	52
	chrI	142108	1	0.5	117
	chrI	142109	1	0.5	66
	chrI	142115	1	0.5	151
	chrI	142121	1	0.5	151
	chrI	142122	1	0.5	151
	chrI	142128	0	0.5	151
	chrI	142129	1	0.5	80
	chrI	142134	1	0.5	121
	chrI	142134	1	0.5	122
	chrI	142134	1	0.5	123
	chrI	142135	0	0.5	146
	chrI	142136	0	0.5	96
	chrI	142139	1	0.5	111
	chrI	142145	0	0.5	134
	chrI	142145	1	0.5	125
	chrI	142145	1	0.5	126
	chrI	142145	1	0.5	127
	chrI	142153	1	0.5	121
	chrI	142158	1	0.5	103
	chrI	142161	1	2.0	106
	chrI	142163	0	0.5	72
	chrI	142164	0	0.5	151
	chrI	142171	1	1.0	111
	chrI	142175	0	1.0	151
	chrI	142180	0	0.5	134
	chrI	142196	0	0.5	146
	chrI	142196	0	0.5	96
	chrI	142200	0	0.5	92
	chrI	142214	1	0.5	138
	chrI	142215	1	0.5	107
	chrI	142217	0	0.5	151
	chrI	142234	1	0.5	96
	chrI	142235	1	0.5	72
	chrI	142244	0	0.5	137
	chrI	142244	0	1.0	79
	chrI	142248	0	0.5	151
	chrI	142250	0	0.5	95
	chrI	142250	0	0.5	96
	chrI	142250	1	1.5	149
	chrI	142268	1	0.5	149
	chrI	142278	1	0.5	134
	chrI	142278	1	0.5	151
	chrI	142279	0	1.0	151
	chrI	142279	0	0.5	48
	chrI	142280	0	0.5	151
	chrI	142280	0	0.5	101
	chrI	142280	1	0.5	146
	chrI	142295	1	0.5	92
	chrI	142295	1	0.5	96
	chrI	142296	0	0.5	133
	chrI	142313	0	0.5	151
	chrI	142313	0	0.5	68
	chrI	142313	1	0.5	134
	chrI	142315	0	0.5	146
	chrI	142322	1	1.0	79
	chrI	142325	0	1.5	151
	chrI	142325	0	0.5	99
	chrI	142325	1	0.5	151
	chrI	142326	1	0.5	48
	chrI	142333	1	0.5	151
	chrI	142340	1	1.5	151
	chrI	142341	1	0.5	146
	chrI	142342	0	0.5	151
	chrI	142345	0	1.0	151
	chrI	142345	0	0.5	105
	chrI	142346	0	0.5	151
	chrI	142347	1	0.5	95
	chrI	142347	1	0.5	96
	chrI	142364	0	0.5	86
	chrI	142365	0	0.5	151
	chrI	142366	0	1.0	151
	chrI	142380	1	0.5	137
	chrI	142381	0	0.5	69
	chrI	142382	1	0.5	68
	chrI	142387	1	0.5	101
	chrI	142388	1	0.5	151
	chrI	142389	0	0.5	86
	chrI	142398	0	0.5	52
	chrI	142402	0	0.5	76
	chrI	142425	0	0.5	150
	chrI	142425	1	0.5	99
	chrI	142428	1	0.5	133
	chrI	142430	1	1.0	151
	chrI	142432	1	0.5	151
	chrI	142443	0	0.5	106
	chrI	142443	0	0.5	107
	chrI	142452	0	0.5	106
	chrI	142452	1	0.5	52
	chrI	142452	1	0.5	69
	chrI	142452	1	0.5	86
	chrI	142452	1	0.5	105
	chrI	142459	1	0.5	151
	chrI	142460	1	0.5	146
	chrI	142464	0	0.5	110
	chrI	142466	0	0.5	145
	chrI	142476	1	0.5	86
	chrI	142481	1	0.5	76
	chrI	142483	0	0.5	134
	chrI	142489	0	0.5	131
	chrI	142489	1	0.5	151
	chrI	142491	1	0.5	151
	chrI	142499	1	0.5	151
	chrI	142502	0	0.5	149
	chrI	142502	1	0.5	151
	chrI	142503	1	0.5	150
	chrI	142503	1	1.0	151
	chrI	142504	1	1.0	151
	chrI	142512	0	0.5	95
	chrI	142528	1	0.5	151
	chrI	142529	0	0.5	151
	chrI	142536	0	0.5	151
	chrI	142549	0	0.5	112
	chrI	142549	1	0.5	106
	chrI	142549	1	0.5	107
	chrI	142555	0	1.5	149
	chrI	142559	1	1.0	151
	chrI	142559	1	0.5	106
	chrI	142560	0	0.5	48
	chrI	142561	0	1.5	59
	chrI	142564	0	0.5	151
	chrI	142568	0	0.5	97
	chrI	142576	1	0.5	110
	chrI	142580	0	0.5	114
	chrI	142580	0	0.5	117
	chrI	142583	0	0.5	129
	chrI	142583	1	1.0	151
	chrI	142609	1	0.5	95
	chrI	142610	1	0.5	145
	chrI	142611	1	0.5	48
	chrI	142612	0	0.5	151
	chrI	142616	1	0.5	134
	chrI	142619	1	0.5	131
	chrI	142621	1	1.5	59
	chrI	142650	1	0.5	149
	chrI	142661	0	0.5	123
	chrI	142661	0	0.5	124
	chrI	142664	1	0.5	112
	chrI	142666	1	0.5	97
	chrI	142696	1	0.5	114
	chrI	142696	1	0.5	117
	chrI	142703	1	1.5	149
	chrI	142711	0	0.5	151
	chrI	142711	0	0.5	115
	chrI	142711	1	0.5	129
	chrI	142719	1	0.5	151
	chrI	142720	0	0.5	151
	chrI	142769	1	0.5	151
	chrI	142785	1	0.5	123
	chrI	142785	1	0.5	124
	chrI	142790	1	0.5	151
	chrI	142826	1	0.5	115
	chrI	142863	1	0.5	151
	chrI	142864	0	0.5	88
	chrI	142864	0	1.0	98
	chrI	142867	0	0.5	127
	chrI	142871	1	0.5	151
	chrI	142901	0	0.5	151
	chrI	142905	0	0.5	113
	chrI	142912	0	0.5	121
	chrI	142913	1	0.5	151
	chrI	142952	1	0.5	88
	chrI	142956	0	0.5	151
	chrI	142963	1	1.0	98
	chrI	142964	0	0.5	56
	chrI	142969	0	0.5	75
	chrI	142978	0	0.5	88
	chrI	142990	0	0.5	151
	chrI	142995	1	0.5	127
	chrI	142998	0	0.5	64
	chrI	143019	1	0.5	113
	chrI	143023	1	0.5	56
	chrI	143024	0	1.0	94
	chrI	143034	1	0.5	121
	chrI	143039	0	0.5	117
	chrI	143045	1	0.5	75
	chrI	143046	0	0.5	141
	chrI	143048	0	1.0	135
	chrI	143049	0	0.5	144
	chrI	143051	0	0.5	151
	chrI	143053	0	0.5	111
	chrI	143053	1	0.5	151
	chrI	143063	1	0.5	64
	chrI	143067	1	0.5	88
	chrI	143081	0	0.5	151
	chrI	143096	0	0.5	84
	chrI	143119	1	1.0	94
	chrI	143152	1	0.5	151
	chrI	143156	0	0.5	56
	chrI	143159	0	0.5	151
	chrI	143159	1	0.5	117
	chrI	143162	0	0.5	88
	chrI	143167	1	0.5	151
	chrI	143168	1	0.5	111
	chrI	143172	0	0.5	151
	chrI	143174	0	0.5	133
	chrI	143181	0	0.5	71
	chrI	143182	1	1.0	135
	chrI	143185	1	0.5	84
	chrI	143186	1	0.5	141
	chrI	143188	0	0.5	62
	chrI	143188	0	1.0	64
	chrI	143188	0	0.5	65
	chrI	143190	0	0.5	151
	chrI	143192	1	0.5	144
	chrI	143194	0	1.0	150
	chrI	143196	0	0.5	147
	chrI	143196	0	0.5	151
	chrI	143201	0	0.5	124
	chrI	143211	0	0.5	151
	chrI	143213	0	0.5	127
	chrI	143213	1	0.5	56
	chrI	143220	0	0.5	122
	chrI	143224	1	0.5	151
	chrI	143231	0	1.0	151
	chrI	143238	0	2.0	151
	chrI	143239	0	0.5	151
	chrI	143240	1	0.5	150
	chrI	143250	0	0.5	121
	chrI	143252	1	0.5	62
	chrI	143252	1	0.5	65
	chrI	143252	1	0.5	88
	chrI	143253	0	0.5	87
	chrI	143253	1	1.0	64
	chrI	143253	1	0.5	71
	chrI	143260	0	0.5	151
	chrI	143260	0	0.5	80
	chrI	143277	0	0.5	151
	chrI	143278	0	0.5	55
	chrI	143281	0	0.5	151
	chrI	143293	0	0.5	51
	chrI	143306	1	0.5	133
	chrI	143323	0	0.5	60
	chrI	143323	0	0.5	76
	chrI	143323	0	0.5	85
	chrI	143327	1	0.5	124
	chrI	143335	1	0.5	55
	chrI	143340	1	0.5	151
	chrI	143342	1	0.5	147
	chrI	143342	1	0.5	80
	chrI	143342	1	0.5	87
	chrI	143342	1	0.5	127
	chrI	143343	0	0.5	53
	chrI	143343	1	1.0	150
	chrI	143343	1	0.5	151
	chrI	143344	1	0.5	122
	chrI	143346	0	0.5	95
	chrI	143346	1	0.5	51
	chrI	143347	0	0.5	144
	chrI	143347	1	0.5	151
	chrI	143348	0	0.5	145
	chrI	143348	0	0.5	83
	chrI	143348	0	0.5	97
	chrI	143353	0	0.5	151
	chrI	143361	1	0.5	151
	chrI	143363	0	0.5	121
	chrI	143371	1	0.5	121
	chrI	143372	0	1.0	151
	chrI	143384	1	0.5	60
	chrI	143397	0	1.0	92
	chrI	143397	0	0.5	126
	chrI	143399	1	0.5	53
	chrI	143400	1	0.5	76
	chrI	143406	1	2.0	151
	chrI	143407	0	0.5	55
	chrI	143410	1	0.5	85
	chrI	143411	0	1.0	145
	chrI	143411	1	0.5	151
	chrI	143412	0	1.0	99
	chrI	143413	0	0.5	91
	chrI	143417	1	0.5	151
	chrI	143418	0	0.5	151
	chrI	143420	0	0.5	151
	chrI	143422	0	0.5	150
	chrI	143422	0	0.5	125
	chrI	143426	0	0.5	66
	chrI	143426	1	0.5	151
	chrI	143430	0	1.0	151
	chrI	143433	1	0.5	83
	chrI	143434	0	0.5	131
	chrI	143434	0	1.0	114
	chrI	143434	1	1.0	151
	chrI	143435	0	0.5	52
	chrI	143435	0	1.0	72
	chrI	143437	0	0.5	111
	chrI	143437	0	0.5	114
	chrI	143438	0	1.0	111
	chrI	143440	1	1.0	151
	chrI	143441	0	0.5	70
	chrI	143444	1	0.5	95
	chrI	143447	1	0.5	97
	chrI	143455	0	0.5	123
	chrI	143462	1	0.5	55
	chrI	143477	0	0.5	46
	chrI	143486	1	0.5	121
	chrI	143490	1	0.5	144
	chrI	143490	1	1.0	92
	chrI	143491	0	0.5	56
	chrI	143491	1	0.5	52
	chrI	143492	0	0.5	54
	chrI	143492	0	0.5	56
	chrI	143492	1	0.5	145
	chrI	143494	1	0.5	66
	chrI	143504	1	0.5	91
	chrI	143511	1	1.0	72
	chrI	143512	1	0.5	70
	chrI	143512	1	1.0	99
	chrI	143516	0	0.5	93
	chrI	143522	1	0.5	151
	chrI	143524	1	0.5	151
	chrI	143524	1	0.5	46
	chrI	143524	1	0.5	126
	chrI	143533	0	0.5	105
	chrI	143542	1	0.5	151
	chrI	143548	1	0.5	56
	chrI	143548	1	0.5	125
	chrI	143549	1	0.5	54
	chrI	143549	1	1.5	111
	chrI	143550	0	0.5	128
	chrI	143551	0	0.5	48
	chrI	143551	1	0.5	56
	chrI	143551	1	1.0	114
	chrI	143552	1	0.5	114
	chrI	143553	0	0.5	151
	chrI	143553	0	0.5	80
	chrI	143553	0	1.0	86
	chrI	143554	0	0.5	150
	chrI	143554	0	0.5	151
	chrI	143555	1	1.0	145
	chrI	143559	0	0.5	85
	chrI	143564	1	0.5	131
	chrI	143565	0	0.5	151
	chrI	143579	1	0.5	123
	chrI	143583	0	0.5	151
	chrI	143601	1	0.5	48
	chrI	143602	0	1.0	151
	chrI	143608	0	0.5	151
	chrI	143609	1	0.5	151
	chrI	143609	1	0.5	33
	chrI	143609	1	0.5	93
	chrI	143610	0	0.5	96
	chrI	143610	1	0.5	34
	chrI	143611	0	0.5	147
	chrI	143632	1	0.5	80
	chrI	143635	1	0.5	151
	chrI	143636	0	0.5	151
	chrI	143640	1	0.5	151
	chrI	143640	1	1.0	86
	chrI	143640	1	0.5	105
	chrI	143645	1	0.5	85
	chrI	143656	0	0.5	123
	chrI	143660	0	0.5	125
	chrI	143673	0	0.5	151
	chrI	143679	1	0.5	128
	chrI	143685	0	0.5	85
	chrI	143686	0	0.5	86
	chrI	143696	0	0.5	151
	chrI	143703	1	0.5	150
	chrI	143704	0	0.5	134
	chrI	143707	1	0.5	77
	chrI	143714	1	0.5	151
	chrI	143724	0	0.5	113
	chrI	143755	0	0.5	151
	chrI	143757	1	0.5	147
	chrI	143757	1	0.5	151
	chrI	143759	1	1.0	151
	chrI	143760	0	0.5	151
	chrI	143763	0	0.5	95
	chrI	143771	1	0.5	151
	chrI	143771	1	0.5	85
	chrI	143773	0	0.5	69
	chrI	143774	1	0.5	86
	chrI	143781	1	0.5	123
	chrI	143786	1	0.5	125
	chrI	143790	0	0.5	151
	chrI	143818	0	0.5	110
	chrI	143836	0	1.0	119
	chrI	143836	1	0.5	151
	chrI	143836	1	0.5	113
	chrI	143837	1	0.5	134
	chrI	143837	1	1.0	151
	chrI	143843	1	0.5	69
	chrI	143852	1	0.5	151
	chrI	143858	1	0.5	95
	chrI	143869	0	1.0	151
	chrI	143870	0	0.5	151
	chrI	143871	0	0.5	142
	chrI	143871	0	1.5	151
	chrI	143877	0	1.5	151
	chrI	143888	0	0.5	151
	chrI	143892	1	0.5	151
	chrI	143906	0	0.5	145
	chrI	143911	1	0.5	151
	chrI	143912	0	0.5	151
	chrI	143916	0	0.5	95
	chrI	143916	1	0.5	151
	chrI	143917	0	1.0	95
	chrI	143929	0	0.5	95
	chrI	143929	1	0.5	110
	chrI	143956	1	0.5	151
	chrI	143956	1	1.0	119
	chrI	143958	0	0.5	151
	chrI	143975	0	0.5	151
	chrI	144003	0	1.5	151
	chrI	144012	0	0.5	151
	chrI	144012	1	0.5	142
	chrI	144012	1	0.5	95
	chrI	144013	0	1.5	112
	chrI	144013	0	0.5	115
	chrI	144013	1	1.0	95
	chrI	144017	0	0.5	151
	chrI	144026	1	0.5	95
	chrI	144028	1	0.5	151
	chrI	144030	1	1.5	151
	chrI	144036	1	0.5	151
	chrI	144037	1	0.5	151
	chrI	144040	0	0.5	151
	chrI	144042	0	1.5	151
	chrI	144050	1	0.5	145
	chrI	144057	1	0.5	151
	chrI	144065	0	0.5	151
	chrI	144066	0	0.5	80
	chrI	144072	0	0.5	151
	chrI	144074	1	0.5	151
	chrI	144075	1	0.5	151
	chrI	144093	0	0.5	78
	chrI	144120	1	0.5	151
	chrI	144128	1	1.5	112
	chrI	144128	1	0.5	115
	chrI	144146	1	0.5	80
	chrI	144171	1	0.5	78
	chrI	144173	1	0.5	151
	chrI	144177	0	1.0	151
	chrI	144178	0	1.0	151
	chrI	144188	0	0.5	151
	chrI	144199	0	0.5	93
	chrI	144202	1	0.5	151
	chrI	144204	0	1.5	151
	chrI	144204	1	1.5	151
	chrI	144207	0	0.5	151
	chrI	144210	0	0.5	151
	chrI	144219	1	0.5	151
	chrI	144227	1	1.0	151
	chrI	144239	0	0.5	151
	chrI	144239	0	0.5	90
	chrI	144257	0	0.5	151
	chrI	144268	1	0.5	151
	chrI	144272	0	1.0	151
	chrI	144293	0	0.5	151
	chrI	144293	1	0.5	93
	chrI	144298	1	1.5	151
	chrI	144302	0	0.5	79
	chrI	144329	1	0.5	150
	chrI	144330	1	0.5	151
	chrI	144330	1	0.5	90
	chrI	144331	0	0.5	54
	chrI	144340	0	0.5	104
	chrI	144340	0	0.5	106
	chrI	144341	1	0.5	151
	chrI	144351	1	0.5	151
	chrI	144352	0	0.5	55
	chrI	144352	0	0.5	57
	chrI	144364	0	0.5	87
	chrI	144365	1	0.5	151
	chrI	144368	1	0.5	151
	chrI	144373	0	1.0	132
	chrI	144373	1	1.0	151
	chrI	144374	1	0.5	151
	chrI	144376	0	1.0	151
	chrI	144383	1	0.5	79
	chrI	144386	1	0.5	54
	chrI	144388	0	0.5	107
	chrI	144400	1	0.5	151
	chrI	144401	0	0.5	95
	chrI	144408	0	0.5	141
	chrI	144409	1	0.5	55
	chrI	144410	1	0.5	151
	chrI	144411	1	0.5	57
	chrI	144428	1	0.5	151
	chrI	144445	1	0.5	151
	chrI	144445	1	0.5	104
	chrI	144445	1	0.5	106
	chrI	144451	1	0.5	87
	chrI	144459	0	0.5	151
	chrI	144461	0	0.5	151
	chrI	144466	0	0.5	146
	chrI	144468	0	0.5	96
	chrI	144472	1	1.0	151
	chrI	144476	1	0.5	151
	chrI	144480	1	0.5	151
	chrI	144495	1	0.5	107
	chrI	144496	1	0.5	95
	chrI	144504	1	1.0	132
	chrI	144518	0	1.0	151
	chrI	144524	0	0.5	105
	chrI	144528	1	1.0	151
	chrI	144545	0	0.5	151
	chrI	144548	1	0.5	141
	chrI	144551	0	0.5	145
	chrI	144552	0	0.5	58
	chrI	144567	1	0.5	96
	chrI	144579	0	0.5	151
	chrI	144610	1	0.5	57
	chrI	144611	1	0.5	146
	chrI	144622	0	0.5	151
	chrI	144630	1	0.5	105
	chrI	144644	0	0.5	136
	chrI	144661	1	0.5	151
	chrI	144662	0	0.5	92
	chrI	144664	0	0.5	151
	chrI	144670	0	0.5	134
	chrI	144671	1	0.5	151
	chrI	144695	1	0.5	145
	chrI	144698	0	0.5	89
	chrI	144755	1	0.5	92
	chrI	144763	1	0.5	151
	chrI	144767	1	1.0	151
	chrI	144769	0	0.5	151
	chrI	144780	1	0.5	151
	chrI	144788	1	0.5	89
	chrI	144794	0	1.0	106
	chrI	144796	1	0.5	151
	chrI	144803	1	0.5	134
	chrI	144823	1	0.5	151
	chrI	144824	0	1.0	151
	chrI	144825	0	0.5	151
	chrI	144827	0	0.5	110
	chrI	144834	0	0.5	151
	chrI	144837	0	0.5	146
	chrI	144876	0	0.5	97
	chrI	144900	0	0.5	78
	chrI	144900	1	1.0	106
	chrI	144906	0	1.0	89
	chrI	144908	0	0.5	151
	chrI	144929	1	0.5	151
	chrI	144935	0	0.5	151
	chrI	144937	1	0.5	110
	chrI	144939	1	0.5	151
	chrI	144944	0	0.5	93
	chrI	144948	0	0.5	83
	chrI	144973	1	0.5	97
	chrI	144979	1	0.5	78
	chrI	144982	1	0.5	146
	chrI	144987	1	0.5	151
	chrI	144988	0	0.5	55
	chrI	144988	1	1.0	151
	chrI	144989	0	0.5	151
	chrI	144990	0	0.5	137
	chrI	144990	0	0.5	151
	chrI	144995	1	0.5	151
	chrI	144996	1	1.0	89
	chrI	145014	0	1.0	151
	chrI	145031	0	0.5	142
	chrI	145032	1	0.5	83
	chrI	145037	1	0.5	93
	chrI	145042	1	0.5	55
	chrI	145046	0	0.5	79
	chrI	145048	0	0.5	151
	chrI	145055	0	1.0	132
	chrI	145087	0	0.5	69
	chrI	145088	1	0.5	151
	chrI	145089	0	0.5	84
	chrI	145100	0	0.5	139
	chrI	145105	0	0.5	105
	chrI	145107	0	0.5	151
	chrI	145117	0	1.0	147
	chrI	145117	0	0.5	151
	chrI	145126	1	0.5	137
	chrI	145128	1	0.5	79
	chrI	145140	0	0.5	151
	chrI	145157	1	0.5	69
	chrI	145161	1	0.5	151
	chrI	145162	1	0.5	151
	chrI	145164	0	1.0	151
	chrI	145172	0	1.0	76
	chrI	145172	1	0.5	142
	chrI	145174	0	0.5	148
	chrI	145175	1	0.5	84
	chrI	145186	1	1.0	132
	chrI	145188	0	1.0	120
	chrI	145189	0	0.5	133
	chrI	145189	0	1.5	151
	chrI	145194	0	1.0	151
	chrI	145196	0	1.0	139
	chrI	145196	0	1.5	151
	chrI	145203	1	1.0	151
	chrI	145211	1	0.5	105
	chrI	145219	0	1.0	151
	chrI	145230	0	0.5	122
	chrI	145238	1	0.5	139
	chrI	145250	1	1.0	76
	chrI	145261	0	0.5	151
	chrI	145263	1	1.0	147
	chrI	145265	1	1.0	151
	chrI	145266	0	0.5	151
	chrI	145274	1	0.5	151
	chrI	145277	0	0.5	124
	chrI	145277	0	0.5	126
	chrI	145283	0	1.0	151
	chrI	145304	0	0.5	58
	chrI	145309	1	1.0	120
	chrI	145319	1	0.5	151
	chrI	145320	0	1.0	141
	chrI	145320	1	0.5	151
	chrI	145321	1	0.5	133
	chrI	145321	1	0.5	148
	chrI	145327	1	0.5	151
	chrI	145334	1	1.0	139
	chrI	145338	0	0.5	151
	chrI	145344	0	1.0	95
	chrI	145346	0	0.5	75
	chrI	145352	1	4.0	151
	chrI	145352	1	0.5	122
	chrI	145363	0	0.5	151
	chrI	145364	1	0.5	58
	chrI	145377	1	1.0	151
	chrI	145378	0	1.0	151
	chrI	145390	1	0.5	151
	chrI	145391	0	0.5	151
	chrI	145393	0	0.5	100
	chrI	145398	0	0.5	151
	chrI	145402	1	0.5	124
	chrI	145402	1	0.5	126
	chrI	145405	0	0.5	77
	chrI	145411	0	0.5	151
	chrI	145411	1	0.5	151
	chrI	145412	0	1.0	151
	chrI	145412	0	0.5	91
	chrI	145414	0	0.5	108
	chrI	145421	1	0.5	75
	chrI	145423	0	0.5	151
	chrI	145425	0	0.5	145
	chrI	145431	0	0.5	151
	chrI	145433	0	0.5	70
	chrI	145434	0	0.5	143
	chrI	145439	1	1.0	95
	chrI	145442	0	0.5	112
	chrI	145443	0	0.5	122
	chrI	145460	1	1.0	141
	chrI	145473	0	0.5	151
	chrI	145476	1	0.5	151
	chrI	145477	0	0.5	62
	chrI	145483	1	0.5	77
	chrI	145489	0	0.5	78
	chrI	145494	1	0.5	99
	chrI	145504	1	0.5	70
	chrI	145504	1	0.5	91
	chrI	145511	0	1.5	140
	chrI	145515	1	0.5	151
	chrI	145516	1	0.5	151
	chrI	145524	1	0.5	108
	chrI	145534	0	0.5	45
	chrI	145535	0	0.5	71
	chrI	145537	1	1.0	151
	chrI	145540	1	0.5	62
	chrI	145547	0	0.5	151
	chrI	145553	1	0.5	151
	chrI	145555	1	0.5	112
	chrI	145566	0	0.5	132
	chrI	145566	0	0.5	89
	chrI	145566	1	0.5	151
	chrI	145566	1	0.5	75
	chrI	145566	1	0.5	122
	chrI	145569	1	0.5	145
	chrI	145573	1	1.5	151
	chrI	145576	1	0.5	143
	chrI	145579	1	0.5	45
	chrI	145580	1	1.5	151
	chrI	145581	0	1.5	151
	chrI	145598	1	0.5	151
	chrI	145599	0	0.5	134
	chrI	145608	1	0.5	71
	chrI	145619	0	0.5	134
	chrI	145637	0	0.5	142
	chrI	145639	0	0.5	85
	chrI	145641	1	0.5	151
	chrI	145647	0	0.5	74
	chrI	145650	1	1.5	140
	chrI	145657	1	0.5	89
	chrI	145660	0	0.5	54
	chrI	145678	0	0.5	151
	chrI	145680	0	1.0	136
	chrI	145680	0	0.5	64
	chrI	145684	0	0.5	74
	chrI	145697	1	0.5	132
	chrI	145708	1	0.5	151
	chrI	145710	0	1.5	151
	chrI	145712	0	0.5	85
	chrI	145715	1	0.5	54
	chrI	145721	1	0.5	74
	chrI	145725	1	0.5	85
	chrI	145729	0	0.5	70
	chrI	145730	0	1.0	97
	chrI	145732	1	0.5	134
	chrI	145734	1	1.0	151
	chrI	145737	0	0.5	145
	chrI	145739	0	0.5	109
	chrI	145740	1	0.5	151
	chrI	145741	0	0.5	116
	chrI	145744	0	0.5	140
	chrI	145745	1	0.5	64
	chrI	145752	1	0.5	134
	chrI	145760	1	0.5	74
	chrI	145764	0	0.5	131
	chrI	145797	1	0.5	85
	chrI	145799	1	0.5	70
	chrI	145800	1	0.5	151
	chrI	145804	0	1.0	120
	chrI	145815	0	0.5	151
	chrI	145815	0	0.5	120
	chrI	145815	1	1.0	136
	chrI	145823	0	0.5	151
	chrI	145828	1	1.0	97
	chrI	145834	0	0.5	73
	chrI	145846	1	0.5	106
	chrI	145848	1	0.5	151
	chrI	145855	0	0.5	80
	chrI	145859	1	0.5	116
	chrI	145862	0	0.5	119
	chrI	145869	0	0.5	151
	chrI	145881	1	0.5	145
	chrI	145881	1	0.5	151
	chrI	145883	1	0.5	140
	chrI	145889	1	1.0	151
	chrI	145891	0	1.0	127
	chrI	145894	0	0.5	151
	chrI	145894	1	0.5	131
	chrI	145895	0	0.5	147
	chrI	145902	0	1.0	91
	chrI	145904	0	0.5	151
	chrI	145908	0	0.5	126
	chrI	145909	1	0.5	73
	chrI	145926	1	1.0	120
	chrI	145927	0	0.5	151
	chrI	145936	1	0.5	80
	chrI	145936	1	0.5	120
	chrI	145938	0	0.5	151
	chrI	145943	0	0.5	151
	chrI	145944	0	0.5	36
	chrI	145956	0	1.0	116
	chrI	145974	1	0.5	151
	chrI	145981	1	0.5	36
	chrI	145982	0	1.0	113
	chrI	145982	1	0.5	119
	chrI	145985	0	0.5	151
	chrI	145995	1	1.0	91
	chrI	146001	0	0.5	148
	chrI	146001	0	0.5	151
	chrI	146003	0	0.5	146
	chrI	146003	0	0.5	151
	chrI	146003	0	1.0	58
	chrI	146016	0	0.5	151
	chrI	146019	1	1.0	127
	chrI	146022	0	0.5	151
	chrI	146025	0	0.5	151
	chrI	146027	0	0.5	151
	chrI	146029	0	0.5	103
	chrI	146034	1	0.5	126
	chrI	146041	1	0.5	147
	chrI	146052	0	0.5	55
	chrI	146062	1	0.5	151
	chrI	146062	1	1.0	58
	chrI	146065	1	0.5	151
	chrI	146073	1	1.0	116
	chrI	146076	0	0.5	124
	chrI	146079	1	0.5	151
	chrI	146090	1	0.5	151
	chrI	146094	1	0.5	151
	chrI	146096	1	1.0	113
	chrI	146098	0	2.0	150
	chrI	146100	0	0.5	151
	chrI	146100	0	0.5	106
	chrI	146106	1	1.0	151
	chrI	146108	1	0.5	55
	chrI	146133	1	0.5	103
	chrI	146139	0	0.5	60
	chrI	146139	0	1.0	74
	chrI	146148	1	0.5	146
	chrI	146148	1	0.5	148
	chrI	146149	0	0.5	50
	chrI	146165	0	1.0	109
	chrI	146166	0	0.5	132
	chrI	146166	0	0.5	135
	chrI	146170	1	0.5	151
	chrI	146177	1	0.5	151
	chrI	146182	1	0.5	151
	chrI	146201	1	0.5	126
	chrI	146203	1	1.5	151
	chrI	146205	1	0.5	57
	chrI	146210	1	0.5	151
	chrI	146214	1	1.0	76
	chrI	146215	0	1.0	149
	chrI	146244	0	0.5	66
	chrI	146251	0	0.5	69
	chrI	146257	0	0.5	93
	chrI	146261	1	0.5	121
	chrI	146263	1	0.5	151
	chrI	146272	1	1.5	151
	chrI	146275	0	0.5	107
	chrI	146275	1	0.5	110
	chrI	146275	1	0.5	111
	chrI	146277	1	1.0	151
	chrI	146287	0	0.5	151
	chrI	146290	0	0.5	97
	chrI	146294	0	0.5	72
	chrI	146299	1	0.5	134
	chrI	146300	0	1.5	71
	chrI	146300	1	0.5	135
	chrI	146301	0	0.5	108
	chrI	146312	1	0.5	66
	chrI	146317	0	0.5	84
	chrI	146320	0	0.5	133
	chrI	146322	1	0.5	69
	chrI	146323	0	0.5	151
	chrI	146332	0	1.0	151
	chrI	146346	0	0.5	146
	chrI	146351	1	0.5	93
	chrI	146354	0	0.5	135
	chrI	146363	0	1.0	95
	chrI	146363	1	1.0	149
	chrI	146366	0	0.5	92
	chrI	146368	1	0.5	72
	chrI	146372	1	1.5	71
	chrI	146383	0	0.5	52
	chrI	146383	1	0.5	107
	chrI	146389	1	0.5	97
	chrI	146400	1	0.5	83
	chrI	146410	1	0.5	108
	chrI	146416	0	0.5	151
	chrI	146436	1	0.5	52
	chrI	146441	0	0.5	151
	chrI	146448	0	1.0	151
	chrI	146450	1	0.5	151
	chrI	146452	1	0.5	133
	chrI	146460	1	0.5	94
	chrI	146461	1	0.5	92
	chrI	146461	1	0.5	95
	chrI	146465	0	0.5	151
	chrI	146467	0	0.5	151
	chrI	146485	0	0.5	151
	chrI	146487	0	0.5	67
	chrI	146488	1	0.5	135
	chrI	146491	1	0.5	146
	chrI	146504	1	0.5	151
	chrI	146509	0	0.5	151
	chrI	146534	0	0.5	100
	chrI	146543	0	0.5	83
	chrI	146547	0	0.5	139
	chrI	146556	1	0.5	67
	chrI	146569	0	0.5	71
	chrI	146572	1	1.0	151
	chrI	146575	0	0.5	151
	chrI	146575	0	1.0	103
	chrI	146595	0	0.5	151
	chrI	146596	1	0.5	151
	chrI	146603	0	0.5	151
	chrI	146604	0	0.5	146
	chrI	146606	0	0.5	151
	chrI	146623	0	0.5	151
	chrI	146625	1	0.5	151
	chrI	146629	1	0.5	83
	chrI	146635	1	0.5	100
	chrI	146638	1	0.5	151
	chrI	146643	1	0.5	71
	chrI	146649	1	0.5	151
	chrI	146650	1	0.5	151
	chrI	146653	0	1.0	151
	chrI	146654	0	1.0	151
	chrI	146654	0	0.5	76
	chrI	146658	1	1.0	151
	chrI	146665	0	0.5	151
	chrI	146672	0	1.0	151
	chrI	146681	1	1.0	103
	chrI	146685	0	1.0	105
	chrI	146685	1	0.5	139
	chrI	146715	0	1.0	150
	chrI	146717	0	0.5	151
	chrI	146731	0	1.0	73
	chrI	146732	0	0.5	124
	chrI	146733	1	0.5	76
	chrI	146734	1	0.5	151
	chrI	146735	0	0.5	128
	chrI	146749	1	0.5	146
	chrI	146761	0	0.5	45
	chrI	146765	1	0.5	150
	chrI	146766	1	0.5	151
	chrI	146768	1	0.5	151
	chrI	146774	0	0.5	90
	chrI	146792	1	1.0	105
	chrI	146806	1	1.0	73
	chrI	146807	1	0.5	45
	chrI	146816	0	0.5	151
	chrI	146820	1	1.0	151
	chrI	146823	1	1.0	151
	chrI	146826	0	0.5	138
	chrI	146837	1	1.0	151
	chrI	146838	0	0.5	125
	chrI	146839	0	0.5	151
	chrI	146842	0	0.5	79
	chrI	146844	0	0.5	116
	chrI	146845	1	0.5	151
	chrI	146857	1	0.5	124
	chrI	146858	0	0.5	151
	chrI	146859	0	0.5	100
	chrI	146863	1	0.5	149
	chrI	146864	1	0.5	150
	chrI	146865	1	0.5	128
	chrI	146867	1	0.5	90
	chrI	146868	0	0.5	75
	chrI	146879	0	1.0	151
	chrI	146890	1	0.5	151
	chrI	146914	0	1.0	103
	chrI	146921	1	0.5	151
	chrI	146924	1	0.5	79
	chrI	146939	0	1.0	151
	chrI	146941	1	0.5	147
	chrI	146944	1	0.5	75
	chrI	146946	0	0.5	151
	chrI	146959	1	0.5	100
	chrI	146963	1	0.5	138
	chrI	146963	1	0.5	116
	chrI	146965	1	0.5	125
	chrI	146966	0	0.5	151
	chrI	147002	0	0.5	94
	chrI	147015	1	0.5	151
	chrI	147018	0	0.5	86
	chrI	147018	0	1.0	88
	chrI	147018	1	1.0	103
	chrI	147020	1	0.5	151
	chrI	147021	0	0.5	151
	chrI	147030	0	0.5	131
	chrI	147032	0	1.0	151
	chrI	147036	1	0.5	151
	chrI	147038	1	1.0	151
	chrI	147060	0	0.5	151
	chrI	147061	0	0.5	151
	chrI	147073	0	1.0	76
	chrI	147083	0	1.0	151
	chrI	147093	0	0.5	94
	chrI	147099	1	0.5	94
	chrI	147100	0	0.5	151
	chrI	147104	1	1.0	151
	chrI	147106	1	0.5	86
	chrI	147106	1	1.0	88
	chrI	147117	0	1.0	151
	chrI	147131	0	0.5	151
	chrI	147133	0	0.5	151
	chrI	147146	1	0.5	151
	chrI	147147	1	0.5	151
	chrI	147150	1	1.0	76
	chrI	147155	0	0.5	135
	chrI	147160	1	0.5	131
	chrI	147172	0	0.5	74
	chrI	147188	1	0.5	94
	chrI	147199	1	0.5	151
	chrI	147213	1	1.0	151
	chrI	147215	0	0.5	106
	chrI	147222	0	0.5	58
	chrI	147222	0	0.5	109
	chrI	147237	0	0.5	76
	chrI	147238	0	0.5	100
	chrI	147242	1	0.5	151
	chrI	147248	1	0.5	74
	chrI	147253	1	1.0	151
	chrI	147254	1	0.5	151
	chrI	147256	0	3.0	151
	chrI	147256	0	0.5	83
	chrI	147272	1	0.5	151
	chrI	147273	0	0.5	151
	chrI	147273	0	0.5	87
	chrI	147280	1	0.5	151
	chrI	147282	1	0.5	151
	chrI	147282	1	0.5	58
	chrI	147283	0	0.5	59
	chrI	147283	0	0.5	68
	chrI	147283	1	0.5	151
	chrI	147285	0	0.5	62
	chrI	147285	0	0.5	66
	chrI	147285	0	0.5	68
	chrI	147285	0	1.0	98
	chrI	147289	1	0.5	135
	chrI	147313	1	0.5	76
	chrI	147322	0	2.0	151
	chrI	147322	1	0.5	151
	chrI	147325	1	0.5	106
	chrI	147335	1	0.5	109
	chrI	147339	1	0.5	100
	chrI	147342	1	0.5	83
	chrI	147343	1	0.5	59
	chrI	147349	1	0.5	62
	chrI	147353	1	0.5	66
	chrI	147353	1	1.0	68
	chrI	147354	0	0.5	61
	chrI	147362	1	0.5	87
	chrI	147384	1	1.0	98
	chrI	147406	0	0.5	151
	chrI	147418	1	1.5	151
	chrI	147418	1	0.5	61
	chrI	147419	1	0.5	151
	chrI	147424	1	1.0	151
	chrI	147425	0	0.5	51
	chrI	147441	0	0.5	134
	chrI	147442	0	0.5	113
	chrI	147454	0	0.5	151
	chrI	147473	1	0.5	151
	chrI	147477	1	0.5	51
	chrI	147483	1	1.5	151
	chrI	147499	0	0.5	120
	chrI	147514	0	0.5	51
	chrI	147525	0	0.5	140
	chrI	147525	1	0.5	151
	chrI	147530	0	0.5	151
	chrI	147545	0	0.5	151
	chrI	147548	0	0.5	151
	chrI	147550	0	0.5	122
	chrI	147557	1	0.5	113
	chrI	147565	0	1.5	83
	chrI	147566	1	0.5	51
	chrI	147573	0	1.0	126
	chrI	147574	1	0.5	134
	chrI	147597	0	0.5	151
	chrI	147600	0	1.0	128
	chrI	147600	0	0.5	140
	chrI	147605	0	0.5	136
	chrI	147611	0	0.5	151
	chrI	147611	0	0.5	77
	chrI	147613	0	0.5	105
	chrI	147615	0	1.5	151
	chrI	147620	1	0.5	120
	chrI	147630	1	0.5	151
	chrI	147635	0	0.5	125
	chrI	147648	0	0.5	104
	chrI	147651	1	1.5	83
	chrI	147663	0	0.5	151
	chrI	147664	1	0.5	140
	chrI	147673	0	0.5	151
	chrI	147675	1	0.5	122
	chrI	147689	1	0.5	77
	chrI	147696	0	0.5	89
	chrI	147696	1	0.5	151
	chrI	147699	1	0.5	151
	chrI	147700	1	1.0	126
	chrI	147717	1	0.5	151
	chrI	147720	1	0.5	105
	chrI	147731	1	1.0	128
	chrI	147731	1	0.5	151
	chrI	147732	0	0.5	151
	chrI	147736	0	0.5	151
	chrI	147739	1	0.5	140
	chrI	147740	1	0.5	136
	chrI	147748	1	0.5	151
	chrI	147753	1	0.5	104
	chrI	147761	1	0.5	125
	chrI	147771	0	2.0	151
	chrI	147775	0	0.5	149
	chrI	147778	1	0.5	151
	chrI	147779	0	0.5	151
	chrI	147788	1	0.5	151
	chrI	147788	1	0.5	89
	chrI	147794	0	0.5	79
	chrI	147821	0	0.5	151
	chrI	147843	1	0.5	151
	chrI	147847	0	0.5	151
	chrI	147874	1	0.5	79
	chrI	147890	1	0.5	151
	chrI	147896	0	0.5	74
	chrI	147898	0	1.5	151
	chrI	147902	0	0.5	134
	chrI	147921	1	0.5	151
	chrI	147922	1	1.0	151
	chrI	147924	1	1.0	151
	chrI	147925	0	1.0	116
	chrI	147927	0	0.5	151
	chrI	147929	0	0.5	151
	chrI	147931	0	1.5	151
	chrI	147931	0	0.5	125
	chrI	147939	1	0.5	151
	chrI	147945	0	0.5	100
	chrI	147968	0	1.5	141
	chrI	147971	1	0.5	74
	chrI	147974	0	0.5	151
	chrI	147978	1	0.5	151
	chrI	148001	0	1.0	125
	chrI	148015	1	0.5	151
	chrI	148017	0	0.5	109
	chrI	148017	0	0.5	112
	chrI	148019	0	0.5	40
	chrI	148030	0	0.5	85
	chrI	148032	1	0.5	151
	chrI	148035	1	0.5	134
	chrI	148044	1	1.0	116
	chrI	148046	1	0.5	100
	chrI	148053	1	0.5	150
	chrI	148054	1	0.5	151
	chrI	148056	1	0.5	125
	chrI	148060	1	0.5	40
	chrI	148068	0	0.5	151
	chrI	148070	0	0.5	120
	chrI	148076	0	0.5	131
	chrI	148082	0	0.5	151
	chrI	148082	0	0.5	92
	chrI	148082	1	1.5	151
	chrI	148084	1	1.0	151
	chrI	148086	1	0.5	151
	chrI	148088	0	0.5	151
	chrI	148089	1	0.5	151
	chrI	148092	0	1.0	151
	chrI	148108	1	1.5	141
	chrI	148116	1	0.5	85
	chrI	148119	0	0.5	151
	chrI	148124	1	1.0	151
	chrI	148127	1	1.0	125
	chrI	148130	1	0.5	109
	chrI	148130	1	0.5	112
	chrI	148131	1	0.5	151
	chrI	148133	0	0.5	134
	chrI	148133	0	0.5	151
	chrI	148140	0	0.5	151
	chrI	148144	0	0.5	151
	chrI	148158	0	0.5	83
	chrI	148167	0	0.5	151
	chrI	148169	0	1.0	151
	chrI	148177	1	0.5	92
	chrI	148190	1	0.5	120
	chrI	148195	0	0.5	101
	chrI	148206	1	0.5	131
	chrI	148228	0	1.0	146
	chrI	148237	0	0.5	151
	chrI	148241	0	0.5	151
	chrI	148241	1	0.5	151
	chrI	148241	1	0.5	83
	chrI	148242	0	0.5	150
	chrI	148242	1	0.5	151
	chrI	148248	0	0.5	151
	chrI	148249	0	0.5	141
	chrI	148249	0	1.0	77
	chrI	148252	0	1.0	139
	chrI	148253	0	0.5	151
	chrI	148266	1	0.5	134
	chrI	148266	1	1.0	151
	chrI	148269	0	0.5	151
	chrI	148269	0	0.5	80
	chrI	148278	0	0.5	127
	chrI	148281	0	0.5	137
	chrI	148288	1	0.5	151
	chrI	148289	0	1.0	151
	chrI	148299	1	0.5	151
	chrI	148299	1	0.5	101
	chrI	148303	0	1.0	124
	chrI	148307	0	0.5	61
	chrI	148311	0	0.5	79
	chrI	148317	0	0.5	94
	chrI	148325	1	0.5	151
	chrI	148326	1	1.0	77
	chrI	148329	1	2.0	151
	chrI	148347	0	0.5	116
	chrI	148352	1	0.5	80
	chrI	148356	1	0.5	151
	chrI	148359	0	0.5	115
	chrI	148360	0	1.0	151
	chrI	148361	0	0.5	141
	chrI	148361	0	0.5	151
	chrI	148372	1	0.5	61
	chrI	148384	0	0.5	151
	chrI	148385	0	1.0	134
	chrI	148387	0	0.5	151
	chrI	148389	1	0.5	141
	chrI	148390	1	1.0	139
	chrI	148391	1	0.5	150
	chrI	148391	1	0.5	79
	chrI	148392	0	0.5	149
	chrI	148392	0	0.5	151
	chrI	148394	0	0.5	126
	chrI	148394	1	0.5	151
	chrI	148398	0	1.0	151
	chrI	148405	0	0.5	151
	chrI	148406	1	0.5	127
	chrI	148408	1	0.5	151
	chrI	148412	0	0.5	151
	chrI	148412	1	0.5	151
	chrI	148413	0	0.5	151
	chrI	148413	1	0.5	94
	chrI	148417	0	0.5	148
	chrI	148417	1	0.5	137
	chrI	148419	0	0.5	91
	chrI	148429	1	1.0	124
	chrI	148431	0	0.5	149
	chrI	148433	0	1.0	81
	chrI	148445	1	0.5	151
	chrI	148453	0	0.5	151
	chrI	148453	1	0.5	151
	chrI	148454	1	1.0	151
	chrI	148467	1	0.5	118
	chrI	148475	1	0.5	115
	chrI	148488	0	0.5	151
	chrI	148493	0	0.5	69
	chrI	148501	1	0.5	141
	chrI	148511	1	0.5	91
	chrI	148512	0	0.5	60
	chrI	148517	1	1.0	81
	chrI	148518	1	1.0	134
	chrI	148519	0	0.5	40
	chrI	148523	1	0.5	126
	chrI	148524	1	0.5	151
	chrI	148525	0	1.0	151
	chrI	148526	0	0.5	151
	chrI	148540	1	0.5	149
	chrI	148540	1	1.0	151
	chrI	148541	0	0.5	110
	chrI	148541	1	0.5	151
	chrI	148542	0	0.5	151
	chrI	148544	0	1.0	151
	chrI	148546	0	0.5	147
	chrI	148546	0	0.5	148
	chrI	148546	0	2.0	151
	chrI	148549	0	0.5	151
	chrI	148550	0	0.5	140
	chrI	148551	1	0.5	151
	chrI	148552	0	0.5	151
	chrI	148559	1	0.5	40
	chrI	148564	1	0.5	148
	chrI	148564	1	0.5	69
	chrI	148566	0	0.5	141
	chrI	148566	0	0.5	151
	chrI	148571	1	1.0	151
	chrI	148571	1	0.5	60
	chrI	148572	1	0.5	151
	chrI	148578	1	0.5	151
	chrI	148579	0	1.0	151
	chrI	148587	1	1.0	151
	chrI	148589	1	0.5	151
	chrI	148601	0	0.5	114
	chrI	148603	0	0.5	151
	chrI	148606	1	0.5	151
	chrI	148608	0	0.5	151
	chrI	148612	1	0.5	151
	chrI	148614	1	0.5	151
	chrI	148618	0	0.5	151
	chrI	148639	0	0.5	122
	chrI	148649	1	0.5	151
	chrI	148653	1	0.5	110
	chrI	148660	0	0.5	76
	chrI	148669	0	0.5	100
	chrI	148675	0	0.5	90
	chrI	148689	0	0.5	69
	chrI	148689	1	0.5	140
	chrI	148700	1	0.5	151
	chrI	148704	1	0.5	151
	chrI	148706	1	0.5	141
	chrI	148706	1	3.5	151
	chrI	148707	0	1.5	151
	chrI	148707	0	2.5	108
	chrI	148708	0	1.5	125
	chrI	148708	1	0.5	151
	chrI	148711	0	0.5	143
	chrI	148718	1	0.5	151
	chrI	148718	1	0.5	114
	chrI	148726	0	0.5	148
	chrI	148738	0	0.5	151
	chrI	148741	0	0.5	52
	chrI	148741	1	0.5	151
	chrI	148741	1	0.5	76
	chrI	148743	1	1.0	151
	chrI	148746	1	0.5	151
	chrI	148747	0	1.0	151
	chrI	148755	1	0.5	151
	chrI	148756	0	0.5	61
	chrI	148756	1	0.5	151
	chrI	148757	0	0.5	56
	chrI	148759	1	0.5	69
	chrI	148760	1	0.5	122
	chrI	148765	1	0.5	90
	chrI	148766	0	0.5	92
	chrI	148766	1	0.5	151
	chrI	148770	1	0.5	100
	chrI	148787	1	1.0	151
	chrI	148792	1	0.5	51
	chrI	148799	0	1.0	65
	chrI	148814	1	0.5	56
	chrI	148816	1	2.0	108
	chrI	148817	1	0.5	61
	chrI	148817	1	0.5	108
	chrI	148818	0	0.5	151
	chrI	148830	0	0.5	135
	chrI	148835	1	1.5	125
	chrI	148853	1	0.5	143
	chrI	148859	1	0.5	92
	chrI	148864	1	1.0	65
	chrI	148872	1	1.5	151
	chrI	148873	1	0.5	148
	chrI	148874	0	1.0	151
	chrI	148892	1	0.5	151
	chrI	148919	1	1.0	151
	chrI	148949	0	1.0	151
	chrI	148952	0	0.5	151
	chrI	148964	1	0.5	135
	chrI	148966	0	0.5	151
	chrI	148966	0	0.5	74
	chrI	148975	0	0.5	136
	chrI	148976	0	1.0	99
	chrI	148984	1	0.5	151
	chrI	148989	0	3.0	151
	chrI	148995	0	1.5	151
	chrI	149016	0	1.0	121
	chrI	149038	0	0.5	151
	chrI	149040	1	0.5	74
	chrI	149042	0	0.5	151
	chrI	149044	0	0.5	97
	chrI	149044	0	0.5	98
	chrI	149044	0	0.5	110
	chrI	149044	1	1.0	151
	chrI	149045	0	0.5	109
	chrI	149046	0	1.0	151
	chrI	149046	0	1.0	99
	chrI	149050	0	0.5	63
	chrI	149056	0	1.0	151
	chrI	149056	0	1.0	95
	chrI	149061	0	0.5	85
	chrI	149076	1	1.0	99
	chrI	149079	0	0.5	122
	chrI	149108	1	0.5	151
	chrI	149110	1	0.5	136
	chrI	149111	1	1.0	151
	chrI	149112	0	0.5	151
	chrI	149114	1	0.5	63
	chrI	149121	0	0.5	151
	chrI	149122	0	0.5	63
	chrI	149130	0	1.0	151
	chrI	149136	0	0.5	151
	chrI	149138	1	1.0	121
	chrI	149141	1	0.5	97
	chrI	149141	1	0.5	98
	chrI	149148	1	0.5	151
	chrI	149148	1	0.5	85
	chrI	149150	1	1.0	99
	chrI	149153	1	0.5	151
	chrI	149153	1	1.0	95
	chrI	149156	1	2.5	151
	chrI	149156	1	0.5	109
	chrI	149156	1	0.5	110
	chrI	149157	0	1.5	151
	chrI	149181	1	0.5	151
	chrI	149186	1	0.5	63
	chrI	149201	1	0.5	122
	chrI	149202	1	0.5	151
	chrI	149209	0	0.5	88
	chrI	149213	0	0.5	111
	chrI	149225	0	0.5	127
	chrI	149225	1	0.5	151
	chrI	149231	1	0.5	151
	chrI	149232	1	0.5	151
	chrI	149235	1	0.5	151
	chrI	149241	0	0.5	36
	chrI	149253	1	1.0	151
	chrI	149264	1	1.0	151
	chrI	149266	0	0.5	60
	chrI	149269	0	0.5	61
	chrI	149278	1	0.5	36
	chrI	149280	1	0.5	151
	chrI	149299	1	0.5	151
	chrI	149299	1	0.5	88
	chrI	149307	1	1.0	151
	chrI	149308	0	0.5	132
	chrI	149310	0	0.5	151
	chrI	149322	0	0.5	145
	chrI	149325	1	0.5	111
	chrI	149326	1	0.5	151
	chrI	149327	1	1.0	151
	chrI	149327	1	0.5	60
	chrI	149333	1	0.5	61
	chrI	149349	0	0.5	151
	chrI	149352	0	0.5	141
	chrI	149353	1	0.5	127
	chrI	149377	0	0.5	151
	chrI	149385	0	0.5	78
	chrI	149389	0	0.5	151
	chrI	149392	0	0.5	151
	chrI	149419	0	0.5	151
	chrI	149430	0	0.5	151
	chrI	149434	0	0.5	94
	chrI	149439	1	0.5	132
	chrI	149441	0	0.5	148
	chrI	149464	1	0.5	78
	chrI	149465	0	1.0	151
	chrI	149466	1	0.5	145
	chrI	149483	0	0.5	113
	chrI	149490	0	0.5	142
	chrI	149492	1	0.5	141
	chrI	149495	1	0.5	151
	chrI	149520	0	0.5	127
	chrI	149524	1	0.5	151
	chrI	149528	1	0.5	94
	chrI	149530	0	0.5	47
	chrI	149532	0	0.5	150
	chrI	149547	1	0.5	151
	chrI	149554	1	0.5	151
	chrI	149556	0	0.5	135
	chrI	149579	1	0.5	47
	chrI	149580	1	0.5	151
	chrI	149588	1	0.5	148
	chrI	149594	0	0.5	151
	chrI	149595	0	0.5	151
	chrI	149597	1	0.5	113
	chrI	149604	0	0.5	119
	chrI	149615	1	1.0	151
	chrI	149627	0	0.5	114
	chrI	149630	0	0.5	151
	chrI	149630	1	0.5	151
	chrI	149631	1	0.5	142
	chrI	149633	0	0.5	151
	chrI	149648	1	0.5	127
	chrI	149651	0	1.5	151
	chrI	149657	0	0.5	57
	chrI	149681	0	0.5	81
	chrI	149687	0	0.5	108
	chrI	149688	0	0.5	151
	chrI	149690	1	0.5	135
	chrI	149708	0	0.5	151
	chrI	149714	1	0.5	57
	chrI	149717	0	0.5	151
	chrI	149722	1	0.5	119
	chrI	149731	0	0.5	151
	chrI	149732	1	0.5	151
	chrI	149741	1	0.5	114
	chrI	149754	0	0.5	61
	chrI	149762	0	1.0	131
	chrI	149764	1	0.5	81
	chrI	149766	0	1.0	151
	chrI	149779	1	0.5	151
	chrI	149784	1	1.0	151
	chrI	149796	1	0.5	108
	chrI	149801	1	0.5	151
	chrI	149802	0	2.0	151
	chrI	149802	0	0.5	89
	chrI	149803	1	1.5	151
	chrI	149816	1	0.5	61
	chrI	149841	1	0.5	151
	chrI	149864	1	0.5	151
	chrI	149866	0	0.5	151
	chrI	149874	0	0.5	75
	chrI	149892	1	1.0	131
	chrI	149892	1	0.5	89
	chrI	149893	1	0.5	151
	chrI	149894	1	0.5	151
	chrI	149895	0	1.5	111
	chrI	149896	0	1.0	151
	chrI	149897	0	0.5	151
	chrI	149898	0	0.5	121
	chrI	149898	0	0.5	122
	chrI	149910	0	0.5	151
	chrI	149910	0	0.5	86
	chrI	149919	1	0.5	151
	chrI	149923	1	1.0	151
	chrI	149931	0	1.0	114
	chrI	149947	0	1.0	116
	chrI	149950	1	0.5	75
	chrI	149954	0	1.0	151
	chrI	149954	1	2.0	151
	chrI	149966	0	0.5	128
	chrI	149987	0	0.5	151
	chrI	149990	0	1.0	151
	chrI	149992	0	0.5	72
	chrI	149993	0	0.5	151
	chrI	149998	1	0.5	86
	chrI	150007	1	1.5	111
	chrI	150010	0	0.5	151
	chrI	150020	1	0.5	121
	chrI	150020	1	0.5	122
	chrI	150024	0	0.5	151
	chrI	150030	0	0.5	151
	chrI	150030	0	2.0	60
	chrI	150033	1	0.5	151
	chrI	150034	0	0.5	151
	chrI	150035	0	1.0	51
	chrI	150036	0	0.5	151
	chrI	150046	1	0.5	151
	chrI	150048	1	1.0	114
	chrI	150051	0	1.0	151
	chrI	150055	0	0.5	103
	chrI	150062	0	1.0	151
	chrI	150063	1	1.0	116
	chrI	150065	0	0.5	151
	chrI	150065	1	0.5	72
	chrI	150078	1	0.5	151
	chrI	150084	0	0.5	151
	chrI	150084	0	0.5	119
	chrI	150087	0	1.0	151
	chrI	150089	1	1.0	51
	chrI	150090	1	1.0	151
	chrI	150090	1	2.0	60
	chrI	150094	0	0.5	151
	chrI	150095	1	0.5	128
	chrI	150097	0	0.5	45
	chrI	150133	1	1.0	151
	chrI	150135	0	0.5	112
	chrI	150138	1	0.5	151
	chrI	150146	1	0.5	45
	chrI	150149	0	0.5	151
	chrI	150157	1	0.5	103
	chrI	150169	1	0.5	151
	chrI	150180	1	0.5	151
	chrI	150195	0	1.0	78
	chrI	150205	0	1.0	151
	chrI	150208	0	0.5	151
	chrI	150208	1	0.5	151
	chrI	150208	1	0.5	119
	chrI	150217	1	0.5	151
	chrI	150218	0	1.0	151
	chrI	150220	0	1.0	53
	chrI	150221	1	2.0	151
	chrI	150223	0	0.5	149
	chrI	150227	0	0.5	151
	chrI	150228	1	0.5	151
	chrI	150229	0	0.5	151
	chrI	150247	1	0.5	111
	chrI	150248	0	0.5	56
	chrI	150248	1	0.5	151
	chrI	150249	1	0.5	151
	chrI	150250	0	0.5	141
	chrI	150251	0	0.5	149
	chrI	150254	1	1.0	151
	chrI	150255	0	0.5	145
	chrI	150259	0	0.5	150
	chrI	150259	0	0.5	151
	chrI	150260	0	0.5	149
	chrI	150267	0	0.5	134
	chrI	150271	0	0.5	98
	chrI	150273	1	1.0	53
	chrI	150274	1	1.0	78
	chrI	150281	1	0.5	151
	chrI	150305	1	0.5	56
	chrI	150351	0	0.5	104
	chrI	150363	1	0.5	151
	chrI	150370	1	0.5	98
	chrI	150376	0	0.5	146
	chrI	150376	0	0.5	151
	chrI	150381	1	0.5	151
	chrI	150390	1	0.5	141
	chrI	150390	1	1.0	151
	chrI	150391	0	1.0	119
	chrI	150391	1	0.5	151
	chrI	150393	0	0.5	150
	chrI	150396	0	0.5	142
	chrI	150398	0	0.5	96
	chrI	150399	1	0.5	145
	chrI	150399	1	0.5	149
	chrI	150399	1	0.5	151
	chrI	150400	1	0.5	134
	chrI	150401	1	1.5	151
	chrI	150405	0	0.5	151
	chrI	150408	1	0.5	149
	chrI	150408	1	0.5	150
	chrI	150410	0	2.0	151
	chrI	150411	0	0.5	128
	chrI	150413	1	0.5	151
	chrI	150424	0	0.5	81
	chrI	150431	0	0.5	115
	chrI	150440	0	0.5	101
	chrI	150449	1	1.0	151
	chrI	150456	1	0.5	104
	chrI	150457	0	1.5	151
	chrI	150463	0	0.5	151
	chrI	150468	1	0.5	151
	chrI	150471	0	0.5	125
	chrI	150478	0	0.5	151
	chrI	150497	1	0.5	96
	chrI	150504	0	1.0	151
	chrI	150508	1	0.5	81
	chrI	150511	1	1.0	119
	chrI	150513	0	0.5	151
	chrI	150521	1	0.5	146
	chrI	150529	0	0.5	151
	chrI	150533	0	1.5	140
	chrI	150533	0	0.5	151
	chrI	150533	0	0.5	109
	chrI	150537	1	0.5	142
	chrI	150538	0	0.5	141
	chrI	150542	1	0.5	128
	chrI	150542	1	0.5	150
	chrI	150542	1	0.5	151
	chrI	150542	1	0.5	101
	chrI	150543	0	0.5	140
	chrI	150544	0	0.5	151
	chrI	150547	1	0.5	115
	chrI	150548	0	0.5	100
	chrI	150549	0	0.5	115
	chrI	150551	0	0.5	132
	chrI	150555	1	0.5	151
	chrI	150570	1	0.5	151
	chrI	150572	0	0.5	119
	chrI	150577	1	0.5	151
	chrI	150584	0	0.5	48
	chrI	150598	1	1.0	151
	chrI	150598	1	0.5	125
	chrI	150599	0	1.0	151
	chrI	150614	1	1.0	151
	chrI	150627	0	0.5	82
	chrI	150631	1	0.5	48
	chrI	150632	1	0.5	151
	chrI	150641	0	0.5	151
	chrI	150644	1	0.5	109
	chrI	150649	1	0.5	100
	chrI	150654	1	0.5	151
	chrI	150662	1	0.5	151
	chrI	150663	0	0.5	151
	chrI	150665	1	0.5	115
	chrI	150671	0	0.5	115
	chrI	150671	0	0.5	116
	chrI	150672	1	1.5	140
	chrI	150677	1	0.5	151
	chrI	150678	1	0.5	141
	chrI	150682	1	0.5	132
	chrI	150682	1	0.5	140
	chrI	150689	0	0.5	151
	chrI	150692	1	0.5	119
	chrI	150694	1	0.5	151
	chrI	150695	0	0.5	151
	chrI	150695	0	0.5	105
	chrI	150695	1	0.5	151
	chrI	150696	0	2.5	151
	chrI	150701	0	0.5	151
	chrI	150709	1	0.5	82
	chrI	150710	1	0.5	151
	chrI	150712	0	0.5	151
	chrI	150722	0	0.5	151
	chrI	150739	0	0.5	151
	chrI	150741	0	0.5	65
	chrI	150746	0	0.5	102
	chrI	150747	0	0.5	151
	chrI	150753	0	1.5	151
	chrI	150760	0	0.5	151
	chrI	150761	1	1.0	151
	chrI	150777	0	0.5	143
	chrI	150786	1	0.5	115
	chrI	150786	1	0.5	116
	chrI	150801	1	0.5	105
	chrI	150802	1	0.5	151
	chrI	150808	1	0.5	65
	chrI	150816	0	0.5	116
	chrI	150821	0	0.5	65
	chrI	150833	0	0.5	151
	chrI	150839	0	0.5	151
	chrI	150849	1	0.5	102
	chrI	150851	1	0.5	151
	chrI	150852	0	0.5	151
	chrI	150854	0	0.5	151
	chrI	150858	0	1.0	87
	chrI	150876	1	1.0	151
	chrI	150877	1	2.0	151
	chrI	150878	0	1.0	151
	chrI	150878	1	1.0	151
	chrI	150879	0	0.5	151
	chrI	150881	0	0.5	151
	chrI	150881	0	0.5	102
	chrI	150887	0	1.0	147
	chrI	150888	1	0.5	151
	chrI	150890	1	1.5	151
	chrI	150890	1	0.5	65
	chrI	150891	0	1.0	151
	chrI	150892	0	1.0	151
	chrI	150893	0	0.5	147
	chrI	150893	0	0.5	148
	chrI	150893	0	1.5	151
	chrI	150895	0	0.5	151
	chrI	150896	0	0.5	147
	chrI	150909	1	0.5	151
	chrI	150916	0	0.5	138
	chrI	150919	1	0.5	143
	chrI	150923	1	0.5	151
	chrI	150925	0	1.0	63
	chrI	150926	0	1.0	151
	chrI	150933	1	0.5	116
	chrI	150937	1	1.5	151
	chrI	150946	1	1.0	87
	chrI	150956	0	1.5	75
	chrI	150973	1	0.5	151
	chrI	150983	0	0.5	71
	chrI	150985	1	0.5	102
	chrI	150991	1	1.0	63
	chrI	151011	1	0.5	151
	chrI	151021	0	0.5	151
	chrI	151032	1	1.5	75
	chrI	151033	1	1.0	147
	chrI	151033	1	0.5	151
	chrI	151036	1	0.5	151
	chrI	151039	1	0.5	147
	chrI	151039	1	1.5	151
	chrI	151040	1	0.5	148
	chrI	151041	0	1.0	151
	chrI	151042	0	1.0	151
	chrI	151042	1	0.5	147
	chrI	151043	0	1.0	151
	chrI	151043	1	0.5	151
	chrI	151044	0	0.5	151
	chrI	151052	0	1.0	151
	chrI	151052	1	1.0	151
	chrI	151053	0	1.0	151
	chrI	151053	1	0.5	138
	chrI	151053	1	0.5	151
	chrI	151055	1	0.5	71
	chrI	151059	0	0.5	151
	chrI	151059	1	1.5	151
	chrI	151060	0	2.0	151
	chrI	151060	1	1.0	151
	chrI	151065	0	0.5	51
	chrI	151074	0	0.5	151
	chrI	151079	0	1.0	102
	chrI	151083	1	1.0	151
	chrI	151084	0	1.0	97
	chrI	151090	0	1.0	86
	chrI	151091	0	0.5	81
	chrI	151095	0	1.0	113
	chrI	151095	0	0.5	114
	chrI	151107	1	0.5	151
	chrI	151110	0	1.5	138
	chrI	151117	1	0.5	51
	chrI	151121	0	0.5	135
	chrI	151162	0	0.5	66
	chrI	151172	0	1.5	151
	chrI	151172	1	0.5	81
	chrI	151177	1	1.0	86
	chrI	151180	0	1.0	97
	chrI	151182	1	1.0	97
	chrI	151182	1	1.0	102
	chrI	151199	1	0.5	151
	chrI	151205	0	1.5	74
	chrI	151209	1	1.0	113
	chrI	151209	1	0.5	114
	chrI	151211	1	2.0	151
	chrI	151212	1	1.0	151
	chrI	151213	0	1.0	151
	chrI	151213	0	0.5	67
	chrI	151213	1	0.5	151
	chrI	151218	1	0.5	151
	chrI	151219	0	0.5	46
	chrI	151221	1	0.5	151
	chrI	151229	1	0.5	66
	chrI	151231	0	0.5	143
	chrI	151231	0	0.5	151
	chrI	151231	1	1.0	151
	chrI	151232	0	1.0	71
	chrI	151233	0	0.5	151
	chrI	151234	0	0.5	151
	chrI	151235	0	0.5	83
	chrI	151247	1	1.5	138
	chrI	151252	0	1.0	147
	chrI	151252	0	0.5	78
	chrI	151255	0	0.5	151
	chrI	151255	1	0.5	135
	chrI	151266	0	0.5	128
	chrI	151268	1	0.5	46
	chrI	151270	0	0.5	151
	chrI	151270	0	0.5	100
	chrI	151276	1	0.5	68
	chrI	151280	1	1.0	151
	chrI	151280	1	1.0	97
	chrI	151281	1	0.5	67
	chrI	151282	0	0.5	151
	chrI	151282	0	1.0	123
	chrI	151282	1	1.0	74
	chrI	151283	1	0.5	151
	chrI	151284	0	1.0	151
	chrI	151284	0	0.5	94
	chrI	151291	0	1.0	146
	chrI	151291	0	1.0	151
	chrI	151293	0	0.5	106
	chrI	151297	0	1.0	77
	chrI	151299	0	1.0	87
	chrI	151304	1	1.0	71
	chrI	151308	0	1.0	142
	chrI	151313	0	0.5	83
	chrI	151319	1	0.5	83
	chrI	151328	1	1.0	151
	chrI	151329	0	0.5	90
	chrI	151331	0	0.5	148
	chrI	151331	1	0.5	78
	chrI	151346	0	0.5	151
	chrI	151372	1	0.5	100
	chrI	151373	1	0.5	143
	chrI	151373	1	0.5	151
	chrI	151375	1	1.0	77
	chrI	151381	1	0.5	94
	chrI	151387	1	0.5	151
	chrI	151388	1	0.5	151
	chrI	151388	1	1.0	87
	chrI	151389	1	0.5	151
	chrI	151392	0	0.5	134
	chrI	151396	1	0.5	128
	chrI	151397	1	0.5	83
	chrI	151398	1	1.0	147
	chrI	151399	1	0.5	151
	chrI	151401	1	0.5	106
	chrI	151407	1	1.0	123
	chrI	151414	0	0.5	151
	chrI	151421	1	0.5	151
	chrI	151422	0	0.5	151
	chrI	151422	1	0.5	90
	chrI	151430	0	0.5	110
	chrI	151436	1	1.0	146
	chrI	151449	1	1.0	142
	chrI	151450	0	1.0	151
	chrI	151450	1	0.5	151
	chrI	151451	0	0.5	151
	chrI	151451	0	0.5	95
	chrI	151451	1	1.0	151
	chrI	151452	0	0.5	151
	chrI	151454	1	1.0	151
	chrI	151457	0	1.0	151
	chrI	151457	1	1.0	151
	chrI	151458	1	0.5	151
	chrI	151459	0	0.5	151
	chrI	151461	0	0.5	151
	chrI	151477	1	0.5	151
	chrI	151478	1	0.5	148
	chrI	151497	0	0.5	140
	chrI	151525	1	0.5	134
	chrI	151540	0	0.5	69
	chrI	151542	1	0.5	110
	chrI	151546	1	0.5	95
	chrI	151605	0	0.5	151
	chrI	151607	1	2.0	151
	chrI	151609	1	0.5	151
	chrI	151609	1	0.5	69
	chrI	151610	0	1.0	109
	chrI	151631	1	1.0	151
	chrI	151632	0	0.5	138
	chrI	151633	0	0.5	60
	chrI	151633	0	1.0	85
	chrI	151636	1	0.5	140
	chrI	151639	1	0.5	151
	chrI	151642	1	0.5	151
	chrI	151648	1	0.5	151
	chrI	151654	0	0.5	73
	chrI	151657	0	0.5	151
	chrI	151657	0	0.5	36
	chrI	151657	0	0.5	84
	chrI	151659	0	0.5	57
	chrI	151663	0	0.5	66
	chrI	151669	0	0.5	138
	chrI	151672	1	0.5	151
	chrI	151675	0	0.5	151
	chrI	151679	1	0.5	151
	chrI	151694	1	0.5	36
	chrI	151694	1	0.5	60
	chrI	151709	0	0.5	57
	chrI	151718	1	0.5	57
	chrI	151719	1	1.0	85
	chrI	151719	1	1.0	109
	chrI	151729	1	0.5	73
	chrI	151731	1	0.5	66
	chrI	151732	0	0.5	146
	chrI	151733	0	1.0	151
	chrI	151735	0	1.0	135
	chrI	151743	0	1.0	151
	chrI	151743	1	0.5	84
	chrI	151764	0	0.5	107
	chrI	151767	1	0.5	57
	chrI	151769	1	0.5	138
	chrI	151769	1	0.5	151
	chrI	151770	0	1.0	54
	chrI	151779	0	0.5	132
	chrI	151782	0	1.0	123
	chrI	151783	0	0.5	99
	chrI	151790	0	0.5	134
	chrI	151801	0	1.0	86
	chrI	151806	1	0.5	138
	chrI	151812	0	0.5	151
	chrI	151825	1	1.0	54
	chrI	151831	1	0.5	151
	chrI	151839	1	0.5	151
	chrI	151841	0	0.5	113
	chrI	151843	0	0.5	57
	chrI	151845	0	1.0	46
	chrI	151849	0	0.5	151
	chrI	151869	1	1.0	135
	chrI	151872	1	0.5	107
	chrI	151883	1	0.5	99
	chrI	151890	1	1.0	86
	chrI	151893	1	1.0	46
	chrI	151900	1	0.5	57
	chrI	151906	1	1.0	123
	chrI	151907	0	0.5	151
	chrI	151909	0	1.0	151
	chrI	151910	1	0.5	132
	chrI	151918	1	0.5	151
	chrI	151919	1	1.0	151
	chrI	151920	0	0.5	141
	chrI	151920	0	0.5	151
	chrI	151923	1	0.5	134
	chrI	151929	0	1.0	135
	chrI	151936	0	0.5	141
	chrI	151942	0	0.5	124
	chrI	151954	1	0.5	113
	chrI	151956	1	1.0	151
	chrI	151957	0	0.5	66
	chrI	151957	0	0.5	70
	chrI	151997	1	0.5	151
	chrI	152019	0	0.5	55
	chrI	152026	1	0.5	66
	chrI	152027	1	0.5	70
	chrI	152052	0	0.5	121
	chrI	152055	0	0.5	146
	chrI	152056	1	0.5	151
	chrI	152060	1	0.5	141
	chrI	152063	1	1.0	135
	chrI	152067	1	0.5	124
	chrI	152068	0	0.5	104
	chrI	152072	1	1.0	151
	chrI	152076	1	0.5	141
	chrI	152076	1	0.5	55
	chrI	152079	0	0.5	95
	chrI	152081	1	0.5	151
	chrI	152083	0	0.5	89
	chrI	152083	0	0.5	91
	chrI	152083	0	0.5	121
	chrI	152089	0	0.5	151
	chrI	152089	0	0.5	17
	chrI	152092	0	0.5	117
	chrI	152097	1	0.5	151
	chrI	152124	0	2.0	149
	chrI	152127	0	0.5	65
	chrI	152149	0	0.5	95
	chrI	152152	0	0.5	151
	chrI	152153	0	0.5	151
	chrI	152159	0	0.5	128
	chrI	152159	0	0.5	134
	chrI	152160	0	1.0	151
	chrI	152161	0	1.0	151
	chrI	152164	0	0.5	151
	chrI	152173	1	0.5	95
	chrI	152173	1	0.5	104
	chrI	152174	0	0.5	151
	chrI	152174	1	0.5	121
	chrI	152175	1	0.5	89
	chrI	152176	1	0.5	91
	chrI	152181	0	0.5	142
	chrI	152182	0	1.0	151
	chrI	152191	1	0.5	65
	chrI	152193	0	0.5	90
	chrI	152203	0	0.5	134
	chrI	152203	1	0.5	121
	chrI	152206	0	0.5	146
	chrI	152208	0	0.5	77
	chrI	152212	1	0.5	117
	chrI	152219	0	0.5	151
	chrI	152243	1	0.5	95
	chrI	152247	0	0.5	151
	chrI	152266	0	0.5	70
	chrI	152272	1	2.0	149
	chrI	152274	1	1.0	151
	chrI	152285	1	0.5	90
	chrI	152286	1	0.5	77
	chrI	152289	1	0.5	128
	chrI	152289	1	0.5	151
	chrI	152292	1	0.5	134
	chrI	152308	1	0.5	151
	chrI	152309	0	0.5	64
	chrI	152310	0	0.5	102
	chrI	152312	1	0.5	151
	chrI	152321	1	0.5	151
	chrI	152322	1	0.5	142
	chrI	152326	1	0.5	151
	chrI	152331	0	0.5	151
	chrI	152336	1	0.5	134
	chrI	152340	0	0.5	80
	chrI	152340	1	0.5	70
	chrI	152342	0	0.5	151
	chrI	152342	1	0.5	151
	chrI	152347	0	1.0	151
	chrI	152351	0	0.5	133
	chrI	152351	1	0.5	146
	chrI	152358	0	0.5	151
	chrI	152358	1	1.0	151
	chrI	152359	1	0.5	151
	chrI	152361	0	0.5	151
	chrI	152362	0	0.5	94
	chrI	152364	0	1.0	151
	chrI	152374	1	0.5	64
	chrI	152377	0	0.5	151
	chrI	152381	0	0.5	151
	chrI	152382	0	0.5	82
	chrI	152385	0	0.5	66
	chrI	152389	0	0.5	151
	chrI	152393	1	0.5	151
	chrI	152399	1	0.5	151
	chrI	152404	0	0.5	54
	chrI	152413	1	0.5	102
	chrI	152421	0	0.5	123
	chrI	152421	0	0.5	125
	chrI	152422	1	0.5	80
	chrI	152437	1	0.5	151
	chrI	152449	0	1.0	56
	chrI	152455	1	0.5	66
	chrI	152457	1	0.5	94
	chrI	152460	1	0.5	54
	chrI	152466	1	0.5	82
	chrI	152469	0	0.5	151
	chrI	152483	1	0.5	133
	chrI	152488	0	1.0	151
	chrI	152491	0	0.5	151
	chrI	152491	0	1.0	119
	chrI	152508	1	0.5	151
	chrI	152508	1	1.0	56
	chrI	152513	0	0.5	144
	chrI	152513	1	0.5	151
	chrI	152515	0	0.5	151
	chrI	152522	0	0.5	48
	chrI	152524	0	0.5	104
	chrI	152524	0	0.5	108
	chrI	152526	0	1.0	145
	chrI	152526	0	1.0	151
	chrI	152532	1	0.5	151
	chrI	152535	0	1.0	151
	chrI	152545	1	1.0	151
	chrI	152546	1	0.5	123
	chrI	152546	1	0.5	125
	chrI	152560	1	0.5	151
	chrI	152568	1	1.0	151
	chrI	152569	1	0.5	151
	chrI	152570	1	0.5	48
	chrI	152573	0	1.0	140
	chrI	152586	0	0.5	44
	chrI	152594	1	0.5	151
	chrI	152611	1	1.0	119
	chrI	152631	1	0.5	104
	chrI	152631	1	0.5	108
	chrI	152632	1	0.5	44
	chrI	152635	0	1.0	151
	chrI	152639	0	0.5	76
	chrI	152642	1	0.5	151
	chrI	152649	0	1.0	151
	chrI	152649	0	0.5	121
	chrI	152656	1	0.5	144
	chrI	152657	0	0.5	151
	chrI	152657	1	0.5	151
	chrI	152667	0	1.0	151
	chrI	152667	0	0.5	86
	chrI	152669	1	0.5	144
	chrI	152670	1	0.5	145
	chrI	152673	0	0.5	151
	chrI	152673	1	0.5	151
	chrI	152683	1	1.0	151
	chrI	152688	1	2.5	151
	chrI	152694	0	0.5	150
	chrI	152694	0	0.5	151
	chrI	152698	0	0.5	151
	chrI	152708	0	0.5	151
	chrI	152711	1	0.5	151
	chrI	152712	1	1.0	140
	chrI	152717	1	0.5	76
	chrI	152730	0	1.0	151
	chrI	152732	0	0.5	132
	chrI	152740	0	0.5	122
	chrI	152740	0	0.5	126
	chrI	152747	0	0.5	151
	chrI	152755	1	0.5	86
	chrI	152772	1	0.5	121
	chrI	152777	0	0.5	151
	chrI	152800	0	0.5	151
	chrI	152800	0	0.5	103
	chrI	152803	0	0.5	150
	chrI	152821	1	1.0	151
	chrI	152832	1	1.0	151
	chrI	152833	0	0.5	151
	chrI	152840	1	0.5	151
	chrI	152847	0	0.5	151
	chrI	152856	1	1.0	151
	chrI	152863	1	0.5	132
	chrI	152866	1	1.0	126
	chrI	152870	0	0.5	143
	chrI	152870	0	0.5	151
	chrI	152878	0	0.5	140
	chrI	152878	1	0.5	151
	chrI	152879	1	0.5	151
	chrI	152880	0	0.5	67
	chrI	152886	1	0.5	151
	chrI	152890	0	0.5	113
	chrI	152891	0	0.5	133
	chrI	152896	0	0.5	151
	chrI	152903	0	0.5	103
	chrI	152904	1	1.0	151
	chrI	152904	1	0.5	103
	chrI	152905	0	0.5	113
	chrI	152919	0	0.5	136
	chrI	152929	0	0.5	151
	chrI	152930	0	1.0	151
	chrI	152931	0	0.5	151
	chrI	152931	0	0.5	119
	chrI	152937	1	0.5	151
	chrI	152948	1	0.5	151
	chrI	152948	1	0.5	67
	chrI	152950	0	0.5	143
	chrI	152952	1	0.5	150
	chrI	152965	1	0.5	151
	chrI	152974	0	2.0	151
	chrI	152978	0	0.5	134
	chrI	152978	0	1.5	71
	chrI	152981	0	0.5	128
	chrI	152999	0	0.5	151
	chrI	153005	0	0.5	151
	chrI	153006	0	0.5	151
	chrI	153006	1	0.5	113
	chrI	153007	1	0.5	103
	chrI	153012	1	0.5	143
	chrI	153015	1	0.5	151
	chrI	153017	1	0.5	140
	chrI	153018	1	0.5	113
	chrI	153023	1	0.5	133
	chrI	153023	1	0.5	151
	chrI	153025	0	1.5	143
	chrI	153037	1	1.0	151
	chrI	153051	1	0.5	151
	chrI	153051	1	1.5	71
	chrI	153051	1	0.5	119
	chrI	153054	1	0.5	136
	chrI	153055	0	0.5	151
	chrI	153056	0	0.5	112
	chrI	153064	0	0.5	115
	chrI	153088	1	0.5	151
	chrI	153091	1	0.5	151
	chrI	153092	1	0.5	143
	chrI	153092	1	0.5	149
	chrI	153092	1	0.5	151
	chrI	153096	0	0.5	125
	chrI	153106	0	0.5	111
	chrI	153111	1	0.5	128
	chrI	153111	1	0.5	134
	chrI	153111	1	0.5	151
	chrI	153154	0	1.5	151
	chrI	153156	1	0.5	151
	chrI	153157	0	0.5	151
	chrI	153161	1	0.5	151
	chrI	153162	0	0.5	151
	chrI	153162	1	2.0	151
	chrI	153165	0	1.0	103
	chrI	153167	1	1.5	143
	chrI	153168	1	0.5	112
	chrI	153171	0	1.0	151
	chrI	153181	0	1.0	151
	chrI	153181	0	0.5	100
	chrI	153181	1	0.5	115
	chrI	153182	0	0.5	151
	chrI	153184	0	1.0	151
	chrI	153185	0	1.0	52
	chrI	153190	0	0.5	149
	chrI	153211	0	0.5	151
	chrI	153212	0	0.5	151
	chrI	153212	1	0.5	151
	chrI	153217	1	0.5	111
	chrI	153225	0	1.0	133
	chrI	153225	1	0.5	125
	chrI	153235	0	0.5	151
	chrI	153238	0	0.5	151
	chrI	153238	1	1.0	52
	chrI	153241	0	0.5	59
	chrI	153269	1	1.0	103
	chrI	153282	1	0.5	100
	chrI	153283	0	1.0	58
	chrI	153301	1	0.5	59
	chrI	153324	1	0.5	151
	chrI	153325	0	0.5	151
	chrI	153328	1	0.5	151
	chrI	153329	0	0.5	151
	chrI	153329	0	0.5	84
	chrI	153329	1	1.5	151
	chrI	153336	0	0.5	140
	chrI	153338	1	0.5	149
	chrI	153338	1	1.0	151
	chrI	153342	0	0.5	100
	chrI	153342	1	1.5	151
	chrI	153342	1	1.0	58
	chrI	153343	1	1.0	151
	chrI	153345	0	0.5	151
	chrI	153345	0	0.5	77
	chrI	153350	0	0.5	151
	chrI	153357	1	1.0	133
	chrI	153384	1	0.5	151
	chrI	153390	0	0.5	151
	chrI	153404	0	0.5	151
	chrI	153406	1	0.5	151
	chrI	153414	1	0.5	84
	chrI	153424	1	0.5	77
	chrI	153437	0	0.5	118
	chrI	153441	0	0.5	151
	chrI	153444	1	0.5	100
	chrI	153459	0	0.5	101
	chrI	153464	1	0.5	151
	chrI	153475	1	0.5	140
	chrI	153483	0	0.5	151
	chrI	153483	1	0.5	151
	chrI	153488	1	0.5	151
	chrI	153496	0	1.5	151
	chrI	153499	1	0.5	151
	chrI	153500	0	1.0	151
	chrI	153501	1	0.5	151
	chrI	153506	0	1.0	151
	chrI	153506	0	0.5	81
	chrI	153528	1	1.0	151
	chrI	153530	0	0.5	101
	chrI	153532	0	0.5	93
	chrI	153534	0	0.5	137
	chrI	153535	0	0.5	68
	chrI	153552	1	0.5	151
	chrI	153556	1	0.5	118
	chrI	153561	1	0.5	101
	chrI	153567	0	1.0	111
	chrI	153570	0	0.5	97
	chrI	153590	1	0.5	151
	chrI	153591	1	0.5	151
	chrI	153592	1	0.5	81
	chrI	153606	1	0.5	68
	chrI	153621	0	0.5	43
	chrI	153627	1	0.5	94
	chrI	153628	0	0.5	151
	chrI	153630	0	0.5	67
	chrI	153633	1	0.5	101
	chrI	153635	0	0.5	151
	chrI	153655	0	0.5	151
	chrI	153655	1	1.0	151
	chrI	153661	1	1.0	151
	chrI	153668	1	1.0	151
	chrI	153668	1	0.5	97
	chrI	153669	1	0.5	43
	chrI	153670	1	0.5	137
	chrI	153673	0	1.0	151
	chrI	153680	1	0.5	151
	chrI	153681	1	1.0	111
	chrI	153683	0	0.5	151
	chrI	153694	0	0.5	97
	chrI	153698	1	0.5	67
	chrI	153714	0	0.5	76
	chrI	153716	1	0.5	151
	chrI	153719	0	0.5	151
	chrI	153723	0	1.0	141
	chrI	153727	0	0.5	151
	chrI	153747	0	0.5	113
	chrI	153747	0	1.0	114
	chrI	153758	0	0.5	64
	chrI	153760	0	0.5	101
	chrI	153770	0	0.5	151
	chrI	153788	1	0.5	151
	chrI	153790	0	0.5	151
	chrI	153793	1	0.5	76
	chrI	153793	1	0.5	97
	chrI	153807	0	0.5	147
	chrI	153807	1	1.0	151
	chrI	153809	0	1.5	151
	chrI	153817	0	0.5	132
	chrI	153818	0	0.5	79
	chrI	153821	0	0.5	151
	chrI	153822	1	0.5	64
	chrI	153840	0	2.0	151
	chrI	153852	1	0.5	151
	chrI	153863	0	0.5	47
	chrI	153863	1	1.0	141
	chrI	153863	1	1.0	151
	chrI	153863	1	0.5	101
	chrI	153863	1	0.5	113
	chrI	153863	1	1.0	114
	chrI	153864	0	0.5	151
	chrI	153865	0	0.5	100
	chrI	153866	0	0.5	142
	chrI	153866	0	1.0	95
	chrI	153872	0	0.5	79
	chrI	153897	0	0.5	151
	chrI	153899	1	0.5	79
	chrI	153905	0	0.5	151
	chrI	153909	1	0.5	151
	chrI	153909	1	0.5	47
	chrI	153911	1	0.5	151
	chrI	153912	0	0.5	151
	chrI	153934	0	0.5	115
	chrI	153942	0	0.5	55
	chrI	153944	0	0.5	151
	chrI	153948	1	0.5	132
	chrI	153951	1	0.5	145
	chrI	153952	1	0.5	79
	chrI	153962	0	0.5	70
	chrI	153962	1	0.5	151
	chrI	153962	1	1.0	95
	chrI	153966	0	0.5	151
	chrI	153966	1	0.5	100
	chrI	153969	0	0.5	151
	chrI	153984	1	2.0	151
	chrI	153994	0	0.5	85
	chrI	153999	1	0.5	55
	chrI	154006	1	2.0	151
	chrI	154007	1	0.5	142
	chrI	154008	1	0.5	151
	chrI	154019	1	0.5	151
	chrI	154022	0	0.5	59
	chrI	154035	1	0.5	70
	chrI	154036	0	0.5	151
	chrI	154043	0	0.5	77
	chrI	154045	0	0.5	151
	chrI	154050	1	0.5	115
	chrI	154062	0	1.0	97
	chrI	154067	1	0.5	151
	chrI	154082	1	0.5	59
	chrI	154082	1	0.5	85
	chrI	154083	0	0.5	149
	chrI	154083	0	0.5	151
	chrI	154089	0	0.5	151
	chrI	154093	1	0.5	151
	chrI	154111	0	0.5	151
	chrI	154119	1	0.5	77
	chrI	154121	1	1.5	151
	chrI	154144	0	0.5	151
	chrI	154148	0	0.5	151
	chrI	154152	0	0.5	101
	chrI	154153	0	1.0	147
	chrI	154160	1	1.0	97
	chrI	154163	0	0.5	151
	chrI	154164	0	0.5	151
	chrI	154196	1	0.5	151
	chrI	154197	0	1.5	82
	chrI	154238	0	0.5	66
	chrI	154238	1	0.5	151
	chrI	154239	1	1.0	151
	chrI	154244	1	0.5	151
	chrI	154255	1	0.5	101
	chrI	154258	0	0.5	151
	chrI	154260	0	0.5	151
	chrI	154261	0	0.5	151
	chrI	154273	1	0.5	151
	chrI	154282	1	1.5	82
	chrI	154287	0	1.0	131
	chrI	154290	0	0.5	75
	chrI	154292	0	1.0	151
	chrI	154293	0	2.5	151
	chrI	154293	0	0.5	55
	chrI	154299	1	1.0	147
	chrI	154299	1	0.5	151
	chrI	154304	1	0.5	151
	chrI	154305	0	0.5	145
	chrI	154306	1	0.5	66
	chrI	154308	0	0.5	141
	chrI	154311	0	0.5	148
	chrI	154321	0	0.5	151
	chrI	154324	0	0.5	45
	chrI	154324	1	0.5	151
	chrI	154326	1	0.5	151
	chrI	154350	1	0.5	55
	chrI	154354	0	0.5	39
	chrI	154354	0	0.5	40
	chrI	154366	1	0.5	75
	chrI	154368	0	0.5	151
	chrI	154371	0	0.5	140
	chrI	154372	1	0.5	45
	chrI	154393	1	0.5	39
	chrI	154393	1	0.5	40
	chrI	154400	0	0.5	58
	chrI	154406	0	0.5	151
	chrI	154409	1	0.5	151
	chrI	154417	1	1.0	131
	chrI	154418	1	0.5	151
	chrI	154446	1	0.5	151
	chrI	154448	1	0.5	141
	chrI	154448	1	1.0	151
	chrI	154449	1	0.5	145
	chrI	154452	0	0.5	145
	chrI	154458	1	0.5	148
	chrI	154458	1	1.0	151
	chrI	154459	1	0.5	58
	chrI	154460	0	1.5	145
	chrI	154460	1	0.5	151
	chrI	154485	1	1.0	151
	chrI	154510	1	0.5	140
	chrI	154511	0	0.5	51
	chrI	154551	0	0.5	57
	chrI	154565	0	1.0	115
	chrI	154565	1	0.5	51
	chrI	154579	1	0.5	151
	chrI	154596	1	0.5	145
	chrI	154600	0	1.0	151
	chrI	154603	0	0.5	151
	chrI	154604	0	0.5	140
	chrI	154604	0	1.0	151
	chrI	154604	1	1.5	145
	chrI	154605	0	0.5	115
	chrI	154609	1	0.5	57
	chrI	154613	0	0.5	60
	chrI	154628	0	0.5	74
	chrI	154629	0	2.0	151
	chrI	154633	1	0.5	151
	chrI	154635	0	0.5	92
	chrI	154640	0	0.5	64
	chrI	154641	0	0.5	151
	chrI	154647	0	0.5	143
	chrI	154648	0	1.0	151
	chrI	154650	0	0.5	128
	chrI	154650	0	0.5	88
	chrI	154655	0	0.5	151
	chrI	154655	0	0.5	112
	chrI	154655	0	1.0	125
	chrI	154673	1	0.5	60
	chrI	154677	1	0.5	151
	chrI	154683	1	1.0	115
	chrI	154684	0	0.5	149
	chrI	154698	0	0.5	96
	chrI	154704	1	0.5	74
	chrI	154706	1	0.5	64
	chrI	154723	1	0.5	115
	chrI	154726	0	0.5	147
	chrI	154728	1	0.5	92
	chrI	154732	0	1.0	57
	chrI	154735	1	0.5	86
	chrI	154743	1	0.5	140
	chrI	154755	0	0.5	128
	chrI	154755	0	1.0	133
	chrI	154757	1	1.0	151
	chrI	154767	1	0.5	151
	chrI	154770	0	0.5	133
	chrI	154770	0	0.5	150
	chrI	154772	1	0.5	112
	chrI	154776	1	0.5	151
	chrI	154780	1	0.5	128
	chrI	154781	0	0.5	151
	chrI	154781	0	0.5	126
	chrI	154781	1	1.0	125
	chrI	154783	0	0.5	151
	chrI	154789	1	0.5	143
	chrI	154791	1	0.5	151
	chrI	154791	1	1.0	57
	chrI	154794	0	0.5	151
	chrI	154795	0	0.5	151
	chrI	154795	1	0.5	96
	chrI	154796	0	1.0	148
	chrI	154796	0	1.0	61
	chrI	154799	0	1.0	136
	chrI	154799	0	0.5	66
	chrI	154811	1	1.0	151
	chrI	154813	0	0.5	64
	chrI	154813	1	1.5	151
	chrI	154820	1	1.0	151
	chrI	154827	0	0.5	72
	chrI	154830	1	0.5	151
	chrI	154832	1	0.5	149
	chrI	154839	0	0.5	115
	chrI	154858	0	1.0	66
	chrI	154858	1	1.0	61
	chrI	154863	0	0.5	151
	chrI	154864	0	1.0	151
	chrI	154868	0	0.5	124
	chrI	154868	1	0.5	67
	chrI	154871	0	1.5	151
	chrI	154872	1	0.5	147
	chrI	154878	0	0.5	151
	chrI	154878	1	0.5	64
	chrI	154882	0	0.5	151
	chrI	154887	1	1.5	133
	chrI	154895	0	1.0	151
	chrI	154896	0	2.0	151
	chrI	154900	1	0.5	73
	chrI	154902	1	0.5	133
	chrI	154903	0	0.5	138
	chrI	154905	0	0.5	135
	chrI	154906	1	0.5	126
	chrI	154907	0	0.5	134
	chrI	154907	0	0.5	151
	chrI	154908	0	0.5	132
	chrI	154913	0	0.5	122
	chrI	154914	0	1.0	125
	chrI	154915	0	1.0	151
	chrI	154915	0	0.5	65
	chrI	154919	0	0.5	120
	chrI	154925	1	1.0	66
	chrI	154926	1	0.5	151
	chrI	154929	0	1.0	151
	chrI	154931	0	0.5	82
	chrI	154934	1	1.0	136
	chrI	154942	0	0.5	151
	chrI	154943	0	1.5	151
	chrI	154943	1	1.0	148
	chrI	154953	1	0.5	115
	chrI	154976	1	0.5	151
	chrI	154977	0	0.5	111
	chrI	154978	0	0.5	110
	chrI	154983	1	0.5	65
	chrI	154988	1	0.5	151
	chrI	154993	1	0.5	124
	chrI	155002	1	0.5	151
	chrI	155015	1	0.5	82
	chrI	155039	1	0.5	132
	chrI	155039	1	0.5	135
	chrI	155039	1	0.5	151
	chrI	155039	1	0.5	122
	chrI	155040	1	0.5	134
	chrI	155040	1	0.5	138
	chrI	155040	1	1.0	151
	chrI	155040	1	0.5	120
	chrI	155040	1	1.0	125
	chrI	155041	1	0.5	151
	chrI	155045	0	0.5	120
	chrI	155052	0	1.5	151
	chrI	155052	0	1.0	107
	chrI	155052	0	0.5	108
	chrI	155052	1	1.0	151
	chrI	155067	0	0.5	151
	chrI	155067	1	2.0	151
	chrI	155068	0	1.5	151
	chrI	155072	1	1.0	151
	chrI	155073	0	0.5	151
	chrI	155075	1	0.5	151
	chrI	155078	0	0.5	151
	chrI	155082	1	0.5	151
	chrI	155083	1	1.0	151
	chrI	155084	0	0.5	101
	chrI	155086	0	0.5	68
	chrI	155088	1	0.5	110
	chrI	155088	1	0.5	111
	chrI	155089	0	0.5	111
	chrI	155096	0	1.0	151
	chrI	155100	0	0.5	125
	chrI	155102	1	1.0	151
	chrI	155110	0	0.5	151
	chrI	155120	1	1.5	151
	chrI	155124	0	1.0	92
	chrI	155124	0	0.5	94
	chrI	155143	1	0.5	151
	chrI	155148	0	0.5	151
	chrI	155155	1	0.5	68
	chrI	155160	1	1.0	107
	chrI	155160	1	0.5	108
	chrI	155165	0	1.0	151
	chrI	155165	1	0.5	120
	chrI	155173	0	3.0	148
	chrI	155184	1	0.5	101
	chrI	155185	0	0.5	46
	chrI	155188	0	0.5	151
	chrI	155200	1	0.5	111
	chrI	155219	1	1.0	92
	chrI	155219	1	0.5	94
	chrI	155224	0	0.5	122
	chrI	155226	1	0.5	125
	chrI	155227	1	0.5	151
	chrI	155228	1	2.0	151
	chrI	155231	0	0.5	54
	chrI	155232	1	2.0	151
	chrI	155232	1	0.5	46
	chrI	155241	1	0.5	151
	chrI	155242	0	1.0	151
	chrI	155250	1	0.5	151
	chrI	155261	0	0.5	72
	chrI	155268	0	1.0	151
	chrI	155268	1	0.5	151
	chrI	155278	0	0.5	148
	chrI	155278	0	0.5	124
	chrI	155286	1	0.5	54
	chrI	155295	0	0.5	85
	chrI	155300	1	0.5	151
	chrI	155319	0	0.5	90
	chrI	155320	1	3.0	148
	chrI	155323	0	0.5	151
	chrI	155324	1	1.0	151
	chrI	155327	0	0.5	62
	chrI	155334	1	0.5	72
	chrI	155339	0	0.5	84
	chrI	155342	0	0.5	151
	chrI	155347	1	0.5	151
	chrI	155348	1	0.5	122
	chrI	155355	0	0.5	151
	chrI	155363	0	0.5	92
	chrI	155366	1	1.0	151
	chrI	155379	1	0.5	151
	chrI	155379	1	0.5	85
	chrI	155383	0	0.5	151
	chrI	155390	0	0.5	115
	chrI	155391	1	0.5	62
	chrI	155392	0	0.5	151
	chrI	155397	1	1.0	151
	chrI	155402	0	0.5	151
	chrI	155405	1	0.5	124
	chrI	155406	0	0.5	151
	chrI	155407	0	0.5	144
	chrI	155413	1	0.5	90
	chrI	155424	1	0.5	84
	chrI	155425	1	0.5	148
	chrI	155425	1	1.0	151
	chrI	155426	0	1.0	151
	chrI	155426	0	1.5	126
	chrI	155427	0	0.5	124
	chrI	155430	0	0.5	151
	chrI	155433	0	0.5	99
	chrI	155433	0	1.5	115
	chrI	155438	0	0.5	48
	chrI	155444	0	0.5	89
	chrI	155445	0	0.5	151
	chrI	155455	1	0.5	92
	chrI	155458	0	0.5	151
	chrI	155470	0	0.5	150
	chrI	155481	0	0.5	57
	chrI	155486	1	0.5	48
	chrI	155505	0	0.5	83
	chrI	155506	1	0.5	115
	chrI	155509	0	0.5	68
	chrI	155514	0	1.0	119
	chrI	155519	1	0.5	151
	chrI	155524	0	0.5	140
	chrI	155528	0	0.5	130
	chrI	155534	1	0.5	151
	chrI	155534	1	0.5	89
	chrI	155534	1	0.5	99
	chrI	155538	0	0.5	49
	chrI	155539	1	0.5	57
	chrI	155547	1	0.5	151
	chrI	155550	1	0.5	144
	chrI	155550	1	1.5	115
	chrI	155550	1	0.5	124
	chrI	155552	0	0.5	151
	chrI	155553	1	1.5	126
	chrI	155555	1	0.5	151
	chrI	155556	0	1.5	151
	chrI	155556	1	0.5	151
	chrI	155557	0	0.5	143
	chrI	155557	0	0.5	151
	chrI	155559	0	0.5	151
	chrI	155562	0	1.0	151
	chrI	155562	0	1.0	57
	chrI	155580	1	0.5	68
	chrI	155588	1	0.5	83
	chrI	155590	0	0.5	151
	chrI	155590	1	1.0	151
	chrI	155590	1	0.5	49
	chrI	155592	0	0.5	151
	chrI	155596	0	0.5	151
	chrI	155601	1	0.5	151
	chrI	155602	0	0.5	112
	chrI	155606	1	0.5	151
	chrI	155607	0	0.5	112
	chrI	155613	0	1.0	151
	chrI	155619	0	1.0	69
	chrI	155619	1	0.5	150
	chrI	155622	1	1.0	57
	chrI	155625	0	0.5	112
	chrI	155625	1	0.5	140
	chrI	155633	1	1.0	151
	chrI	155634	1	1.0	119
	chrI	155649	0	0.5	151
	chrI	155655	0	1.0	80
	chrI	155657	1	0.5	130
	chrI	155660	0	0.5	151
	chrI	155663	1	0.5	140
	chrI	155676	0	0.5	151
	chrI	155689	1	1.0	69
	chrI	155691	0	0.5	68
	chrI	155691	0	0.5	84
	chrI	155696	0	0.5	98
	chrI	155697	0	0.5	151
	chrI	155707	1	1.0	151
	chrI	155710	1	1.0	151
	chrI	155712	1	2.0	151
	chrI	155715	1	0.5	112
	chrI	155718	0	0.5	151
	chrI	155723	1	0.5	112
	chrI	155724	1	0.5	150
	chrI	155727	0	0.5	133
	chrI	155736	1	1.0	80
	chrI	155737	1	0.5	112
	chrI	155741	0	0.5	114
	chrI	155743	0	0.5	88
	chrI	155752	0	0.5	151
	chrI	155754	1	0.5	151
	chrI	155762	1	0.5	68
	chrI	155771	1	0.5	151
	chrI	155772	1	0.5	151
	chrI	155777	0	1.0	106
	chrI	155778	1	1.0	151
	chrI	155778	1	0.5	84
	chrI	155779	0	0.5	68
	chrI	155795	1	0.5	98
	chrI	155824	0	0.5	83
	chrI	155824	1	0.5	151
	chrI	155832	1	0.5	88
	chrI	155833	0	0.5	151
	chrI	155833	1	0.5	151
	chrI	155845	0	0.5	141
	chrI	155845	0	0.5	97
	chrI	155848	1	0.5	68
	chrI	155849	0	0.5	151
	chrI	155855	1	0.5	150
	chrI	155856	1	0.5	114
	chrI	155857	0	0.5	126
	chrI	155859	1	0.5	133
	chrI	155862	1	0.5	151
	chrI	155885	1	1.0	106
	chrI	155886	1	0.5	151
	chrI	155893	0	0.5	151
	chrI	155907	1	0.5	83
	chrI	155915	0	0.5	116
	chrI	155918	0	0.5	122
	chrI	155918	0	0.5	125
	chrI	155929	1	0.5	151
	chrI	155936	0	0.5	151
	chrI	155943	1	0.5	97
	chrI	155952	0	0.5	61
	chrI	155978	0	0.5	151
	chrI	155983	1	0.5	126
	chrI	155985	0	0.5	151
	chrI	155985	0	0.5	60
	chrI	155985	1	0.5	141
	chrI	155987	0	1.5	151
	chrI	155992	1	0.5	151
	chrI	155993	0	0.5	151
	chrI	156017	1	0.5	61
	chrI	156032	1	0.5	116
	chrI	156042	1	0.5	151
	chrI	156042	1	0.5	122
	chrI	156042	1	0.5	125
	chrI	156047	1	0.5	60
	chrI	156056	0	1.5	151
	chrI	156056	1	0.5	151
	chrI	156063	0	0.5	146
	chrI	156078	0	0.5	118
	chrI	156081	0	0.5	151
	chrI	156105	0	1.5	151
	chrI	156111	0	0.5	95
	chrI	156122	0	0.5	62
	chrI	156128	1	0.5	151
	chrI	156135	0	0.5	70
	chrI	156135	1	0.5	151
	chrI	156146	0	0.5	151
	chrI	156152	0	0.5	151
	chrI	156152	1	0.5	151
	chrI	156167	0	1.0	146
	chrI	156175	0	2.5	151
	chrI	156176	0	0.5	139
	chrI	156182	0	0.5	151
	chrI	156183	1	1.5	151
	chrI	156189	1	0.5	62
	chrI	156197	1	0.5	118
	chrI	156198	0	0.5	64
	chrI	156200	0	0.5	139
	chrI	156208	1	0.5	151
	chrI	156208	1	0.5	95
	chrI	156209	1	0.5	70
	chrI	156216	1	0.5	151
	chrI	156221	0	0.5	142
	chrI	156221	0	0.5	151
	chrI	156224	1	0.5	151
	chrI	156225	1	0.5	151
	chrI	156231	0	0.5	151
	chrI	156238	0	0.5	151
	chrI	156240	0	1.0	151
	chrI	156244	0	0.5	56
	chrI	156247	0	0.5	150
	chrI	156247	0	1.5	151
	chrI	156248	1	0.5	151
	chrI	156253	0	0.5	71
	chrI	156256	0	0.5	151
	chrI	156262	1	0.5	64
	chrI	156274	1	1.5	151
	chrI	156284	0	0.5	117
	chrI	156285	0	0.5	77
	chrI	156301	1	0.5	56
	chrI	156310	1	0.5	151
	chrI	156311	0	0.5	151
	chrI	156312	1	1.0	146
	chrI	156314	1	0.5	139
	chrI	156324	1	0.5	71
	chrI	156327	1	0.5	151
	chrI	156330	0	0.5	72
	chrI	156336	1	2.5	151
	chrI	156338	1	0.5	139
	chrI	156339	0	1.5	151
	chrI	156349	0	0.5	53
	chrI	156357	1	0.5	151
	chrI	156362	0	1.0	151
	chrI	156362	1	0.5	142
	chrI	156363	1	0.5	77
	chrI	156367	0	1.5	119
	chrI	156370	0	0.5	65
	chrI	156373	0	0.5	151
	chrI	156376	0	0.5	151
	chrI	156383	0	0.5	151
	chrI	156383	0	0.5	112
	chrI	156393	1	0.5	151
	chrI	156394	1	0.5	151
	chrI	156396	1	0.5	150
	chrI	156400	0	0.5	151
	chrI	156400	0	0.5	125
	chrI	156403	1	1.0	151
	chrI	156403	1	0.5	53
	chrI	156403	1	0.5	72
	chrI	156404	1	2.5	151
	chrI	156404	1	0.5	117
	chrI	156405	0	0.5	151
	chrI	156407	0	0.5	151
	chrI	156409	0	0.5	141
	chrI	156409	0	1.0	151
	chrI	156422	0	1.0	151
	chrI	156436	0	1.0	151
	chrI	156436	0	0.5	110
	chrI	156436	1	0.5	65
	chrI	156447	1	0.5	151
	chrI	156454	0	0.5	100
	chrI	156468	1	0.5	151
	chrI	156487	1	1.5	119
	chrI	156493	0	0.5	86
	chrI	156496	0	0.5	151
	chrI	156496	1	0.5	112
	chrI	156501	1	1.0	151
	chrI	156524	1	1.0	151
	chrI	156525	1	0.5	125
	chrI	156527	0	0.5	35
	chrI	156530	0	0.5	151
	chrI	156546	1	0.5	151
	chrI	156548	1	0.5	110
	chrI	156549	1	0.5	141
	chrI	156554	1	0.5	100
	chrI	156556	1	0.5	151
	chrI	156563	1	0.5	151
	chrI	156563	1	0.5	35
	chrI	156564	1	0.5	151
	chrI	156566	0	1.0	151
	chrI	156568	0	0.5	105
	chrI	156577	1	1.0	151
	chrI	156578	0	0.5	136
	chrI	156578	1	0.5	151
	chrI	156580	1	0.5	86
	chrI	156591	1	0.5	151
	chrI	156594	0	0.5	151
	chrI	156599	1	0.5	151
	chrI	156602	0	1.0	151
	chrI	156603	0	1.0	151
	chrI	156611	0	0.5	75
	chrI	156611	1	0.5	151
	chrI	156617	0	0.5	135
	chrI	156617	0	0.5	151
	chrI	156619	0	0.5	142
	chrI	156619	0	1.0	151
	chrI	156619	0	1.0	68
	chrI	156619	0	0.5	89
	chrI	156619	0	1.0	92
	chrI	156639	1	1.0	151
	chrI	156653	0	0.5	58
	chrI	156674	0	0.5	151
	chrI	156676	1	0.5	105
	chrI	156686	1	0.5	75
	chrI	156689	1	1.0	68
	chrI	156703	0	0.5	54
	chrI	156711	1	0.5	89
	chrI	156713	1	0.5	136
	chrI	156713	1	0.5	58
	chrI	156713	1	1.0	92
	chrI	156715	0	0.5	138
	chrI	156719	0	0.5	119
	chrI	156720	1	0.5	151
	chrI	156723	0	1.5	151
	chrI	156730	1	1.0	151
	chrI	156733	0	1.5	151
	chrI	156739	0	0.5	151
	chrI	156746	0	0.5	151
	chrI	156751	1	0.5	135
	chrI	156753	1	1.0	151
	chrI	156756	0	0.5	126
	chrI	156757	0	1.0	151
	chrI	156760	1	0.5	142
	chrI	156760	1	0.5	54
	chrI	156764	1	0.5	151
	chrI	156768	0	1.0	63
	chrI	156787	1	2.0	151
	chrI	156791	1	0.5	151
	chrI	156792	0	0.5	58
	chrI	156795	0	1.0	151
	chrI	156800	0	0.5	72
	chrI	156802	0	0.5	104
	chrI	156832	1	1.0	63
	chrI	156839	1	0.5	119
	chrI	156842	0	0.5	151
	chrI	156844	1	0.5	151
	chrI	156852	1	0.5	138
	chrI	156852	1	0.5	58
	chrI	156864	0	1.0	151
	chrI	156868	0	0.5	151
	chrI	156874	1	0.5	72
	chrI	156882	1	1.5	151
	chrI	156883	1	0.5	126
	chrI	156888	1	1.5	151
	chrI	156889	0	0.5	150
	chrI	156889	0	0.5	151
	chrI	156889	1	0.5	151
	chrI	156890	0	1.0	151
	chrI	156891	0	0.5	151
	chrI	156891	1	0.5	151
	chrI	156896	1	0.5	151
	chrI	156899	0	0.5	50
	chrI	156901	0	0.5	151
	chrI	156905	1	0.5	151
	chrI	156908	0	0.5	135
	chrI	156908	0	0.5	79
	chrI	156908	1	0.5	104
	chrI	156917	0	1.0	151
	chrI	156921	1	1.0	151
	chrI	156947	1	1.0	151
	chrI	156949	1	0.5	50
	chrI	156988	1	0.5	79
	chrI	156990	0	2.0	151
	chrI	156994	0	0.5	103
	chrI	156996	0	1.0	42
	chrI	156996	0	1.0	68
	chrI	156998	1	0.5	151
	chrI	157014	0	0.5	69
	chrI	157023	1	0.5	151
	chrI	157025	1	0.5	151
	chrI	157032	0	0.5	151
	chrI	157037	0	0.5	151
	chrI	157037	0	0.5	108
	chrI	157039	1	1.0	42
	chrI	157042	1	0.5	135
	chrI	157044	1	1.0	151
	chrI	157051	1	1.5	151
	chrI	157057	1	0.5	151
	chrI	157058	1	0.5	151
	chrI	157065	0	0.5	77
	chrI	157066	1	1.0	68
	chrI	157084	1	0.5	151
	chrI	157084	1	0.5	69
	chrI	157086	0	0.5	151
	chrI	157086	1	0.5	151
	chrI	157087	0	1.0	89
	chrI	157089	0	1.0	151
	chrI	157093	0	1.0	107
	chrI	157096	1	0.5	103
	chrI	157143	1	2.0	151
	chrI	157143	1	0.5	77
	chrI	157144	0	0.5	149
	chrI	157145	1	0.5	108
	chrI	157146	0	1.0	72
	chrI	157177	1	1.0	89
	chrI	157183	0	1.5	112
	chrI	157184	0	0.5	151
	chrI	157190	1	0.5	151
	chrI	157199	1	0.5	150
	chrI	157200	1	1.0	107
	chrI	157203	0	0.5	151
	chrI	157212	0	0.5	151
	chrI	157219	0	0.5	151
	chrI	157219	1	1.0	72
	chrI	157228	0	0.5	151
	chrI	157234	0	0.5	80
	chrI	157242	1	1.0	151
	chrI	157246	0	0.5	151
	chrI	157250	0	1.0	147
	chrI	157255	0	0.5	100
	chrI	157271	0	0.5	151
	chrI	157273	0	0.5	145
	chrI	157273	0	0.5	113
	chrI	157279	0	0.5	151
	chrI	157292	1	0.5	149
	chrI	157298	0	0.5	151
	chrI	157298	1	1.5	112
	chrI	157300	1	0.5	151
	chrI	157301	0	0.5	85
	chrI	157302	0	0.5	70
	chrI	157315	1	0.5	80
	chrI	157341	1	0.5	151
	chrI	157343	0	0.5	151
	chrI	157358	1	0.5	100
	chrI	157362	0	0.5	106
	chrI	157370	1	0.5	151
	chrI	157375	1	0.5	70
	chrI	157380	0	0.5	151
	chrI	157388	1	1.0	151
	chrI	157388	1	0.5	85
	chrI	157388	1	0.5	113
	chrI	157389	1	0.5	151
	chrI	157392	0	1.0	151
	chrI	157396	1	1.0	147
	chrI	157398	0	0.5	151
	chrI	157403	1	0.5	151
	chrI	157407	0	0.5	108
	chrI	157417	1	0.5	145
	chrI	157427	1	0.5	151
	chrI	157434	0	0.5	114
	chrI	157446	0	1.0	134
	chrI	157447	0	0.5	82
	chrI	157451	1	0.5	151
	chrI	157470	0	0.5	72
	chrI	157471	1	0.5	151
	chrI	157471	1	0.5	106
	chrI	157505	0	0.5	66
	chrI	157510	0	0.5	151
	chrI	157510	0	0.5	38
	chrI	157516	1	0.5	108
	chrI	157525	0	0.5	85
	chrI	157531	1	0.5	82
	chrI	157542	1	0.5	151
	chrI	157543	0	0.5	151
	chrI	157543	1	0.5	72
	chrI	157549	1	0.5	38
	chrI	157549	1	0.5	114
	chrI	157552	0	0.5	151
	chrI	157552	1	0.5	151
	chrI	157556	0	1.0	103
	chrI	157558	0	0.5	139
	chrI	157558	0	0.5	141
	chrI	157559	1	0.5	151
	chrI	157560	1	0.5	151
	chrI	157567	0	1.5	151
	chrI	157572	1	0.5	66
	chrI	157578	1	0.5	151
	chrI	157579	1	1.0	134
	chrI	157585	0	0.5	59
	chrI	157586	0	0.5	151
	chrI	157592	0	0.5	150
	chrI	157600	0	0.5	78
	chrI	157609	1	0.5	85
	chrI	157624	0	0.5	92
	chrI	157645	1	0.5	59
	chrI	157649	0	0.5	113
	chrI	157656	0	0.5	106
	chrI	157660	1	1.0	103
	chrI	157665	0	0.5	151
	chrI	157678	1	0.5	151
	chrI	157681	1	0.5	78
	chrI	157696	1	0.5	139
	chrI	157697	1	0.5	151
	chrI	157698	1	0.5	141
	chrI	157699	0	0.5	151
	chrI	157702	1	0.5	151
	chrI	157709	0	1.0	47
	chrI	157713	0	1.0	136
	chrI	157716	1	0.5	92
	chrI	157719	0	1.0	144
	chrI	157724	0	0.5	120
	chrI	157739	0	1.0	61
	chrI	157740	0	1.0	151
	chrI	157740	0	0.5	120
	chrI	157741	1	0.5	150
	chrI	157745	0	0.5	151
	chrI	157749	0	0.5	134
	chrI	157756	1	1.0	47
	chrI	157762	1	0.5	151
	chrI	157763	1	0.5	106
	chrI	157764	1	0.5	113
	chrI	157768	0	0.5	94
	chrI	157775	0	0.5	151
	chrI	157795	0	0.5	142
	chrI	157802	1	1.0	61
	chrI	157804	0	0.5	96
	chrI	157845	1	0.5	120
	chrI	157846	0	0.5	151
	chrI	157848	1	1.0	136
	chrI	157856	1	0.5	151
	chrI	157858	0	0.5	45
	chrI	157861	1	0.5	120
	chrI	157862	1	1.0	144
	chrI	157864	1	0.5	94
	chrI	157870	1	1.5	151
	chrI	157874	0	0.5	151
	chrI	157882	1	0.5	134
	chrI	157885	0	0.5	80
	chrI	157893	1	1.0	151
	chrI	157903	1	0.5	96
	chrI	157904	1	0.5	45
	chrI	157906	0	0.5	151
	chrI	157907	1	0.5	151
	chrI	157908	0	0.5	137
	chrI	157915	0	0.5	151
	chrI	157935	0	0.5	64
	chrI	157936	1	0.5	142
	chrI	157940	0	0.5	148
	chrI	157942	1	0.5	150
	chrI	157966	1	0.5	80
	chrI	157997	1	0.5	151
	chrI	158000	1	0.5	64
	chrI	158003	1	0.5	151
	chrI	158024	1	0.5	151
	chrI	158025	0	0.5	89
	chrI	158044	0	0.5	151
	chrI	158044	1	0.5	137
	chrI	158047	0	0.5	103
	chrI	158060	0	3.0	151
	chrI	158087	0	0.5	59
	chrI	158087	1	0.5	148
	chrI	158088	0	0.5	122
	chrI	158089	0	0.5	35
	chrI	158102	1	0.5	151
	chrI	158104	0	1.0	151
	chrI	158115	1	0.5	89
	chrI	158117	0	1.0	100
	chrI	158122	0	0.5	88
	chrI	158125	1	0.5	35
	chrI	158143	0	0.5	64
	chrI	158148	1	0.5	59
	chrI	158151	1	0.5	103
	chrI	158155	0	0.5	111
	chrI	158166	1	0.5	151
	chrI	158196	0	0.5	138
	chrI	158204	0	0.5	150
	chrI	158206	1	0.5	64
	chrI	158207	1	0.5	86
	chrI	158208	1	0.5	151
	chrI	158209	0	0.5	151
	chrI	158211	1	0.5	122
	chrI	158213	0	1.0	151
	chrI	158217	1	1.0	100
	chrI	158224	0	1.0	151
	chrI	158225	0	0.5	127
	chrI	158225	1	3.0	151
	chrI	158226	0	0.5	151
	chrI	158236	0	3.0	151
	chrI	158266	1	0.5	111
	chrI	158272	0	0.5	97
	chrI	158273	1	0.5	151
	chrI	158282	0	0.5	128
	chrI	158287	0	0.5	151
	chrI	158291	1	0.5	151
	chrI	158298	0	0.5	60
	chrI	158329	0	0.5	151
	chrI	158333	1	0.5	138
	chrI	158336	0	0.5	151
	chrI	158346	0	1.0	121
	chrI	158350	0	1.0	151
	chrI	158353	1	0.5	150
	chrI	158353	1	0.5	127
	chrI	158356	0	0.5	151
	chrI	158358	1	0.5	60
	chrI	158368	1	0.5	151
	chrI	158369	1	0.5	97
	chrI	158371	0	0.5	151
	chrI	158371	1	0.5	151
	chrI	158386	0	0.5	148
	chrI	158386	1	0.5	151
	chrI	158387	0	1.0	140
	chrI	158389	0	0.5	151
	chrI	158394	1	2.0	151
	chrI	158395	1	1.0	151
	chrI	158396	0	2.0	151
	chrI	158396	1	1.0	151
	chrI	158399	0	0.5	151
	chrI	158407	0	1.5	151
	chrI	158410	1	0.5	128
	chrI	158439	1	0.5	151
	chrI	158441	0	0.5	122
	chrI	158452	0	0.5	99
	chrI	158456	0	1.0	102
	chrI	158461	0	1.0	132
	chrI	158468	1	1.0	121
	chrI	158486	0	0.5	73
	chrI	158526	1	1.0	140
	chrI	158533	1	0.5	148
	chrI	158534	1	0.5	151
	chrI	158536	0	0.5	151
	chrI	158544	0	1.0	52
	chrI	158552	1	0.5	99
	chrI	158555	0	2.0	151
	chrI	158555	1	1.0	151
	chrI	158560	1	1.0	102
	chrI	158562	1	1.0	151
	chrI	158562	1	0.5	73
	chrI	158564	0	0.5	151
	chrI	158566	1	0.5	151
	chrI	158567	1	1.0	151
	chrI	158567	1	0.5	122
	chrI	158568	1	2.5	151
	chrI	158569	1	0.5	151
	chrI	158570	0	0.5	151
	chrI	158571	0	0.5	149
	chrI	158571	0	0.5	151
	chrI	158583	1	1.0	151
	chrI	158592	1	1.0	132
	chrI	158597	1	1.0	52
	chrI	158625	0	0.5	80
	chrI	158628	0	1.0	144
	chrI	158630	0	0.5	151
	chrI	158631	0	1.0	87
	chrI	158661	0	0.5	109
	chrI	158671	0	0.5	132
	chrI	158674	0	0.5	100
	chrI	158681	0	1.0	128
	chrI	158694	0	0.5	143
	chrI	158695	0	0.5	101
	chrI	158700	0	0.5	95
	chrI	158701	0	0.5	142
	chrI	158706	1	0.5	151
	chrI	158708	1	0.5	80
	chrI	158710	0	0.5	124
	chrI	158711	0	0.5	151
	chrI	158716	0	1.0	87
	chrI	158719	1	0.5	149
	chrI	158719	1	1.0	87
	chrI	158722	0	0.5	151
	chrI	158736	0	0.5	59
	chrI	158737	0	0.5	151
	chrI	158737	1	2.0	151
	chrI	158738	0	1.0	151
	chrI	158738	0	1.0	57
	chrI	158738	0	0.5	60
	chrI	158738	0	1.0	67
	chrI	158738	0	0.5	99
	chrI	158738	1	0.5	151
	chrI	158739	0	0.5	82
	chrI	158739	0	0.5	91
	chrI	158739	0	1.0	95
	chrI	158739	0	1.0	115
	chrI	158740	0	1.0	149
	chrI	158742	1	0.5	151
	chrI	158744	0	0.5	56
	chrI	158749	0	1.0	151
	chrI	158759	0	0.5	51
	chrI	158764	0	0.5	151
	chrI	158771	1	1.0	144
	chrI	158771	1	0.5	151
	chrI	158771	1	0.5	109
	chrI	158775	0	0.5	91
	chrI	158775	1	0.5	100
	chrI	158779	0	0.5	75
	chrI	158784	0	1.0	145
	chrI	158784	1	0.5	151
	chrI	158785	0	0.5	151
	chrI	158796	1	1.0	57
	chrI	158796	1	0.5	59
	chrI	158796	1	0.5	95
	chrI	158797	1	0.5	101
	chrI	158799	1	0.5	60
	chrI	158802	1	0.5	132
	chrI	158804	1	0.5	56
	chrI	158804	1	1.0	87
	chrI	158806	1	1.0	67
	chrI	158810	0	0.5	78
	chrI	158811	1	1.0	128
	chrI	158812	0	0.5	151
	chrI	158812	1	0.5	51
	chrI	158813	0	3.0	151
	chrI	158813	0	0.5	54
	chrI	158822	1	0.5	82
	chrI	158825	0	0.5	142
	chrI	158825	0	0.5	151
	chrI	158826	0	1.0	151
	chrI	158832	0	0.5	151
	chrI	158832	1	0.5	91
	chrI	158834	1	1.0	95
	chrI	158835	1	0.5	142
	chrI	158836	1	0.5	124
	chrI	158838	1	0.5	99
	chrI	158839	0	1.0	140
	chrI	158839	0	0.5	149
	chrI	158840	0	1.0	138
	chrI	158840	0	2.0	151
	chrI	158841	0	0.5	151
	chrI	158842	1	0.5	142
	chrI	158844	0	0.5	151
	chrI	158849	0	0.5	151
	chrI	158855	1	0.5	75
	chrI	158855	1	1.0	115
	chrI	158856	0	0.5	151
	chrI	158862	0	0.5	65
	chrI	158866	1	0.5	91
	chrI	158868	1	0.5	54
	chrI	158883	1	0.5	151
	chrI	158886	0	0.5	42
	chrI	158888	0	0.5	52
	chrI	158888	1	1.0	149
	chrI	158890	1	0.5	151
	chrI	158890	1	0.5	78
	chrI	158916	1	1.0	151
	chrI	158919	1	0.5	151
	chrI	158923	1	0.5	151
	chrI	158927	1	1.0	151
	chrI	158928	1	1.0	145
	chrI	158928	1	0.5	65
	chrI	158929	1	0.5	42
	chrI	158931	0	0.5	151
	chrI	158938	0	0.5	90
	chrI	158941	1	0.5	52
	chrI	158948	0	1.0	151
	chrI	158966	1	0.5	142
	chrI	158976	1	0.5	151
	chrI	158977	1	1.0	138
	chrI	158978	1	1.0	140
	chrI	158980	0	0.5	151
	chrI	158983	0	0.5	151
	chrI	158985	1	0.5	151
	chrI	158987	1	0.5	149
	chrI	158987	1	1.0	151
	chrI	158988	1	1.0	151
	chrI	158989	0	1.0	151
	chrI	158989	0	0.5	122
	chrI	158989	1	0.5	151
	chrI	158997	1	1.0	151
	chrI	158999	0	0.5	151
	chrI	158999	1	1.0	151
	chrI	159006	1	1.5	151
	chrI	159007	0	1.0	151
	chrI	159007	1	0.5	151
	chrI	159008	1	0.5	151
	chrI	159022	0	0.5	149
	chrI	159029	1	0.5	90
	chrI	159030	0	0.5	151
	chrI	159036	0	0.5	151
	chrI	159051	1	0.5	151
	chrI	159060	0	1.0	66
	chrI	159079	0	0.5	101
	chrI	159103	0	0.5	137
	chrI	159116	1	0.5	122
	chrI	159117	1	0.5	151
	chrI	159120	0	0.5	96
	chrI	159128	1	1.0	66
	chrI	159136	1	1.0	151
	chrI	159138	1	0.5	151
	chrI	159150	1	1.5	151
	chrI	159152	0	0.5	151
	chrI	159152	0	1.0	87
	chrI	159153	1	0.5	151
	chrI	159170	1	0.5	149
	chrI	159170	1	1.0	151
	chrI	159172	0	0.5	151
	chrI	159172	1	1.0	151
	chrI	159179	0	0.5	64
	chrI	159181	1	0.5	101
	chrI	159190	0	0.5	151
	chrI	159203	1	0.5	151
	chrI	159207	0	0.5	60
	chrI	159210	0	0.5	54
	chrI	159217	0	0.5	151
	chrI	159217	0	0.5	88
	chrI	159217	1	0.5	96
	chrI	159239	1	0.5	137
	chrI	159242	1	1.0	87
	chrI	159243	0	1.0	84
	chrI	159244	0	0.5	151
	chrI	159245	1	0.5	64
	chrI	159259	1	0.5	151
	chrI	159264	1	0.5	54
	chrI	159268	1	0.5	60
	chrI	159278	1	0.5	151
	chrI	159284	0	0.5	142
	chrI	159297	0	0.5	79
	chrI	159297	0	0.5	81
	chrI	159308	1	0.5	88
	chrI	159310	0	0.5	54
	chrI	159310	0	1.0	127
	chrI	159314	0	0.5	151
	chrI	159323	0	0.5	84
	chrI	159327	1	0.5	151
	chrI	159327	1	1.0	84
	chrI	159333	0	0.5	151
	chrI	159333	0	0.5	72
	chrI	159333	0	0.5	126
	chrI	159340	0	0.5	71
	chrI	159344	0	0.5	94
	chrI	159352	1	0.5	151
	chrI	159359	0	1.5	151
	chrI	159361	0	0.5	151
	chrI	159365	1	0.5	54
	chrI	159369	1	0.5	150
	chrI	159369	1	0.5	151
	chrI	159377	1	0.5	79
	chrI	159378	1	0.5	81
	chrI	159397	0	0.5	80
	chrI	159403	0	1.0	151
	chrI	159406	1	0.5	72
	chrI	159408	1	0.5	84
	chrI	159409	1	0.5	151
	chrI	159411	1	0.5	71
	chrI	159425	0	1.0	85
	chrI	159425	1	0.5	142
	chrI	159427	0	0.5	133
	chrI	159439	1	0.5	94
	chrI	159439	1	1.0	127
	chrI	159460	1	0.5	126
	chrI	159462	0	0.5	151
	chrI	159462	0	0.5	119
	chrI	159479	1	0.5	80
	chrI	159503	0	1.0	151
	chrI	159511	1	1.0	85
	chrI	159519	0	0.5	133
	chrI	159520	1	0.5	151
	chrI	159521	1	0.5	151
	chrI	159522	0	1.0	149
	chrI	159522	0	0.5	124
	chrI	159530	1	1.0	151
	chrI	159531	0	1.5	151
	chrI	159540	1	0.5	151
	chrI	159559	0	0.5	138
	chrI	159559	1	0.5	133
	chrI	159583	1	0.5	119
	chrI	159584	1	1.0	151
	chrI	159586	0	0.5	151
	chrI	159586	0	0.5	112
	chrI	159590	0	0.5	151
	chrI	159612	0	0.5	151
	chrI	159621	1	0.5	151
	chrI	159624	0	0.5	44
	chrI	159646	0	0.5	52
	chrI	159647	1	0.5	124
	chrI	159651	1	0.5	133
	chrI	159653	0	0.5	140
	chrI	159655	0	0.5	151
	chrI	159670	1	1.0	149
	chrI	159670	1	1.0	151
	chrI	159670	1	0.5	44
	chrI	159671	0	0.5	151
	chrI	159673	0	0.5	151
	chrI	159696	1	0.5	138
	chrI	159698	1	0.5	52
	chrI	159700	1	0.5	112
	chrI	159706	0	0.5	135
	chrI	159706	0	0.5	61
	chrI	159707	1	0.5	151
	chrI	159718	0	0.5	147
	chrI	159724	0	0.5	126
	chrI	159726	0	0.5	151
	chrI	159727	0	0.5	151
	chrI	159743	0	0.5	151
	chrI	159750	1	1.0	151
	chrI	159752	0	0.5	109
	chrI	159769	1	0.5	151
	chrI	159769	1	0.5	61
	chrI	159770	1	0.5	151
	chrI	159772	0	0.5	151
	chrI	159777	0	0.5	151
	chrI	159787	0	0.5	149
	chrI	159791	0	0.5	139
	chrI	159792	0	0.5	151
	chrI	159792	1	0.5	140
	chrI	159793	0	0.5	106
	chrI	159800	1	0.5	151
	chrI	159809	0	0.5	135
	chrI	159811	1	0.5	151
	chrI	159812	0	0.5	142
	chrI	159813	0	0.5	147
	chrI	159814	0	0.5	114
	chrI	159833	0	0.5	151
	chrI	159839	0	1.0	151
	chrI	159840	1	0.5	135
	chrI	159843	1	0.5	151
	chrI	159844	0	0.5	81
	chrI	159852	1	0.5	126
	chrI	159863	1	0.5	151
	chrI	159863	1	0.5	109
	chrI	159864	1	0.5	147
	chrI	159865	0	0.5	102
	chrI	159865	0	0.5	107
	chrI	159866	0	0.5	151
	chrI	159867	0	1.0	57
	chrI	159893	0	0.5	151
	chrI	159899	1	0.5	151
	chrI	159902	1	0.5	106
	chrI	159925	0	0.5	151
	chrI	159925	1	1.0	57
	chrI	159927	1	0.5	81
	chrI	159929	1	0.5	139
	chrI	159929	1	0.5	114
	chrI	159935	1	0.5	149
	chrI	159936	0	1.0	151
	chrI	159936	0	0.5	54
	chrI	159936	1	0.5	151
	chrI	159940	1	0.5	151
	chrI	159941	0	0.5	151
	chrI	159941	1	1.0	151
	chrI	159943	1	0.5	135
	chrI	159944	0	0.5	125
	chrI	159946	0	0.5	128
	chrI	159946	0	1.5	127
	chrI	159948	0	0.5	151
	chrI	159951	0	0.5	45
	chrI	159952	0	0.5	85
	chrI	159953	1	0.5	142
	chrI	159958	0	0.5	148
	chrI	159959	0	0.5	151
	chrI	159959	0	1.0	112
	chrI	159959	1	0.5	147
	chrI	159963	1	0.5	151
	chrI	159964	0	0.5	128
	chrI	159964	0	0.5	142
	chrI	159964	0	0.5	151
	chrI	159968	1	0.5	102
	chrI	159970	0	0.5	78
	chrI	159970	0	0.5	81
	chrI	159973	1	0.5	107
	chrI	159976	0	1.0	151
	chrI	159985	0	0.5	150
	chrI	159985	0	0.5	151
	chrI	159985	0	0.5	111
	chrI	159987	1	0.5	151
	chrI	159989	0	0.5	99
	chrI	159989	0	0.5	113
	chrI	159992	0	0.5	151
	chrI	159993	0	0.5	112
	chrI	159993	1	0.5	54
	chrI	159995	0	0.5	151
	chrI	159997	1	0.5	45
	chrI	160003	0	0.5	108
	chrI	160019	1	0.5	151
	chrI	160021	0	0.5	151
	chrI	160027	0	1.0	151
	chrI	160033	0	1.0	151
	chrI	160039	1	0.5	85
	chrI	160040	1	1.0	151
	chrI	160041	0	0.5	75
	chrI	160042	0	0.5	151
	chrI	160044	0	0.5	131
	chrI	160046	1	0.5	151
	chrI	160050	1	0.5	78
	chrI	160050	1	0.5	81
	chrI	160059	0	0.5	77
	chrI	160062	0	0.5	101
	chrI	160066	0	0.5	151
	chrI	160070	1	0.5	125
	chrI	160071	1	1.0	112
	chrI	160074	1	0.5	128
	chrI	160074	1	1.5	127
	chrI	160076	1	0.5	151
	chrI	160089	1	0.5	99
	chrI	160092	0	0.5	68
	chrI	160093	1	0.5	128
	chrI	160098	1	0.5	111
	chrI	160101	0	0.5	61
	chrI	160101	1	0.5	151
	chrI	160101	1	0.5	113
	chrI	160105	1	0.5	142
	chrI	160105	1	0.5	148
	chrI	160105	1	0.5	151
	chrI	160106	1	0.5	151
	chrI	160106	1	0.5	112
	chrI	160108	0	1.5	147
	chrI	160111	0	0.5	107
	chrI	160114	1	0.5	108
	chrI	160116	1	0.5	75
	chrI	160119	0	0.5	151
	chrI	160137	1	1.5	151
	chrI	160138	1	0.5	77
	chrI	160140	0	0.5	151
	chrI	160143	0	0.5	151
	chrI	160156	0	0.5	72
	chrI	160158	1	0.5	151
	chrI	160161	1	0.5	148
	chrI	160163	1	0.5	61
	chrI	160165	1	0.5	68
	chrI	160165	1	0.5	101
	chrI	160174	1	0.5	131
	chrI	160176	1	0.5	151
	chrI	160180	1	0.5	151
	chrI	160185	0	0.5	151
	chrI	160187	0	0.5	85
	chrI	160192	0	0.5	148
	chrI	160193	1	0.5	151
	chrI	160194	1	0.5	151
	chrI	160196	0	1.5	151
	chrI	160198	0	0.5	151
	chrI	160203	1	1.0	151
	chrI	160207	1	1.0	151
	chrI	160208	0	1.0	88
	chrI	160209	1	0.5	151
	chrI	160211	0	1.0	151
	chrI	160212	0	0.5	150
	chrI	160212	0	1.5	151
	chrI	160218	0	0.5	151
	chrI	160218	0	1.0	86
	chrI	160219	1	0.5	107
	chrI	160229	0	0.5	128
	chrI	160229	0	1.0	134
	chrI	160230	1	0.5	72
	chrI	160238	0	0.5	43
	chrI	160238	0	0.5	63
	chrI	160238	0	1.0	64
	chrI	160238	0	0.5	97
	chrI	160238	0	0.5	121
	chrI	160238	1	0.5	151
	chrI	160244	0	0.5	151
	chrI	160252	0	0.5	120
	chrI	160254	1	1.5	147
	chrI	160258	0	0.5	151
	chrI	160261	0	0.5	63
	chrI	160262	0	0.5	106
	chrI	160265	0	0.5	63
	chrI	160268	0	0.5	140
	chrI	160268	0	0.5	127
	chrI	160272	0	0.5	151
	chrI	160273	1	0.5	85
	chrI	160274	0	0.5	151
	chrI	160274	0	0.5	90
	chrI	160279	0	0.5	135
	chrI	160279	0	0.5	82
	chrI	160279	0	0.5	108
	chrI	160280	1	0.5	42
	chrI	160282	0	0.5	78
	chrI	160286	0	0.5	136
	chrI	160286	0	0.5	147
	chrI	160286	1	0.5	151
	chrI	160296	1	1.0	88
	chrI	160300	0	0.5	137
	chrI	160301	0	0.5	151
	chrI	160301	0	0.5	71
	chrI	160301	1	0.5	64
	chrI	160304	1	0.5	151
	chrI	160304	1	1.0	64
	chrI	160305	0	0.5	151
	chrI	160305	0	0.5	81
	chrI	160306	0	0.5	151
	chrI	160306	0	0.5	122
	chrI	160306	1	1.0	86
	chrI	160310	0	0.5	95
	chrI	160313	0	0.5	124
	chrI	160314	1	0.5	151
	chrI	160315	0	0.5	114
	chrI	160319	0	0.5	145
	chrI	160319	0	1.0	151
	chrI	160325	1	0.5	63
	chrI	160329	1	0.5	63
	chrI	160336	1	0.5	151
	chrI	160338	0	0.5	133
	chrI	160339	0	0.5	95
	chrI	160339	1	0.5	148
	chrI	160339	1	0.5	97
	chrI	160340	0	0.5	151
	chrI	160348	0	0.5	151
	chrI	160348	1	0.5	151
	chrI	160351	1	0.5	151
	chrI	160352	0	0.5	83
	chrI	160357	1	0.5	128
	chrI	160361	1	0.5	150
	chrI	160361	1	0.5	151
	chrI	160361	1	0.5	121
	chrI	160362	1	1.0	134
	chrI	160362	1	1.0	151
	chrI	160363	1	0.5	78
	chrI	160363	1	0.5	82
	chrI	160363	1	0.5	90
	chrI	160364	0	0.5	63
	chrI	160366	0	0.5	137
	chrI	160369	1	0.5	151
	chrI	160369	1	0.5	106
	chrI	160370	0	0.5	56
	chrI	160372	1	0.5	151
	chrI	160373	0	0.5	151
	chrI	160373	1	0.5	151
	chrI	160373	1	0.5	71
	chrI	160373	1	0.5	120
	chrI	160374	0	0.5	137
	chrI	160379	0	0.5	54
	chrI	160380	0	0.5	151
	chrI	160380	0	0.5	53
	chrI	160382	0	0.5	131
	chrI	160382	0	0.5	144
	chrI	160388	0	0.5	69
	chrI	160388	1	0.5	81
	chrI	160388	1	0.5	108
	chrI	160392	0	0.5	139
	chrI	160396	1	0.5	127
	chrI	160402	1	0.5	151
	chrI	160404	0	1.0	151
	chrI	160407	1	0.5	140
	chrI	160407	1	1.0	151
	chrI	160407	1	0.5	95
	chrI	160408	0	0.5	94
	chrI	160412	0	0.5	131
	chrI	160413	1	0.5	135
	chrI	160413	1	0.5	151
	chrI	160414	1	0.5	151
	chrI	160415	0	0.5	100
	chrI	160416	0	0.5	151
	chrI	160416	0	0.5	107
	chrI	160417	0	0.5	151
	chrI	160418	0	0.5	148
	chrI	160418	0	0.5	92
	chrI	160421	1	0.5	136
	chrI	160428	1	0.5	56
	chrI	160428	1	0.5	63
	chrI	160430	1	0.5	151
	chrI	160430	1	0.5	114
	chrI	160430	1	0.5	122
	chrI	160432	0	0.5	128
	chrI	160432	0	0.5	151
	chrI	160432	1	0.5	147
	chrI	160434	1	0.5	53
	chrI	160434	1	0.5	54
	chrI	160435	1	0.5	151
	chrI	160435	1	0.5	95
	chrI	160436	1	0.5	137
	chrI	160436	1	0.5	124
	chrI	160437	1	0.5	83
	chrI	160438	0	0.5	92
	chrI	160453	0	0.5	151
	chrI	160458	1	0.5	69
	chrI	160463	1	0.5	145
	chrI	160464	1	0.5	151
	chrI	160468	0	0.5	151
	chrI	160469	1	0.5	151
	chrI	160470	1	0.5	133
	chrI	160476	1	1.0	151
	chrI	160477	0	0.5	151
	chrI	160477	0	0.5	62
	chrI	160477	1	0.5	151
	chrI	160481	0	0.5	102
	chrI	160490	0	1.0	147
	chrI	160500	0	0.5	73
	chrI	160502	1	0.5	137
	chrI	160502	1	0.5	151
	chrI	160503	1	0.5	94
	chrI	160510	1	0.5	137
	chrI	160510	1	0.5	92
	chrI	160511	1	1.0	151
	chrI	160512	0	0.5	151
	chrI	160512	1	0.5	131
	chrI	160514	0	1.0	151
	chrI	160518	1	0.5	102
	chrI	160521	0	0.5	151
	chrI	160523	0	0.5	151
	chrI	160525	1	0.5	144
	chrI	160525	1	0.5	107
	chrI	160526	0	0.5	151
	chrI	160526	0	0.5	108
	chrI	160529	0	0.5	151
	chrI	160529	1	0.5	151
	chrI	160531	0	0.5	94
	chrI	160533	0	0.5	151
	chrI	160533	1	0.5	92
	chrI	160534	0	0.5	149
	chrI	160534	0	0.5	65
	chrI	160538	0	0.5	151
	chrI	160539	1	0.5	62
	chrI	160542	1	0.5	131
	chrI	160544	1	0.5	151
	chrI	160545	0	1.0	151
	chrI	160545	0	0.5	71
	chrI	160555	0	0.5	137
	chrI	160555	0	0.5	151
	chrI	160557	0	0.5	103
	chrI	160558	0	0.5	49
	chrI	160560	1	0.5	128
	chrI	160563	0	0.5	151
	chrI	160565	1	0.5	148
	chrI	160572	0	0.5	140
	chrI	160574	1	0.5	151
	chrI	160574	1	0.5	73
	chrI	160575	1	1.0	151
	chrI	160576	0	0.5	151
	chrI	160577	0	0.5	125
	chrI	160578	1	0.5	150
	chrI	160584	0	0.5	151
	chrI	160584	1	0.5	102
	chrI	160590	1	0.5	151
	chrI	160591	0	1.0	151
	chrI	160592	1	0.5	151
	chrI	160601	0	0.5	54
	chrI	160602	1	0.5	65
	chrI	160603	0	0.5	151
	chrI	160610	1	0.5	49
	chrI	160615	0	0.5	140
	chrI	160617	1	0.5	71
	chrI	160621	0	0.5	70
	chrI	160622	0	0.5	151
	chrI	160626	0	0.5	87
	chrI	160626	0	0.5	105
	chrI	160627	0	0.5	61
	chrI	160627	1	0.5	94
	chrI	160629	0	0.5	151
	chrI	160629	0	0.5	62
	chrI	160634	1	0.5	151
	chrI	160636	0	0.5	151
	chrI	160636	1	1.0	147
	chrI	160636	1	0.5	108
	chrI	160643	0	0.5	132
	chrI	160643	1	0.5	151
	chrI	160645	0	1.0	151
	chrI	160651	0	0.5	151
	chrI	160651	0	0.5	57
	chrI	160655	0	0.5	120
	chrI	160658	1	0.5	54
	chrI	160661	0	0.5	43
	chrI	160661	1	0.5	103
	chrI	160667	0	0.5	88
	chrI	160667	0	1.0	122
	chrI	160673	1	0.5	151
	chrI	160682	1	0.5	149
	chrI	160691	1	0.5	137
	chrI	160691	1	1.0	151
	chrI	160691	1	0.5	61
	chrI	160692	1	1.0	151
	chrI	160692	1	0.5	62
	chrI	160693	1	1.0	151
	chrI	160693	1	0.5	70
	chrI	160694	0	0.5	145
	chrI	160694	0	0.5	74
	chrI	160695	0	0.5	151
	chrI	160697	1	1.0	151
	chrI	160701	0	1.0	73
	chrI	160704	1	0.5	43
	chrI	160704	1	0.5	125
	chrI	160705	0	0.5	110
	chrI	160706	0	0.5	62
	chrI	160709	1	0.5	57
	chrI	160711	1	0.5	140
	chrI	160713	1	0.5	151
	chrI	160713	1	0.5	87
	chrI	160725	0	0.5	151
	chrI	160725	1	1.0	151
	chrI	160726	1	0.5	151
	chrI	160733	0	0.5	151
	chrI	160733	1	0.5	151
	chrI	160733	1	0.5	105
	chrI	160739	1	0.5	151
	chrI	160743	0	0.5	123
	chrI	160754	1	0.5	151
	chrI	160757	1	0.5	88
	chrI	160768	1	0.5	62
	chrI	160771	1	0.5	74
	chrI	160774	1	0.5	132
	chrI	160776	0	0.5	62
	chrI	160776	1	0.5	120
	chrI	160777	1	1.0	73
	chrI	160780	0	0.5	126
	chrI	160780	1	0.5	151
	chrI	160785	0	0.5	151
	chrI	160786	1	0.5	140
	chrI	160789	0	0.5	151
	chrI	160789	0	0.5	106
	chrI	160790	1	1.0	122
	chrI	160799	1	0.5	151
	chrI	160806	1	1.0	151
	chrI	160807	0	0.5	151
	chrI	160808	0	0.5	62
	chrI	160810	0	0.5	151
	chrI	160813	0	0.5	151
	chrI	160815	1	0.5	110
	chrI	160816	0	0.5	151
	chrI	160817	0	1.0	151
	chrI	160819	1	0.5	151
	chrI	160821	0	0.5	151
	chrI	160823	0	0.5	151
	chrI	160825	0	0.5	116
	chrI	160826	0	0.5	135
	chrI	160827	0	0.5	149
	chrI	160830	0	0.5	149
	chrI	160831	1	1.0	151
	chrI	160834	0	0.5	128
	chrI	160838	1	0.5	145
	chrI	160839	1	0.5	63
	chrI	160841	1	0.5	151
	chrI	160843	0	0.5	132
	chrI	160854	0	0.5	151
	chrI	160856	1	0.5	151
	chrI	160857	0	0.5	148
	chrI	160857	0	0.5	111
	chrI	160867	1	0.5	123
	chrI	160868	0	0.5	151
	chrI	160870	1	0.5	62
	chrI	160872	0	0.5	87
	chrI	160872	0	0.5	102
	chrI	160876	0	0.5	151
	chrI	160878	0	0.5	124
	chrI	160881	0	0.5	146
	chrI	160882	0	1.5	151
	chrI	160882	0	0.5	90
	chrI	160888	0	0.5	76
	chrI	160894	1	0.5	106
	chrI	160897	0	0.5	151
	chrI	160904	0	0.5	151
	chrI	160904	1	0.5	151
	chrI	160906	1	0.5	151
	chrI	160907	1	0.5	126
	chrI	160908	0	0.5	151
	chrI	160923	0	0.5	117
	chrI	160929	0	0.5	48
	chrI	160932	0	0.5	151
	chrI	160934	0	0.5	75
	chrI	160939	0	0.5	151
	chrI	160941	1	0.5	116
	chrI	160945	0	0.5	52
	chrI	160946	1	1.0	151
	chrI	160953	0	0.5	82
	chrI	160957	0	0.5	151
	chrI	160960	1	0.5	135
	chrI	160960	1	0.5	87
	chrI	160963	1	0.5	128
	chrI	160963	1	0.5	151
	chrI	160964	0	0.5	151
	chrI	160964	0	0.5	78
	chrI	160964	0	0.5	124
	chrI	160967	0	0.5	151
	chrI	160967	0	0.5	123
	chrI	160967	1	0.5	77
	chrI	160968	1	0.5	111
	chrI	160973	1	0.5	90
	chrI	160974	1	0.5	132
	chrI	160975	1	0.5	149
	chrI	160975	1	0.5	151
	chrI	160975	1	0.5	102
	chrI	160977	0	0.5	90
	chrI	160978	1	0.5	149
	chrI	160978	1	0.5	151
	chrI	160978	1	0.5	48
	chrI	160981	1	0.5	151
	chrI	160983	1	0.5	151
	chrI	160985	1	0.5	151
	chrI	160986	0	0.5	112
	chrI	160989	0	1.0	151
	chrI	160992	0	0.5	148
	chrI	160996	0	0.5	151
	chrI	160998	1	0.5	52
	chrI	161000	0	0.5	151
	chrI	161004	1	0.5	148
	chrI	161004	1	0.5	124
	chrI	161007	1	0.5	151
	chrI	161009	0	0.5	151
	chrI	161010	1	0.5	75
	chrI	161011	0	0.5	128
	chrI	161013	0	0.5	130
	chrI	161013	0	0.5	151
	chrI	161026	1	0.5	146
	chrI	161027	0	1.0	151
	chrI	161028	0	0.5	131
	chrI	161028	0	0.5	151
	chrI	161032	0	0.5	59
	chrI	161038	1	0.5	82
	chrI	161040	1	0.5	117
	chrI	161042	0	0.5	114
	chrI	161042	0	0.5	127
	chrI	161042	1	1.0	151
	chrI	161043	1	0.5	78
	chrI	161048	0	0.5	151
	chrI	161053	0	0.5	151
	chrI	161055	1	0.5	151
	chrI	161058	0	0.5	151
	chrI	161058	0	0.5	82
	chrI	161059	0	0.5	151
	chrI	161059	1	0.5	151
	chrI	161061	1	1.0	151
	chrI	161066	0	0.5	70
	chrI	161068	0	0.5	151
	chrI	161068	0	0.5	111
	chrI	161070	1	0.5	90
	chrI	161075	1	0.5	151
	chrI	161076	0	0.5	151
	chrI	161079	0	0.5	119
	chrI	161089	1	0.5	151
	chrI	161089	1	0.5	124
	chrI	161091	1	0.5	123
	chrI	161092	1	0.5	58
	chrI	161093	1	0.5	151
	chrI	161100	1	0.5	151
	chrI	161100	1	0.5	112
	chrI	161107	0	0.5	48
	chrI	161118	1	0.5	149
	chrI	161123	0	0.5	148
	chrI	161126	0	0.5	151
	chrI	161126	0	0.5	127
	chrI	161130	0	0.5	150
	chrI	161132	0	0.5	113
	chrI	161134	1	1.0	151
	chrI	161136	0	0.5	151
	chrI	161139	1	0.5	148
	chrI	161139	1	0.5	70
	chrI	161140	1	0.5	128
	chrI	161142	0	0.5	151
	chrI	161142	1	0.5	130
	chrI	161142	1	0.5	151
	chrI	161143	1	0.5	82
	chrI	161147	0	0.5	151
	chrI	161152	0	0.5	46
	chrI	161152	1	0.5	151
	chrI	161157	0	0.5	151
	chrI	161157	1	0.5	48
	chrI	161157	1	0.5	114
	chrI	161158	0	0.5	150
	chrI	161158	1	0.5	131
	chrI	161158	1	1.0	151
	chrI	161165	1	0.5	151
	chrI	161168	1	0.5	151
	chrI	161170	1	0.5	127
	chrI	161173	0	0.5	151
	chrI	161180	1	0.5	111
	chrI	161185	1	0.5	151
	chrI	161186	0	0.5	125
	chrI	161191	1	0.5	151
	chrI	161195	0	0.5	120
	chrI	161199	1	1.5	151
	chrI	161199	1	0.5	46
	chrI	161200	1	0.5	119
	chrI	161204	0	1.0	151
	chrI	161205	0	0.5	151
	chrI	161214	1	0.5	151
	chrI	161219	0	0.5	49
	chrI	161224	0	0.5	151
	chrI	161230	0	0.5	52
	chrI	161230	1	0.5	151
	chrI	161231	0	0.5	123
	chrI	161232	0	0.5	78
	chrI	161234	0	1.0	151
	chrI	161244	1	0.5	113
	chrI	161252	0	0.5	95
	chrI	161252	1	0.5	151
	chrI	161254	1	0.5	127
	chrI	161255	0	0.5	61
	chrI	161268	1	0.5	49
	chrI	161270	1	0.5	148
	chrI	161274	1	0.5	151
	chrI	161276	1	0.5	151
	chrI	161277	0	0.5	147
	chrI	161278	1	0.5	151
	chrI	161279	1	0.5	150
	chrI	161284	1	0.5	52
	chrI	161285	0	1.5	151
	chrI	161285	1	0.5	151
	chrI	161294	1	0.5	151
	chrI	161306	0	0.5	151
	chrI	161307	0	0.5	116
	chrI	161311	1	0.5	125
	chrI	161314	1	1.5	151
	chrI	161314	1	0.5	78
	chrI	161316	1	0.5	120
	chrI	161317	1	0.5	61
	chrI	161319	0	1.0	151
	chrI	161319	1	0.5	151
	chrI	161320	0	1.0	151
	chrI	161321	1	0.5	151
	chrI	161330	0	0.5	102
	chrI	161333	0	1.5	149
	chrI	161345	0	0.5	58
	chrI	161345	0	1.0	113
	chrI	161348	1	0.5	95
	chrI	161351	1	0.5	151
	chrI	161353	0	0.5	151
	chrI	161356	1	0.5	151
	chrI	161356	1	0.5	123
	chrI	161357	0	0.5	69
	chrI	161358	0	0.5	150
	chrI	161358	0	1.0	151
	chrI	161358	1	1.0	151
	chrI	161364	0	0.5	144
	chrI	161366	0	0.5	147
	chrI	161378	0	0.5	136
	chrI	161382	0	1.0	151
	chrI	161382	0	0.5	53
	chrI	161387	1	1.0	151
	chrI	161399	0	0.5	151
	chrI	161400	0	0.5	151
	chrI	161405	0	0.5	104
	chrI	161406	1	0.5	58
	chrI	161409	0	0.5	112
	chrI	161417	0	0.5	151
	chrI	161420	0	0.5	151
	chrI	161421	0	0.5	150
	chrI	161423	1	0.5	147
	chrI	161426	1	0.5	116
	chrI	161428	1	0.5	69
	chrI	161430	0	0.5	94
	chrI	161433	1	0.5	101
	chrI	161436	1	0.5	53
	chrI	161437	1	1.5	151
	chrI	161454	0	0.5	91
	chrI	161461	1	1.0	113
	chrI	161463	0	0.5	141
	chrI	161463	0	0.5	151
	chrI	161471	0	0.5	143
	chrI	161471	1	0.5	151
	chrI	161481	1	1.5	149
	chrI	161481	1	1.0	151
	chrI	161485	0	0.5	103
	chrI	161500	0	0.5	151
	chrI	161503	0	0.5	150
	chrI	161507	1	0.5	144
	chrI	161507	1	0.5	150
	chrI	161507	1	1.0	151
	chrI	161509	0	0.5	94
	chrI	161511	0	0.5	49
	chrI	161511	1	0.5	104
	chrI	161512	1	0.5	147
	chrI	161512	1	0.5	151
	chrI	161513	1	0.5	136
	chrI	161518	0	0.5	103
	chrI	161523	1	0.5	112
	chrI	161525	1	0.5	94
	chrI	161532	1	1.0	151
	chrI	161537	0	0.5	151
	chrI	161538	0	0.5	151
	chrI	161547	1	0.5	91
	chrI	161548	0	0.5	151
	chrI	161548	0	0.5	109
	chrI	161551	0	0.5	151
	chrI	161556	1	0.5	151
	chrI	161557	1	0.5	144
	chrI	161558	1	0.5	150
	chrI	161563	1	1.0	151
	chrI	161563	1	0.5	49
	chrI	161570	1	0.5	150
	chrI	161574	0	0.5	146
	chrI	161580	1	0.5	151
	chrI	161585	1	0.5	151
	chrI	161588	1	0.5	103
	chrI	161594	0	0.5	151
	chrI	161596	0	0.5	128
	chrI	161602	0	1.0	139
	chrI	161602	0	0.5	151
	chrI	161603	1	0.5	141
	chrI	161604	1	0.5	94
	chrI	161609	0	0.5	151
	chrI	161611	0	0.5	151
	chrI	161613	1	0.5	143
	chrI	161617	0	0.5	118
	chrI	161621	1	0.5	103
	chrI	161622	0	0.5	151
	chrI	161634	0	0.5	125
	chrI	161634	1	0.5	151
	chrI	161641	0	0.5	110
	chrI	161651	0	0.5	133
	chrI	161652	1	0.5	150
	chrI	161653	0	0.5	67
	chrI	161653	0	0.5	105
	chrI	161658	1	0.5	109
	chrI	161663	0	0.5	61
	chrI	161665	1	0.5	151
	chrI	161667	0	0.5	151
	chrI	161668	0	0.5	68
	chrI	161673	0	0.5	151
	chrI	161674	0	0.5	151
	chrI	161683	0	0.5	148
	chrI	161683	0	0.5	111
	chrI	161691	0	0.5	151
	chrI	161697	0	0.5	103
	chrI	161708	0	0.5	134
	chrI	161708	0	0.5	150
	chrI	161712	0	0.5	151
	chrI	161714	1	1.0	151
	chrI	161715	1	0.5	151
	chrI	161718	0	0.5	150
	chrI	161719	1	0.5	146
	chrI	161721	0	0.5	106
	chrI	161721	1	0.5	67
	chrI	161723	0	0.5	100
	chrI	161723	0	0.5	126
	chrI	161726	1	0.5	128
	chrI	161726	1	0.5	61
	chrI	161733	0	0.5	151
	chrI	161735	1	0.5	151
	chrI	161736	0	0.5	89
	chrI	161736	1	0.5	68
	chrI	161736	1	0.5	119
	chrI	161737	0	0.5	120
	chrI	161740	1	1.0	139
	chrI	161741	0	0.5	137
	chrI	161741	0	0.5	139
	chrI	161752	1	0.5	110
	chrI	161755	1	0.5	151
	chrI	161757	0	0.5	151
	chrI	161759	1	0.5	105
	chrI	161761	1	0.5	151
	chrI	161761	1	0.5	125
	chrI	161769	0	0.5	55
	chrI	161771	0	0.5	126
	chrI	161774	1	0.5	151
	chrI	161779	0	0.5	150
	chrI	161779	0	0.5	151
	chrI	161783	0	0.5	151
	chrI	161783	1	0.5	133
	chrI	161786	1	0.5	151
	chrI	161795	0	0.5	151
	chrI	161795	1	0.5	111
	chrI	161803	1	0.5	103
	chrI	161808	1	0.5	151
	chrI	161813	0	0.5	144
	chrI	161823	1	0.5	100
	chrI	161824	1	0.5	151
	chrI	161825	1	0.5	55
	chrI	161827	1	0.5	89
	chrI	161830	1	0.5	148
	chrI	161830	1	0.5	106
	chrI	161831	0	0.5	86
	chrI	161831	1	1.0	151
	chrI	161841	1	0.5	134
	chrI	161844	0	0.5	151
	chrI	161850	1	0.5	126
	chrI	161853	0	0.5	151
	chrI	161857	1	0.5	150
	chrI	161857	1	0.5	151
	chrI	161858	0	1.0	135
	chrI	161858	1	0.5	120
	chrI	161859	0	0.5	107
	chrI	161859	0	0.5	127
	chrI	161860	0	0.5	151
	chrI	161866	0	0.5	151
	chrI	161866	1	0.5	151
	chrI	161867	1	0.5	150
	chrI	161877	1	0.5	137
	chrI	161879	1	0.5	139
	chrI	161881	0	0.5	146
	chrI	161882	0	0.5	151
	chrI	161889	0	1.0	136
	chrI	161889	0	0.5	151
	chrI	161889	1	0.5	151
	chrI	161891	0	0.5	151
	chrI	161894	0	0.5	151
	chrI	161899	1	0.5	126
	chrI	161904	0	1.0	139
	chrI	161909	0	0.5	151
	chrI	161919	1	0.5	86
	chrI	161928	1	0.5	150
	chrI	161930	0	0.5	122
	chrI	161931	0	0.5	125
	chrI	161942	1	0.5	151
	chrI	161943	0	0.5	151
	chrI	161956	1	0.5	144
	chrI	161964	1	0.5	151
	chrI	161965	0	0.5	79
	chrI	161970	1	0.5	151
	chrI	161970	1	0.5	107
	chrI	161971	0	1.5	145
	chrI	161971	0	0.5	65
	chrI	161972	0	1.0	151
	chrI	161972	0	0.5	66
	chrI	161977	0	0.5	83
	chrI	161988	0	0.5	151
	chrI	161988	1	0.5	146
	chrI	161988	1	0.5	127
	chrI	161991	0	0.5	50
	chrI	161992	1	1.0	135
	chrI	161994	0	0.5	149
	chrI	162003	0	0.5	142
	chrI	162006	0	0.5	107
	chrI	162011	1	0.5	151
	chrI	162013	0	0.5	151
	chrI	162013	0	0.5	61
	chrI	162016	0	0.5	89
	chrI	162019	0	0.5	127
	chrI	162021	0	0.5	54
	chrI	162023	1	0.5	151
	chrI	162024	1	1.0	136
	chrI	162025	0	0.5	151
	chrI	162026	1	0.5	146
	chrI	162035	0	0.5	151
	chrI	162035	0	0.5	97
	chrI	162037	1	0.5	65
	chrI	162040	1	0.5	66
	chrI	162042	1	1.0	139
	chrI	162042	1	0.5	50
	chrI	162046	1	0.5	151
	chrI	162047	1	0.5	79
	chrI	162055	1	0.5	122
	chrI	162057	1	0.5	125
	chrI	162058	0	0.5	151
	chrI	162058	1	0.5	81
	chrI	162061	0	0.5	35
	chrI	162069	1	0.5	151
	chrI	162071	1	0.5	151
	chrI	162072	0	0.5	110
	chrI	162075	1	0.5	54
	chrI	162075	1	0.5	61
	chrI	162079	0	0.5	133
	chrI	162083	0	2.0	151
	chrI	162083	0	0.5	49
	chrI	162083	0	0.5	97
	chrI	162087	1	0.5	151
	chrI	162090	0	0.5	151
	chrI	162099	1	0.5	35
	chrI	162106	0	0.5	148
	chrI	162106	0	0.5	151
	chrI	162106	1	0.5	89
	chrI	162107	1	0.5	151
	chrI	162114	1	0.5	107
	chrI	162115	1	1.5	145
	chrI	162117	0	0.5	151
	chrI	162117	0	0.5	104
	chrI	162120	0	0.5	76
	chrI	162122	0	0.5	91
	chrI	162131	0	0.5	151
	chrI	162131	1	0.5	151
	chrI	162132	0	0.5	142
	chrI	162132	1	0.5	97
	chrI	162135	1	1.0	151
	chrI	162135	1	0.5	49
	chrI	162139	1	0.5	151
	chrI	162142	1	0.5	149
	chrI	162142	1	0.5	151
	chrI	162144	0	0.5	59
	chrI	162144	1	0.5	142
	chrI	162145	0	0.5	151
	chrI	162146	1	0.5	127
	chrI	162147	0	1.5	151
	chrI	162149	0	0.5	151
	chrI	162150	0	0.5	151
	chrI	162165	0	0.5	136
	chrI	162168	0	0.5	130
	chrI	162169	0	0.5	151
	chrI	162171	0	1.0	151
	chrI	162177	0	0.5	128
	chrI	162181	1	1.0	151
	chrI	162181	1	0.5	97
	chrI	162182	1	0.5	151
	chrI	162182	1	0.5	110
	chrI	162184	0	0.5	150
	chrI	162184	0	0.5	88
	chrI	162188	0	0.5	100
	chrI	162193	0	1.0	151
	chrI	162193	0	0.5	126
	chrI	162196	1	0.5	76
	chrI	162200	0	0.5	151
	chrI	162205	1	0.5	59
	chrI	162208	1	0.5	151
	chrI	162209	0	0.5	143
	chrI	162211	1	0.5	133
	chrI	162213	1	0.5	91
	chrI	162219	0	0.5	151
	chrI	162221	0	0.5	151
	chrI	162222	1	0.5	104
	chrI	162231	1	0.5	151
	chrI	162236	1	0.5	151
	chrI	162237	0	0.5	151
	chrI	162237	0	0.5	119
	chrI	162241	0	0.5	53
	chrI	162242	0	0.5	39
	chrI	162244	0	0.5	78
	chrI	162253	0	0.5	83
	chrI	162253	1	0.5	148
	chrI	162254	1	1.0	151
	chrI	162263	1	1.0	151
	chrI	162265	1	0.5	151
	chrI	162267	0	0.5	151
	chrI	162267	0	0.5	102
	chrI	162271	1	0.5	151
	chrI	162273	1	0.5	142
	chrI	162273	1	0.5	88
	chrI	162283	1	0.5	39
	chrI	162287	0	0.5	97
	chrI	162287	1	0.5	99
	chrI	162294	1	0.5	53
	chrI	162295	0	0.5	151
	chrI	162297	0	0.5	117
	chrI	162297	1	0.5	130
	chrI	162300	1	0.5	136
	chrI	162304	0	0.5	86
	chrI	162304	1	0.5	128
	chrI	162311	1	0.5	151
	chrI	162313	1	0.5	151
	chrI	162316	1	0.5	151
	chrI	162319	0	0.5	151
	chrI	162319	1	1.0	151
	chrI	162320	0	0.5	151
	chrI	162320	1	0.5	126
	chrI	162323	1	0.5	78
	chrI	162333	0	0.5	151
	chrI	162333	1	0.5	150
	chrI	162333	1	0.5	151
	chrI	162334	0	0.5	151
	chrI	162334	1	0.5	151
	chrI	162338	1	0.5	83
	chrI	162343	1	0.5	151
	chrI	162345	1	0.5	151
	chrI	162349	0	0.5	151
	chrI	162350	0	0.5	151
	chrI	162350	1	1.0	151
	chrI	162351	1	0.5	143
	chrI	162356	1	0.5	151
	chrI	162356	1	0.5	119
	chrI	162357	0	1.0	151
	chrI	162358	0	0.5	151
	chrI	162358	1	0.5	151
	chrI	162361	0	0.5	151
	chrI	162365	0	0.5	144
	chrI	162368	0	0.5	128
	chrI	162369	0	0.5	151
	chrI	162369	0	0.5	55
	chrI	162369	1	0.5	102
	chrI	162370	0	0.5	145
	chrI	162374	0	0.5	151
	chrI	162377	0	0.5	151
	chrI	162377	1	1.0	151
	chrI	162378	0	0.5	151
	chrI	162384	1	0.5	97
	chrI	162388	0	0.5	151
	chrI	162393	1	0.5	86
	chrI	162395	0	0.5	145
	chrI	162404	0	0.5	151
	chrI	162418	1	0.5	117
	chrI	162419	1	0.5	151
	chrI	162424	0	0.5	128
	chrI	162425	1	0.5	55
	chrI	162427	0	0.5	110
	chrI	162430	0	1.0	151
	chrI	162437	0	0.5	151
	chrI	162442	0	0.5	151
	chrI	162449	1	0.5	151
	chrI	162466	0	0.5	151
	chrI	162471	0	0.5	121
	chrI	162485	1	1.0	151
	chrI	162486	1	0.5	151
	chrI	162487	1	0.5	151
	chrI	162498	1	0.5	128
	chrI	162500	1	0.5	151
	chrI	162508	0	0.5	151
	chrI	162508	1	0.5	144
	chrI	162512	0	0.5	82
	chrI	162514	1	0.5	145
	chrI	162514	1	0.5	151
	chrI	162520	0	0.5	139
	chrI	162524	1	0.5	151
	chrI	162526	0	0.5	124
	chrI	162526	0	0.5	125
	chrI	162527	1	1.0	151
	chrI	162528	1	0.5	151
	chrI	162531	1	1.0	151
	chrI	162532	0	0.5	151
	chrI	162535	0	0.5	151
	chrI	162537	0	0.5	102
	chrI	162538	1	1.0	151
	chrI	162538	1	0.5	110
	chrI	162539	1	0.5	145
	chrI	162552	1	0.5	128
	chrI	162560	0	0.5	151
	chrI	162561	0	0.5	151
	chrI	162567	0	0.5	151
	chrI	162574	1	0.5	151
	chrI	162580	1	0.5	151
	chrI	162583	0	1.0	151
	chrI	162594	1	0.5	121
	chrI	162595	0	0.5	147
	chrI	162596	1	0.5	151
	chrI	162596	1	0.5	82
	chrI	162597	1	0.5	151
	chrI	162598	0	0.5	128
	chrI	162600	0	0.5	127
	chrI	162605	0	0.5	95
	chrI	162625	0	0.5	138
	chrI	162626	0	1.0	151
	chrI	162627	0	0.5	151
	chrI	162631	0	0.5	151
	chrI	162642	1	0.5	102
	chrI	162646	1	0.5	151
	chrI	162648	0	0.5	108
	chrI	162651	1	0.5	124
	chrI	162651	1	0.5	125
	chrI	162658	1	0.5	139
	chrI	162661	1	0.5	151
	chrI	162667	0	0.5	134
	chrI	162670	0	0.5	137
	chrI	162670	0	0.5	151
	chrI	162673	1	0.5	151
	chrI	162674	1	0.5	151
	chrI	162679	0	0.5	151
	chrI	162682	0	0.5	151
	chrI	162682	1	1.0	151
	chrI	162687	0	0.5	151
	chrI	162694	1	0.5	151
	chrI	162700	1	0.5	95
	chrI	162712	0	0.5	142
	chrI	162714	0	0.5	150
	chrI	162727	1	0.5	128
	chrI	162727	1	0.5	151
	chrI	162728	1	0.5	127
	chrI	162729	0	0.5	151
	chrI	162730	0	0.5	127
	chrI	162732	0	0.5	119
	chrI	162736	0	0.5	151
	chrI	162739	1	0.5	151
	chrI	162741	1	0.5	147
	chrI	162744	1	0.5	85
	chrI	162750	0	0.5	151
	chrI	162754	0	1.0	76
	chrI	162754	1	0.5	151
	chrI	162755	0	0.5	105
	chrI	162758	1	0.5	108
	chrI	162762	0	0.5	151
	chrI	162762	1	0.5	138
	chrI	162767	0	1.0	151
	chrI	162784	1	0.5	151
	chrI	162786	0	0.5	151
	chrI	162787	0	0.5	151
	chrI	162798	1	0.5	151
	chrI	162800	1	0.5	134
	chrI	162801	0	0.5	151
	chrI	162803	0	0.5	116
	chrI	162806	1	0.5	137
	chrI	162830	1	0.5	151
	chrI	162831	1	1.0	76
	chrI	162833	1	0.5	151
	chrI	162834	0	1.0	151
	chrI	162840	0	0.5	151
	chrI	162842	1	0.5	151
	chrI	162851	1	0.5	119
	chrI	162853	1	0.5	142
	chrI	162860	1	0.5	127
	chrI	162863	1	0.5	150
	chrI	162863	1	0.5	105
	chrI	162864	1	0.5	151
	chrI	162874	1	0.5	151
	chrI	162894	0	0.5	151
	chrI	162895	0	0.5	142
	chrI	162897	1	0.5	151
	chrI	162900	0	0.5	95
	chrI	162904	0	0.5	80
	chrI	162904	1	0.5	151
	chrI	162909	0	0.5	151
	chrI	162913	0	0.5	151
	chrI	162919	1	0.5	151
	chrI	162919	1	0.5	116
	chrI	162921	1	0.5	151
	chrI	162923	0	0.5	69
	chrI	162930	0	0.5	134
	chrI	162930	0	0.5	149
	chrI	162937	0	0.5	151
	chrI	162944	1	0.5	151
	chrI	162947	1	0.5	151
	chrI	162952	1	0.5	151
	chrI	162956	0	0.5	151
	chrI	162962	1	0.5	151
	chrI	162963	1	0.5	151
	chrI	162974	0	0.5	86
	chrI	162978	0	0.5	69
	chrI	162984	1	0.5	80
	chrI	162985	1	0.5	151
	chrI	162994	1	0.5	151
	chrI	162995	0	0.5	151
	chrI	162996	1	0.5	69
	chrI	162997	1	0.5	95
	chrI	162999	0	0.5	151
	chrI	163002	0	0.5	115
	chrI	163009	0	0.5	151
	chrI	163010	0	0.5	74
	chrI	163019	1	0.5	151
	chrI	163025	0	0.5	89
	chrI	163035	0	0.5	128
	chrI	163036	1	0.5	142
	chrI	163041	1	0.5	151
	chrI	163048	1	0.5	69
	chrI	163052	0	0.5	140
	chrI	163054	0	0.5	151
	chrI	163057	0	0.5	123
	chrI	163061	1	0.5	86
	chrI	163063	1	0.5	134
	chrI	163064	0	0.5	151
	chrI	163067	1	0.5	150
	chrI	163068	0	0.5	131
	chrI	163068	0	0.5	151
	chrI	163068	0	0.5	57
	chrI	163076	1	0.5	151
	chrI	163078	1	0.5	149
	chrI	163083	1	0.5	151
	chrI	163085	0	0.5	151
	chrI	163085	1	0.5	74
	chrI	163091	1	0.5	151
	chrI	163095	0	0.5	151
	chrI	163103	0	0.5	151
	chrI	163103	0	0.5	60
	chrI	163104	0	0.5	151
	chrI	163114	1	0.5	151
	chrI	163115	0	0.5	133
	chrI	163115	1	0.5	89
	chrI	163116	0	0.5	147
	chrI	163116	0	0.5	56
	chrI	163116	0	0.5	78
	chrI	163116	1	0.5	151
	chrI	163119	1	0.5	115
	chrI	163124	0	0.5	51
	chrI	163126	1	0.5	57
	chrI	163127	0	0.5	136
	chrI	163127	0	0.5	106
	chrI	163133	0	0.5	57
	chrI	163146	0	0.5	71
	chrI	163164	1	0.5	128
	chrI	163164	1	1.0	151
	chrI	163164	1	0.5	60
	chrI	163167	0	0.5	151
	chrI	163170	0	0.5	120
	chrI	163172	0	0.5	86
	chrI	163175	0	0.5	151
	chrI	163176	1	0.5	51
	chrI	163177	1	0.5	56
	chrI	163180	0	0.5	151
	chrI	163184	1	0.5	123
	chrI	163187	0	0.5	151
	chrI	163191	1	0.5	140
	chrI	163191	1	0.5	57
	chrI	163196	1	0.5	78
	chrI	163198	1	0.5	131
	chrI	163201	0	0.5	151
	chrI	163202	0	0.5	151
	chrI	163203	1	0.5	151
	chrI	163205	0	0.5	151
	chrI	163205	1	0.5	151
	chrI	163213	0	0.5	151
	chrI	163218	1	0.5	151
	chrI	163219	1	0.5	71
	chrI	163223	0	0.5	114
	chrI	163232	1	0.5	151
	chrI	163235	0	0.5	77
	chrI	163235	1	0.5	106
	chrI	163236	0	0.5	136
	chrI	163236	0	0.5	113
	chrI	163243	0	0.5	123
	chrI	163244	0	0.5	133
	chrI	163244	0	0.5	88
	chrI	163247	1	0.5	133
	chrI	163248	0	0.5	134
	chrI	163248	0	0.5	151
	chrI	163255	0	0.5	151
	chrI	163261	1	0.5	151
	chrI	163262	0	0.5	151
	chrI	163262	1	0.5	136
	chrI	163262	1	0.5	147
	chrI	163262	1	0.5	86
	chrI	163263	0	1.0	151
	chrI	163263	1	0.5	151
	chrI	163264	0	2.0	151
	chrI	163277	0	0.5	118
	chrI	163283	0	0.5	140
	chrI	163284	1	0.5	151
	chrI	163285	0	0.5	90
	chrI	163291	0	0.5	151
	chrI	163291	1	0.5	120
	chrI	163294	0	0.5	151
	chrI	163303	0	0.5	134
	chrI	163306	0	0.5	137
	chrI	163313	0	0.5	144
	chrI	163313	1	0.5	77
	chrI	163317	0	0.5	151
	chrI	163321	0	0.5	99
	chrI	163329	1	0.5	151
	chrI	163336	1	0.5	151
	chrI	163336	1	0.5	88
	chrI	163338	1	0.5	114
	chrI	163349	0	0.5	151
	chrI	163353	1	0.5	113
	chrI	163354	0	0.5	83
	chrI	163358	1	0.5	151
	chrI	163367	1	0.5	151
	chrI	163367	1	0.5	123
	chrI	163368	0	0.5	69
	chrI	163368	1	0.5	151
	chrI	163369	0	1.0	151
	chrI	163369	0	0.5	122
	chrI	163370	1	0.5	151
	chrI	163371	1	0.5	136
	chrI	163374	1	0.5	151
	chrI	163376	0	0.5	127
	chrI	163376	1	0.5	133
	chrI	163377	1	0.5	90
	chrI	163380	0	0.5	128
	chrI	163381	1	0.5	134
	chrI	163381	1	0.5	151
	chrI	163398	1	0.5	118
	chrI	163406	0	0.5	151
	chrI	163420	1	0.5	99
	chrI	163422	1	0.5	140
	chrI	163422	1	1.0	151
	chrI	163424	1	0.5	151
	chrI	163425	0	0.5	151
	chrI	163425	1	1.0	151
	chrI	163426	0	0.5	151
	chrI	163431	0	0.5	107
	chrI	163435	1	0.5	151
	chrI	163436	0	1.0	151
	chrI	163436	1	0.5	134
	chrI	163438	1	0.5	83
	chrI	163439	1	0.5	69
	chrI	163442	1	0.5	137
	chrI	163448	0	0.5	135
	chrI	163448	0	0.5	151
	chrI	163450	0	0.5	141
	chrI	163450	1	1.5	151
	chrI	163451	0	0.5	151
	chrI	163453	0	0.5	135
	chrI	163453	0	0.5	151
	chrI	163454	1	0.5	149
	chrI	163456	0	0.5	126
	chrI	163456	1	0.5	144
	chrI	163457	0	0.5	137
	chrI	163473	0	0.5	151
	chrI	163481	1	0.5	151
	chrI	163482	0	0.5	134
	chrI	163482	0	0.5	105
	chrI	163485	0	0.5	115
	chrI	163493	1	0.5	122
	chrI	163501	0	0.5	151
	chrI	163501	1	0.5	151
	chrI	163504	0	0.5	80
	chrI	163504	1	0.5	127
	chrI	163509	1	0.5	128
	chrI	163515	1	0.5	151
	chrI	163529	0	0.5	58
	chrI	163529	1	0.5	151
	chrI	163532	0	0.5	151
	chrI	163533	0	0.5	54
	chrI	163535	0	0.5	136
	chrI	163539	1	0.5	151
	chrI	163539	1	0.5	107
	chrI	163543	0	0.5	138
	chrI	163544	1	0.5	151
	chrI	163559	0	0.5	113
	chrI	163569	1	0.5	151
	chrI	163582	1	0.5	135
	chrI	163584	1	0.5	126
	chrI	163586	1	0.5	82
	chrI	163587	1	0.5	135
	chrI	163588	1	0.5	151
	chrI	163588	1	0.5	58
	chrI	163589	0	0.5	151
	chrI	163589	1	0.5	151
	chrI	163589	1	0.5	54
	chrI	163589	1	0.5	105
	chrI	163590	0	1.0	151
	chrI	163590	1	0.5	141
	chrI	163592	0	0.5	103
	chrI	163592	1	0.5	136
	chrI	163596	1	0.5	151
	chrI	163602	0	0.5	136
	chrI	163602	1	0.5	115
	chrI	163612	1	0.5	151
	chrI	163615	1	0.5	134
	chrI	163625	0	0.5	85
	chrI	163625	1	0.5	151
	chrI	163641	1	0.5	151
	chrI	163643	1	0.5	151
	chrI	163644	0	0.5	113
	chrI	163656	1	0.5	151
	chrI	163670	1	0.5	136
	chrI	163673	0	0.5	43
	chrI	163674	1	0.5	113
	chrI	163680	1	0.5	138
	chrI	163698	1	0.5	103
	chrI	163711	1	0.5	85
	chrI	163717	1	0.5	43
	chrI	163720	1	0.5	151
	chrI	163737	1	0.5	136
	chrI	163756	1	0.5	151
	chrI	163757	1	1.0	151
	chrI	163758	1	0.5	113
	chrI	163770	1	0.5	151
	chrI	163783	0	0.5	109
	chrI	163788	0	0.5	72
	chrI	163798	0	0.5	151
	chrI	163809	0	0.5	139
	chrI	163809	0	1.0	151
	chrI	163809	0	0.5	103
	chrI	163826	0	0.5	151
	chrI	163829	0	0.5	128
	chrI	163844	0	0.5	133
	chrI	163858	0	0.5	98
	chrI	163862	1	0.5	72
	chrI	163868	0	0.5	131
	chrI	163868	0	0.5	151
	chrI	163868	0	0.5	58
	chrI	163872	0	0.5	151
	chrI	163882	0	0.5	151
	chrI	163890	0	0.5	151
	chrI	163894	1	0.5	109
	chrI	163895	0	0.5	121
	chrI	163913	0	0.5	151
	chrI	163914	1	0.5	103
	chrI	163915	0	2.0	151
	chrI	163917	0	0.5	118
	chrI	163920	0	0.5	151
	chrI	163928	1	0.5	58
	chrI	163935	0	1.0	151
	chrI	163945	0	0.5	151
	chrI	163947	0	0.5	137
	chrI	163947	1	0.5	139
	chrI	163951	0	0.5	107
	chrI	163951	0	0.5	110
	chrI	163957	1	0.5	98
	chrI	163958	0	0.5	57
	chrI	163958	1	0.5	128
	chrI	163962	0	0.5	62
	chrI	163966	0	0.5	81
	chrI	163968	1	0.5	151
	chrI	163969	0	0.5	151
	chrI	163974	1	1.0	151
	chrI	163975	0	1.0	136
	chrI	163976	1	0.5	133
	chrI	163988	0	0.5	132
	chrI	163998	1	0.5	131
	chrI	164004	0	0.5	151
	chrI	164010	0	0.5	73
	chrI	164010	0	0.5	92
	chrI	164012	0	0.5	106
	chrI	164016	1	0.5	121
	chrI	164018	1	0.5	57
	chrI	164023	1	0.5	151
	chrI	164024	0	0.5	64
	chrI	164024	1	0.5	62
	chrI	164025	1	0.5	151
	chrI	164030	1	0.5	151
	chrI	164035	1	0.5	118
	chrI	164040	0	0.5	121
	chrI	164043	1	0.5	151
	chrI	164047	1	0.5	81
	chrI	164050	0	0.5	141
	chrI	164051	0	0.5	105
	chrI	164060	1	0.5	107
	chrI	164060	1	0.5	110
	chrI	164061	0	1.0	151
	chrI	164076	1	0.5	151
	chrI	164077	1	1.0	151
	chrI	164078	0	0.5	117
	chrI	164082	0	0.5	151
	chrI	164083	1	0.5	137
	chrI	164084	1	0.5	73
	chrI	164085	0	0.5	67
	chrI	164089	0	0.5	151
	chrI	164089	1	0.5	64
	chrI	164091	0	0.5	139
	chrI	164091	0	0.5	151
	chrI	164092	0	0.5	151
	chrI	164096	1	1.0	151
	chrI	164101	1	0.5	151
	chrI	164102	1	1.0	151
	chrI	164103	0	0.5	83
	chrI	164103	1	0.5	151
	chrI	164103	1	0.5	92
	chrI	164110	1	1.0	136
	chrI	164111	0	0.5	151
	chrI	164111	1	0.5	151
	chrI	164112	0	0.5	151
	chrI	164118	1	0.5	106
	chrI	164119	1	0.5	132
	chrI	164122	0	0.5	106
	chrI	164144	0	0.5	151
	chrI	164154	0	0.5	96
	chrI	164155	1	0.5	67
	chrI	164157	1	0.5	105
	chrI	164160	1	0.5	151
	chrI	164163	1	0.5	121
	chrI	164164	0	0.5	151
	chrI	164165	0	0.5	151
	chrI	164165	0	0.5	108
	chrI	164165	1	0.5	151
	chrI	164173	0	0.5	134
	chrI	164176	0	0.5	151
	chrI	164189	1	0.5	83
	chrI	164190	1	0.5	141
	chrI	164197	1	0.5	117
	chrI	164218	0	0.5	151
	chrI	164229	1	0.5	139
	chrI	164229	1	0.5	106
	chrI	164230	0	2.0	151
	chrI	164239	0	0.5	151
	chrI	164242	1	0.5	151
	chrI	164243	0	0.5	151
	chrI	164243	1	1.5	151
	chrI	164244	0	0.5	151
	chrI	164250	0	0.5	104
	chrI	164251	1	0.5	96
	chrI	164254	0	1.0	151
	chrI	164256	0	0.5	79
	chrI	164258	0	0.5	110
	chrI	164261	1	0.5	151
	chrI	164262	0	0.5	73
	chrI	164263	0	0.5	91
	chrI	164267	1	0.5	151
	chrI	164270	0	0.5	145
	chrI	164274	0	0.5	141
	chrI	164275	1	0.5	107
	chrI	164282	0	0.5	151
	chrI	164292	0	0.5	76
	chrI	164296	0	0.5	128
	chrI	164296	0	0.5	151
	chrI	164299	0	0.5	150
	chrI	164300	1	0.5	151
	chrI	164302	0	0.5	124
	chrI	164306	0	0.5	151
	chrI	164306	0	0.5	77
	chrI	164306	1	0.5	134
	chrI	164309	0	0.5	151
	chrI	164315	0	0.5	126
	chrI	164321	0	0.5	95
	chrI	164324	1	0.5	151
	chrI	164334	1	0.5	151
	chrI	164337	1	0.5	73
	chrI	164337	1	0.5	79
	chrI	164350	0	0.5	151
	chrI	164354	1	0.5	104
	chrI	164355	1	0.5	91
	chrI	164363	0	0.5	110
	chrI	164369	0	0.5	73
	chrI	164369	1	1.0	151
	chrI	164369	1	0.5	76
	chrI	164369	1	0.5	110
	chrI	164372	0	1.5	151
	chrI	164372	0	0.5	59
	chrI	164381	0	0.5	151
	chrI	164384	1	0.5	151
	chrI	164384	1	0.5	77
	chrI	164389	0	0.5	151
	chrI	164392	1	0.5	151
	chrI	164393	1	0.5	151
	chrI	164397	0	0.5	131
	chrI	164402	1	1.0	151
	chrI	164407	1	0.5	151
	chrI	164409	1	0.5	151
	chrI	164412	1	0.5	151
	chrI	164414	1	0.5	141
	chrI	164414	1	0.5	145
	chrI	164415	0	0.5	148
	chrI	164415	1	0.5	151
	chrI	164416	1	0.5	151
	chrI	164417	1	0.5	95
	chrI	164425	1	0.5	128
	chrI	164425	1	0.5	124
	chrI	164433	1	0.5	59
	chrI	164442	0	0.5	68
	chrI	164442	1	0.5	126
	chrI	164443	0	0.5	148
	chrI	164443	1	0.5	73
	chrI	164444	0	0.5	144
	chrI	164448	0	0.5	101
	chrI	164448	1	0.5	150
	chrI	164450	1	0.5	151
	chrI	164453	1	0.5	151
	chrI	164459	1	0.5	151
	chrI	164460	0	0.5	151
	chrI	164460	1	0.5	151
	chrI	164462	0	0.5	98
	chrI	164462	0	1.0	126
	chrI	164474	1	0.5	110
	chrI	164482	0	0.5	127
	chrI	164501	0	0.5	114
	chrI	164513	1	0.5	68
	chrI	164524	1	1.0	151
	chrI	164527	1	0.5	131
	chrI	164535	0	0.5	122
	chrI	164537	1	0.5	151
	chrI	164539	0	0.5	151
	chrI	164539	1	0.5	151
	chrI	164542	0	0.5	151
	chrI	164544	0	0.5	151
	chrI	164548	1	1.0	151
	chrI	164549	0	0.5	151
	chrI	164550	0	0.5	151
	chrI	164551	1	0.5	101
	chrI	164554	0	0.5	151
	chrI	164561	1	0.5	98
	chrI	164562	0	1.0	151
	chrI	164562	0	0.5	110
	chrI	164562	1	0.5	148
	chrI	164569	0	0.5	116
	chrI	164579	0	0.5	151
	chrI	164580	0	0.5	139
	chrI	164581	0	0.5	151
	chrI	164582	0	1.0	151
	chrI	164587	1	0.5	144
	chrI	164589	1	1.0	126
	chrI	164590	0	0.5	135
	chrI	164590	0	0.5	150
	chrI	164590	0	0.5	151
	chrI	164590	1	0.5	148
	chrI	164599	0	0.5	151
	chrI	164609	1	0.5	127
	chrI	164617	0	0.5	140
	chrI	164617	1	0.5	151
	chrI	164617	1	0.5	114
	chrI	164649	0	0.5	127
	chrI	164657	1	0.5	122
	chrI	164659	0	0.5	83
	chrI	164663	0	0.5	151
	chrI	164663	0	0.5	110
	chrI	164673	1	0.5	110
	chrI	164690	1	0.5	116
	chrI	164691	1	0.5	151
	chrI	164694	1	0.5	151
	chrI	164696	1	0.5	151
	chrI	164697	0	0.5	151
	chrI	164700	1	0.5	151
	chrI	164701	1	0.5	151
	chrI	164718	1	0.5	139
	chrI	164718	1	1.5	151
	chrI	164721	0	0.5	151
	chrI	164724	1	0.5	135
	chrI	164726	0	0.5	151
	chrI	164731	1	0.5	151
	chrI	164732	0	0.5	140
	chrI	164732	0	0.5	82
	chrI	164738	1	0.5	151
	chrI	164739	0	0.5	151
	chrI	164739	1	0.5	150
	chrI	164741	1	0.5	151
	chrI	164743	0	0.5	65
	chrI	164744	0	0.5	122
	chrI	164745	1	1.0	151
	chrI	164745	1	0.5	83
	chrI	164746	1	0.5	151
	chrI	164747	0	0.5	42
	chrI	164755	0	1.0	151
	chrI	164756	1	0.5	140
	chrI	164763	0	0.5	137
	chrI	164769	1	0.5	151
	chrI	164770	0	0.5	151
	chrI	164774	1	0.5	110
	chrI	164777	1	0.5	127
	chrI	164786	0	0.5	74
	chrI	164792	0	0.5	108
	chrI	164792	1	0.5	42
	chrI	164795	0	0.5	138
	chrI	164799	0	0.5	151
	chrI	164808	1	0.5	65
	chrI	164815	1	0.5	82
	chrI	164822	0	0.5	151
	chrI	164827	1	0.5	151
	chrI	164831	0	0.5	81
	chrI	164831	0	0.5	98
	chrI	164832	0	0.5	138
	chrI	164854	0	0.5	105
	chrI	164862	1	0.5	74
	chrI	164866	0	0.5	151
	chrI	164867	1	0.5	122
	chrI	164871	0	0.5	151
	chrI	164871	1	0.5	140
	chrI	164871	1	0.5	151
	chrI	164872	0	0.5	151
	chrI	164888	0	0.5	146
	chrI	164890	1	1.0	151
	chrI	164898	0	0.5	151
	chrI	164898	0	0.5	92
	chrI	164899	1	0.5	137
	chrI	164902	0	0.5	54
	chrI	164903	1	0.5	108
	chrI	164905	1	0.5	151
	chrI	164910	0	0.5	151
	chrI	164913	1	1.0	151
	chrI	164913	1	0.5	81
	chrI	164927	0	0.5	134
	chrI	164927	1	0.5	151
	chrI	164930	1	0.5	98
	chrI	164932	0	1.0	149
	chrI	164932	1	0.5	138
	chrI	164933	0	0.5	151
	chrI	164935	0	0.5	148
	chrI	164944	0	0.5	151
	chrI	164953	0	0.5	151
	chrI	164954	0	0.5	141
	chrI	164956	0	0.5	116
	chrI	164957	0	0.5	151
	chrI	164957	0	0.5	85
	chrI	164957	1	0.5	54
	chrI	164958	0	0.5	150
	chrI	164958	0	0.5	151
	chrI	164958	0	0.5	123
	chrI	164959	1	0.5	105
	chrI	164963	0	0.5	151
	chrI	164965	0	0.5	151
	chrI	164969	1	0.5	138
	chrI	164988	1	0.5	151
	chrI	164993	1	0.5	92
	chrI	164994	0	0.5	141
	chrI	165003	0	0.5	80
	chrI	165013	0	0.5	133
	chrI	165018	0	0.5	112
	chrI	165029	1	0.5	151
	chrI	165031	1	0.5	149
	chrI	165032	0	0.5	137
	chrI	165032	1	0.5	151
	chrI	165033	1	0.5	146
	chrI	165036	0	0.5	67
	chrI	165038	0	0.5	151
	chrI	165040	0	0.5	93
	chrI	165043	1	0.5	85
	chrI	165060	1	0.5	134
	chrI	165066	0	0.5	43
	chrI	165067	1	0.5	151
	chrI	165075	1	0.5	116
	chrI	165076	0	0.5	83
	chrI	165080	1	1.0	149
	chrI	165080	1	0.5	151
	chrI	165082	0	0.5	90
	chrI	165082	1	0.5	123
	chrI	165084	1	0.5	80
	chrI	165088	0	0.5	150
	chrI	165088	0	0.5	45
	chrI	165094	1	0.5	141
	chrI	165099	1	0.5	151
	chrI	165106	1	0.5	151
	chrI	165106	1	0.5	67
	chrI	165107	0	0.5	147
	chrI	165107	0	0.5	149
	chrI	165107	0	0.5	95
	chrI	165108	0	0.5	51
	chrI	165109	1	0.5	43
	chrI	165111	0	0.5	42
	chrI	165114	1	0.5	151
	chrI	165116	1	0.5	151
	chrI	165117	0	0.5	74
	chrI	165122	0	0.5	151
	chrI	165124	0	0.5	78
	chrI	165127	0	0.5	128
	chrI	165130	0	0.5	63
	chrI	165131	1	0.5	151
	chrI	165131	1	0.5	112
	chrI	165132	0	0.5	70
	chrI	165132	1	0.5	45
	chrI	165132	1	0.5	93
	chrI	165133	0	2.5	151
	chrI	165134	0	0.5	132
	chrI	165134	0	0.5	151
	chrI	165134	0	0.5	119
	chrI	165134	1	0.5	141
	chrI	165134	1	1.0	151
	chrI	165136	0	0.5	146
	chrI	165136	0	0.5	151
	chrI	165136	0	0.5	86
	chrI	165139	0	0.5	109
	chrI	165140	0	0.5	97
	chrI	165140	0	0.5	106
	chrI	165145	0	0.5	151
	chrI	165145	0	0.5	36
	chrI	165145	0	0.5	81
	chrI	165145	0	0.5	119
	chrI	165145	1	0.5	133
	chrI	165154	1	0.5	42
	chrI	165160	1	0.5	83
	chrI	165161	1	0.5	51
	chrI	165162	0	0.5	105
	chrI	165165	1	0.5	151
	chrI	165168	1	0.5	137
	chrI	165172	1	0.5	90
	chrI	165174	0	0.5	49
	chrI	165175	0	1.0	151
	chrI	165175	0	0.5	111
	chrI	165179	0	0.5	133
	chrI	165182	1	0.5	36
	chrI	165192	1	0.5	151
	chrI	165193	0	0.5	151
	chrI	165194	1	0.5	74
	chrI	165196	1	0.5	63
	chrI	165202	0	0.5	151
	chrI	165203	1	0.5	78
	chrI	165203	1	0.5	95
	chrI	165204	0	1.0	127
	chrI	165204	1	0.5	70
	chrI	165205	0	0.5	151
	chrI	165206	0	0.5	134
	chrI	165209	0	0.5	95
	chrI	165217	1	0.5	151
	chrI	165220	0	0.5	88
	chrI	165223	1	0.5	49
	chrI	165223	1	0.5	86
	chrI	165224	0	0.5	100
	chrI	165227	0	0.5	114
	chrI	165228	0	0.5	76
	chrI	165228	1	0.5	81
	chrI	165230	0	0.5	151
	chrI	165235	0	0.5	111
	chrI	165237	1	0.5	150
	chrI	165238	1	0.5	97
	chrI	165241	0	0.5	104
	chrI	165244	0	0.5	115
	chrI	165245	0	0.5	88
	chrI	165247	1	0.5	106
	chrI	165249	0	0.5	151
	chrI	165250	1	0.5	109
	chrI	165253	1	0.5	147
	chrI	165255	0	0.5	151
	chrI	165255	0	0.5	53
	chrI	165255	0	0.5	76
	chrI	165255	1	0.5	128
	chrI	165255	1	0.5	149
	chrI	165255	1	0.5	119
	chrI	165256	0	0.5	149
	chrI	165258	0	0.5	151
	chrI	165264	1	0.5	119
	chrI	165265	1	0.5	132
	chrI	165266	0	0.5	79
	chrI	165268	1	0.5	105
	chrI	165281	1	0.5	146
	chrI	165288	1	1.5	151
	chrI	165288	1	0.5	111
	chrI	165289	0	0.5	78
	chrI	165289	0	0.5	119
	chrI	165289	1	0.5	151
	chrI	165291	1	0.5	151
	chrI	165296	0	0.5	50
	chrI	165299	0	0.5	110
	chrI	165301	1	0.5	151
	chrI	165302	0	0.5	151
	chrI	165305	1	0.5	76
	chrI	165305	1	0.5	95
	chrI	165306	0	0.5	149
	chrI	165307	0	0.5	151
	chrI	165309	1	0.5	88
	chrI	165310	1	0.5	53
	chrI	165311	1	0.5	133
	chrI	165311	1	0.5	151
	chrI	165312	0	0.5	82
	chrI	165321	0	0.5	147
	chrI	165324	0	0.5	151
	chrI	165324	1	0.5	100
	chrI	165329	0	0.5	92
	chrI	165330	1	0.5	151
	chrI	165330	1	0.5	127
	chrI	165331	0	0.5	151
	chrI	165332	1	0.5	151
	chrI	165332	1	0.5	76
	chrI	165332	1	0.5	127
	chrI	165333	0	0.5	151
	chrI	165333	1	0.5	88
	chrI	165338	0	0.5	151
	chrI	165339	1	0.5	134
	chrI	165342	1	0.5	151
	chrI	165343	0	0.5	142
	chrI	165343	1	0.5	114
	chrI	165345	0	0.5	61
	chrI	165345	1	0.5	104
	chrI	165346	1	0.5	151
	chrI	165346	1	0.5	79
	chrI	165347	1	0.5	50
	chrI	165347	1	0.5	111
	chrI	165348	0	0.5	151
	chrI	165355	1	0.5	151
	chrI	165359	0	0.5	150
	chrI	165359	0	0.5	47
	chrI	165360	1	0.5	115
	chrI	165364	1	0.5	151
	chrI	165368	1	0.5	78
	chrI	165370	1	0.5	151
	chrI	165383	0	0.5	136
	chrI	165383	0	0.5	151
	chrI	165383	1	0.5	151
	chrI	165387	0	0.5	151
	chrI	165389	0	0.5	151
	chrI	165396	1	0.5	82
	chrI	165397	0	0.5	109
	chrI	165404	1	0.5	149
	chrI	165407	1	0.5	61
	chrI	165408	1	0.5	47
	chrI	165409	1	0.5	119
	chrI	165410	0	0.5	106
	chrI	165410	1	0.5	151
	chrI	165410	1	0.5	110
	chrI	165414	0	1.0	90
	chrI	165414	0	0.5	118
	chrI	165416	1	0.5	151
	chrI	165417	0	0.5	113
	chrI	165417	0	0.5	114
	chrI	165418	0	0.5	90
	chrI	165420	0	0.5	85
	chrI	165424	1	0.5	92
	chrI	165437	0	0.5	151
	chrI	165445	0	0.5	77
	chrI	165454	0	0.5	96
	chrI	165459	1	0.5	149
	chrI	165467	1	0.5	147
	chrI	165467	1	0.5	151
	chrI	165468	1	0.5	151
	chrI	165469	1	0.5	151
	chrI	165470	0	0.5	151
	chrI	165472	0	0.5	69
	chrI	165474	0	0.5	145
	chrI	165479	0	0.5	43
	chrI	165483	1	0.5	141
	chrI	165487	0	0.5	128
	chrI	165490	0	0.5	138
	chrI	165505	1	1.0	90
	chrI	165506	1	0.5	151
	chrI	165507	1	0.5	151
	chrI	165507	1	0.5	109
	chrI	165508	1	0.5	150
	chrI	165508	1	1.0	151
	chrI	165508	1	0.5	87
	chrI	165509	0	0.5	151
	chrI	165509	1	0.5	90
	chrI	165510	0	1.0	151
	chrI	165511	0	0.5	111
	chrI	165516	1	0.5	106
	chrI	165518	1	0.5	136
	chrI	165520	0	0.5	110
	chrI	165522	0	0.5	123
	chrI	165523	1	0.5	151
	chrI	165523	1	0.5	43
	chrI	165523	1	0.5	77
	chrI	165524	0	2.0	151
	chrI	165524	0	0.5	115
	chrI	165525	0	0.5	136
	chrI	165525	0	0.5	137
	chrI	165525	0	0.5	151
	chrI	165530	1	0.5	113
	chrI	165531	0	0.5	151
	chrI	165531	1	0.5	151
	chrI	165532	0	0.5	115
	chrI	165532	1	0.5	114
	chrI	165533	0	0.5	143
	chrI	165533	1	0.5	118
	chrI	165537	1	0.5	151
	chrI	165540	1	0.5	67
	chrI	165543	0	0.5	92
	chrI	165543	0	0.5	110
	chrI	165548	0	0.5	151
	chrI	165552	1	0.5	96
	chrI	165556	1	0.5	151
	chrI	165561	0	0.5	77
	chrI	165570	0	0.5	62
	chrI	165589	0	0.5	134
	chrI	165589	0	0.5	136
	chrI	165589	0	0.5	151
	chrI	165589	0	0.5	65
	chrI	165589	0	0.5	100
	chrI	165604	0	0.5	99
	chrI	165611	0	0.5	151
	chrI	165616	1	0.5	128
	chrI	165618	1	0.5	145
	chrI	165625	1	0.5	111
	chrI	165627	1	0.5	138
	chrI	165632	0	0.5	137
	chrI	165632	0	0.5	149
	chrI	165632	1	0.5	62
	chrI	165633	0	0.5	151
	chrI	165633	0	0.5	106
	chrI	165633	1	0.5	110
	chrI	165635	0	0.5	65
	chrI	165637	1	0.5	92
	chrI	165640	1	0.5	77
	chrI	165640	1	0.5	115
	chrI	165647	1	0.5	123
	chrI	165649	0	0.5	148
	chrI	165649	1	0.5	115
	chrI	165654	1	0.5	65
	chrI	165656	0	0.5	143
	chrI	165659	1	0.5	110
	chrI	165660	1	0.5	136
	chrI	165661	0	0.5	151
	chrI	165661	1	0.5	137
	chrI	165675	1	0.5	143
	chrI	165678	1	0.5	151
	chrI	165680	0	0.5	97
	chrI	165684	0	0.5	65
	chrI	165688	0	0.5	54
	chrI	165689	1	0.5	100
	chrI	165700	1	0.5	65
	chrI	165704	1	1.0	151
	chrI	165706	1	0.5	99
	chrI	165709	1	0.5	151
	chrI	165711	0	0.5	151
	chrI	165721	1	1.0	151
	chrI	165722	0	0.5	58
	chrI	165722	1	0.5	134
	chrI	165723	0	0.5	151
	chrI	165723	1	0.5	151
	chrI	165724	1	0.5	136
	chrI	165728	1	0.5	151
	chrI	165736	0	0.5	139
	chrI	165740	1	1.0	151
	chrI	165740	1	0.5	106
	chrI	165744	0	0.5	151
	chrI	165747	1	0.5	53
	chrI	165750	1	0.5	65
	chrI	165752	0	0.5	136
	chrI	165768	0	0.5	111
	chrI	165768	1	0.5	137
	chrI	165768	1	0.5	151
	chrI	165769	0	0.5	74
	chrI	165769	0	0.5	122
	chrI	165769	0	0.5	123
	chrI	165779	1	0.5	97
	chrI	165780	1	0.5	149
	chrI	165781	1	0.5	58
	chrI	165782	0	0.5	151
	chrI	165783	0	0.5	90
	chrI	165783	0	0.5	97
	chrI	165787	0	0.5	151
	chrI	165789	0	0.5	89
	chrI	165796	1	0.5	148
	chrI	165798	1	0.5	143
	chrI	165798	1	0.5	151
	chrI	165801	0	0.5	124
	chrI	165809	0	0.5	84
	chrI	165813	0	0.5	151
	chrI	165815	0	0.5	109
	chrI	165822	0	0.5	83
	chrI	165825	0	0.5	151
	chrI	165825	0	0.5	69
	chrI	165825	0	0.5	71
	chrI	165825	0	0.5	90
	chrI	165825	0	0.5	91
	chrI	165825	0	0.5	93
	chrI	165826	0	0.5	136
	chrI	165826	0	0.5	151
	chrI	165826	0	0.5	66
	chrI	165833	0	0.5	118
	chrI	165841	0	0.5	151
	chrI	165844	0	0.5	101
	chrI	165844	1	0.5	74
	chrI	165848	1	0.5	151
	chrI	165853	0	0.5	144
	chrI	165853	0	0.5	47
	chrI	165856	0	0.5	61
	chrI	165862	0	0.5	128
	chrI	165864	0	0.5	97
	chrI	165865	1	0.5	151
	chrI	165867	0	0.5	82
	chrI	165870	0	0.5	79
	chrI	165872	0	0.5	151
	chrI	165873	1	0.5	151
	chrI	165874	1	0.5	139
	chrI	165874	1	0.5	90
	chrI	165879	1	0.5	89
	chrI	165880	1	0.5	151
	chrI	165880	1	0.5	111
	chrI	165881	0	0.5	68
	chrI	165882	0	0.5	108
	chrI	165882	1	0.5	97
	chrI	165883	0	0.5	136
	chrI	165886	0	0.5	151
	chrI	165887	1	0.5	136
	chrI	165889	0	0.5	151
	chrI	165889	0	0.5	111
	chrI	165892	1	0.5	151
	chrI	165892	1	0.5	122
	chrI	165893	0	0.5	73
	chrI	165893	1	0.5	123
	chrI	165894	1	0.5	66
	chrI	165894	1	0.5	84
	chrI	165895	1	0.5	69
	chrI	165897	1	0.5	151
	chrI	165897	1	0.5	71
	chrI	165900	1	0.5	47
	chrI	165903	0	0.5	151
	chrI	165904	0	0.5	46
	chrI	165904	0	0.5	89
	chrI	165906	1	0.5	83
	chrI	165907	0	0.5	151
	chrI	165907	0	0.5	94
	chrI	165908	0	0.5	30
	chrI	165911	1	0.5	151
	chrI	165916	1	0.5	90
	chrI	165917	1	0.5	91
	chrI	165917	1	0.5	93
	chrI	165918	0	0.5	148
	chrI	165918	1	0.5	61
	chrI	165921	0	0.5	151
	chrI	165925	1	0.5	109
	chrI	165926	0	0.5	151
	chrI	165927	0	0.5	151
	chrI	165927	1	0.5	151
	chrI	165927	1	0.5	124
	chrI	165928	0	1.0	151
	chrI	165928	0	0.5	79
	chrI	165928	0	0.5	86
	chrI	165928	0	0.5	122
	chrI	165933	0	0.5	116
	chrI	165947	0	0.5	69
	chrI	165949	0	0.5	77
	chrI	165949	1	0.5	151
	chrI	165949	1	0.5	101
	chrI	165950	0	0.5	81
	chrI	165950	1	0.5	151
	chrI	165951	1	0.5	46
	chrI	165951	1	0.5	68
	chrI	165951	1	0.5	79
	chrI	165951	1	0.5	82
	chrI	165952	1	0.5	118
	chrI	165954	0	0.5	137
	chrI	165961	1	0.5	136
	chrI	165962	0	0.5	151
	chrI	165963	1	0.5	97
	chrI	165969	1	0.5	73
	chrI	165979	1	0.5	151
	chrI	165980	0	0.5	114
	chrI	165982	0	0.5	135
	chrI	165991	1	0.5	128
	chrI	165992	0	0.5	52
	chrI	165992	1	0.5	151
	chrI	165992	1	0.5	108
	chrI	165993	0	0.5	127
	chrI	165994	0	0.5	151
	chrI	165994	0	0.5	109
	chrI	165995	1	0.5	89
	chrI	165996	0	0.5	137
	chrI	165996	1	0.5	144
	chrI	165997	0	0.5	118
	chrI	166001	0	3.0	151
	chrI	166001	0	0.5	53
	chrI	166001	0	0.5	62
	chrI	166001	0	0.5	96
	chrI	166002	1	0.5	111
	chrI	166004	0	0.5	151
	chrI	166004	0	0.5	111
	chrI	166004	1	0.5	94
	chrI	166006	0	0.5	151
	chrI	166009	1	0.5	79
	chrI	166016	1	0.5	69
	chrI	166016	1	0.5	86
	chrI	166017	0	1.0	151
	chrI	166018	1	0.5	136
	chrI	166018	1	0.5	151
	chrI	166019	0	1.5	151
	chrI	166019	0	0.5	107
	chrI	166020	0	1.0	134
	chrI	166022	1	0.5	151
	chrI	166025	0	1.0	151
	chrI	166026	0	0.5	151
	chrI	166027	1	0.5	77
	chrI	166033	1	0.5	81
	chrI	166034	0	0.5	151
	chrI	166044	1	0.5	52
	chrI	166046	0	1.0	151
	chrI	166046	1	0.5	151
	chrI	166051	0	0.5	151
	chrI	166051	1	0.5	116
	chrI	166051	1	0.5	122
	chrI	166053	0	0.5	150
	chrI	166055	1	0.5	53
	chrI	166057	0	1.0	142
	chrI	166057	1	0.5	151
	chrI	166060	0	0.5	55
	chrI	166061	0	0.5	57
	chrI	166064	1	0.5	62
	chrI	166065	1	0.5	148
	chrI	166065	1	0.5	151
	chrI	166067	0	0.5	40
	chrI	166072	1	0.5	151
	chrI	166074	0	0.5	140
	chrI	166083	0	0.5	78
	chrI	166090	0	0.5	149
	chrI	166090	0	0.5	151
	chrI	166090	1	0.5	137
	chrI	166095	1	0.5	114
	chrI	166098	1	1.0	151
	chrI	166098	1	0.5	96
	chrI	166099	1	0.5	151
	chrI	166100	1	0.5	151
	chrI	166101	0	1.0	82
	chrI	166102	0	0.5	99
	chrI	166106	1	0.5	109
	chrI	166107	0	1.0	147
	chrI	166108	1	0.5	40
	chrI	166109	0	0.5	150
	chrI	166109	0	1.0	151
	chrI	166114	0	0.5	80
	chrI	166116	1	0.5	135
	chrI	166116	1	0.5	55
	chrI	166116	1	0.5	111
	chrI	166116	1	0.5	118
	chrI	166121	1	0.5	57
	chrI	166121	1	0.5	127
	chrI	166122	1	0.5	151
	chrI	166126	0	0.5	86
	chrI	166126	0	0.5	121
	chrI	166128	1	0.5	107
	chrI	166132	1	0.5	137
	chrI	166133	0	0.5	123
	chrI	166143	0	0.5	113
	chrI	166153	1	1.0	134
	chrI	166162	1	1.0	151
	chrI	166162	1	0.5	78
	chrI	166169	0	1.5	53
	chrI	166171	1	0.5	151
	chrI	166172	0	0.5	151
	chrI	166181	0	0.5	78
	chrI	166182	0	0.5	151
	chrI	166184	1	0.5	151
	chrI	166184	1	1.0	82
	chrI	166185	0	0.5	151
	chrI	166185	0	0.5	112
	chrI	166187	0	1.0	151
	chrI	166187	0	0.5	60
	chrI	166196	1	0.5	80
	chrI	166198	1	1.0	142
	chrI	166202	0	0.5	128
	chrI	166202	1	1.0	151
	chrI	166204	0	0.5	43
	chrI	166204	0	0.5	77
	chrI	166204	1	4.5	151
	chrI	166204	1	0.5	99
	chrI	166205	0	2.0	151
	chrI	166208	0	0.5	151
	chrI	166210	1	1.0	151
	chrI	166213	1	0.5	140
	chrI	166213	1	1.0	151
	chrI	166213	1	0.5	86
	chrI	166214	0	0.5	139
	chrI	166214	0	0.5	149
	chrI	166214	0	0.5	151
	chrI	166214	1	0.5	151
	chrI	166216	0	0.5	151
	chrI	166223	0	0.5	145
	chrI	166223	1	1.5	53
	chrI	166232	0	0.5	151
	chrI	166241	1	0.5	148
	chrI	166244	1	0.5	151
	chrI	166250	1	0.5	151
	chrI	166250	1	0.5	43
	chrI	166250	1	0.5	60
	chrI	166250	1	0.5	121
	chrI	166251	0	0.5	151
	chrI	166253	1	1.0	147
	chrI	166255	1	0.5	120
	chrI	166258	0	0.5	92
	chrI	166258	1	0.5	150
	chrI	166258	1	0.5	113
	chrI	166259	1	1.0	151
	chrI	166260	1	0.5	78
	chrI	166261	0	0.5	76
	chrI	166261	0	0.5	77
	chrI	166263	0	1.0	119
	chrI	166271	0	0.5	83
	chrI	166271	0	0.5	112
	chrI	166274	0	0.5	40
	chrI	166274	0	1.0	101
	chrI	166280	1	0.5	77
	chrI	166287	0	0.5	142
	chrI	166287	0	0.5	76
	chrI	166294	1	0.5	151
	chrI	166299	1	1.0	151
	chrI	166299	1	0.5	112
	chrI	166300	0	1.0	151
	chrI	166303	0	0.5	108
	chrI	166305	0	0.5	141
	chrI	166315	1	0.5	40
	chrI	166321	0	0.5	55
	chrI	166321	0	0.5	72
	chrI	166323	0	0.5	38
	chrI	166329	1	0.5	128
	chrI	166329	1	0.5	151
	chrI	166332	0	0.5	86
	chrI	166339	1	0.5	76
	chrI	166339	1	0.5	77
	chrI	166352	1	0.5	139
	chrI	166352	1	0.5	92
	chrI	166355	1	0.5	151
	chrI	166355	1	0.5	83
	chrI	166357	1	0.5	151
	chrI	166362	1	0.5	149
	chrI	166362	1	0.5	38
	chrI	166364	1	0.5	76
	chrI	166365	0	0.5	122
	chrI	166367	1	0.5	145
	chrI	166367	1	0.5	151
	chrI	166369	1	0.5	151
	chrI	166370	0	1.0	151
	chrI	166373	0	0.5	151
	chrI	166375	1	1.0	151
	chrI	166376	1	0.5	55
	chrI	166376	1	1.0	101
	chrI	166377	0	0.5	151
	chrI	166377	1	2.0	151
	chrI	166378	0	2.0	151
	chrI	166380	0	1.0	151
	chrI	166381	0	0.5	148
	chrI	166383	0	0.5	151
	chrI	166383	1	0.5	112
	chrI	166385	1	1.0	119
	chrI	166386	1	0.5	151
	chrI	166389	1	0.5	151
	chrI	166390	0	0.5	151
	chrI	166394	1	0.5	72
	chrI	166395	0	0.5	151
	chrI	166397	0	0.5	151
	chrI	166414	1	0.5	151
	chrI	166414	1	0.5	108
	chrI	166415	0	1.0	89
	chrI	166416	0	0.5	121
	chrI	166419	1	0.5	151
	chrI	166419	1	0.5	86
	chrI	166426	0	0.5	151
	chrI	166428	1	0.5	142
	chrI	166431	0	0.5	136
	chrI	166438	0	0.5	151
	chrI	166439	0	0.5	151
	chrI	166445	1	0.5	141
	chrI	166453	0	0.5	151
	chrI	166453	0	1.0	119
	chrI	166458	0	1.0	151
	chrI	166460	0	0.5	130
	chrI	166482	0	0.5	107
	chrI	166482	0	1.0	114
	chrI	166484	0	0.5	138
	chrI	166489	1	0.5	122
	chrI	166490	0	1.0	151
	chrI	166505	1	1.0	89
	chrI	166528	1	0.5	148
	chrI	166529	1	0.5	151
	chrI	166531	0	0.5	151
	chrI	166531	1	1.0	151
	chrI	166532	0	0.5	151
	chrI	166535	1	1.5	151
	chrI	166538	1	0.5	121
	chrI	166540	0	1.0	143
	chrI	166540	1	1.5	151
	chrI	166551	1	1.0	151
	chrI	166552	0	0.5	151
	chrI	166553	0	0.5	108
	chrI	166562	0	1.0	139
	chrI	166566	0	0.5	151
	chrI	166566	1	0.5	136
	chrI	166567	0	1.0	151
	chrI	166569	1	0.5	151
	chrI	166572	1	0.5	151
	chrI	166573	1	1.0	119
	chrI	166574	0	0.5	151
	chrI	166577	0	0.5	151
	chrI	166583	1	1.0	151
	chrI	166584	0	0.5	58
	chrI	166589	1	0.5	130
	chrI	166589	1	0.5	151
	chrI	166589	1	0.5	107
	chrI	166591	0	0.5	151
	chrI	166596	1	0.5	151
	chrI	166597	1	1.0	114
	chrI	166603	0	0.5	124
	chrI	166616	1	1.0	151
	chrI	166618	0	0.5	108
	chrI	166620	1	0.5	137
	chrI	166627	1	1.0	151
	chrI	166633	1	0.5	151
	chrI	166643	1	1.0	151
	chrI	166645	1	0.5	58
	chrI	166662	0	0.5	101
	chrI	166664	1	0.5	108
	chrI	166682	1	1.0	143
	chrI	166686	0	0.5	151
	chrI	166688	0	1.0	117
	chrI	166691	1	0.5	146
	chrI	166692	0	0.5	151
	chrI	166696	0	0.5	151
	chrI	166700	1	1.0	139
	chrI	166703	0	1.5	151
	chrI	166717	0	0.5	90
	chrI	166725	1	1.0	151
	chrI	166726	0	1.0	151
	chrI	166726	1	0.5	151
	chrI	166726	1	0.5	108
	chrI	166726	1	0.5	124
	chrI	166731	1	0.5	151
	chrI	166732	0	0.5	151
	chrI	166733	0	1.5	151
	chrI	166738	1	1.0	151
	chrI	166743	0	0.5	60
	chrI	166747	0	0.5	151
	chrI	166747	0	0.5	104
	chrI	166761	0	1.0	63
	chrI	166764	1	0.5	101
	chrI	166765	0	0.5	142
	chrI	166767	0	1.0	151
	chrI	166767	0	0.5	92
	chrI	166769	1	0.5	151
	chrI	166781	0	0.5	128
	chrI	166787	0	0.5	132
	chrI	166790	0	0.5	58
	chrI	166792	0	1.0	73
	chrI	166805	1	0.5	60
	chrI	166806	0	0.5	104
	chrI	166806	1	1.0	117
	chrI	166808	1	0.5	90
	chrI	166824	1	1.0	63
	chrI	166843	0	0.5	151
	chrI	166848	1	0.5	58
	chrI	166851	0	0.5	151
	chrI	166851	1	0.5	151
	chrI	166852	1	0.5	150
	chrI	166852	1	0.5	104
	chrI	166858	1	1.5	151
	chrI	166860	1	0.5	92
	chrI	166861	1	0.5	151
	chrI	166866	0	0.5	151
	chrI	166866	0	0.5	73
	chrI	166866	1	0.5	151
	chrI	166866	1	1.0	73
	chrI	166871	0	0.5	57
	chrI	166888	1	0.5	151
	chrI	166895	1	1.5	151
	chrI	166903	0	0.5	80
	chrI	166906	1	0.5	142
	chrI	166909	0	0.5	93
	chrI	166909	0	0.5	94
	chrI	166909	1	0.5	151
	chrI	166910	1	0.5	128
	chrI	166910	1	1.0	151
	chrI	166911	1	0.5	104
	chrI	166918	1	0.5	132
	chrI	166926	0	1.0	145
	chrI	166929	1	0.5	57
	chrI	166930	0	0.5	151
	chrI	166931	1	1.0	151
	chrI	166936	0	0.5	151
	chrI	166942	1	0.5	73
	chrI	166973	0	0.5	151
	chrI	166984	1	0.5	80
	chrI	166998	0	0.5	151
	chrI	167004	1	0.5	93
	chrI	167004	1	0.5	94
	chrI	167011	1	0.5	151
	chrI	167018	0	0.5	147
	chrI	167020	0	0.5	82
	chrI	167027	1	0.5	151
	chrI	167033	1	0.5	151
	chrI	167060	0	0.5	121
	chrI	167070	1	1.0	145
	chrI	167072	0	0.5	43
	chrI	167080	0	0.5	103
	chrI	167106	1	0.5	82
	chrI	167116	1	0.5	43
	chrI	167127	0	1.0	124
	chrI	167133	0	0.5	151
	chrI	167138	0	1.5	146
	chrI	167140	1	0.5	151
	chrI	167156	1	0.5	151
	chrI	167164	0	0.5	131
	chrI	167164	1	0.5	147
	chrI	167164	1	0.5	151
	chrI	167183	1	0.5	103
	chrI	167184	1	0.5	120
	chrI	167195	0	1.0	100
	chrI	167198	0	0.5	151
	chrI	167207	0	0.5	77
	chrI	167249	0	0.5	84
	chrI	167252	1	1.0	124
	chrI	167255	0	0.5	151
	chrI	167261	0	0.5	138
	chrI	167261	1	0.5	151
	chrI	167262	0	0.5	151
	chrI	167273	0	0.5	151
	chrI	167281	1	0.5	144
	chrI	167283	1	1.0	146
	chrI	167286	1	0.5	78
	chrI	167289	0	1.5	146
	chrI	167290	1	0.5	151
	chrI	167291	0	0.5	73
	chrI	167294	1	0.5	131
	chrI	167296	0	0.5	151
	chrI	167296	1	1.0	100
	chrI	167309	0	0.5	46
	chrI	167309	0	1.0	121
	chrI	167319	0	0.5	151
	chrI	167325	0	0.5	60
	chrI	167333	1	0.5	84
	chrI	167356	1	0.5	46
	chrI	167366	1	0.5	73
	chrI	167380	0	0.5	73
	chrI	167386	1	0.5	60
	chrI	167398	1	0.5	138
	chrI	167398	1	0.5	151
	chrI	167401	0	1.0	151
	chrI	167416	0	1.0	151
	chrI	167426	0	0.5	118
	chrI	167433	1	1.0	121
	chrI	167434	1	1.5	146
	chrI	167434	1	1.0	151
	chrI	167453	1	0.5	73
	chrI	167469	1	0.5	151
	chrI	167481	1	0.5	151
	chrI	167484	0	0.5	140
	chrI	167484	0	1.0	96
	chrI	167498	0	0.5	151
	chrI	167507	0	0.5	151
	chrI	167507	0	0.5	44
	chrI	167507	1	0.5	151
	chrI	167509	0	0.5	106
	chrI	167518	0	0.5	48
	chrI	167527	0	0.5	151
	chrI	167529	0	1.0	52
	chrI	167536	0	0.5	63
	chrI	167538	0	1.5	146
	chrI	167545	1	0.5	118
	chrI	167551	1	0.5	44
	chrI	167557	0	0.5	121
	chrI	167563	0	1.0	98
	chrI	167567	1	0.5	48
	chrI	167580	1	0.5	151
	chrI	167581	1	1.0	52
	chrI	167582	1	1.0	96
	chrI	167589	1	1.0	151
	chrI	167602	0	0.5	132
	chrI	167602	1	0.5	63
	chrI	167603	1	0.5	151
	chrI	167611	0	0.5	56
	chrI	167617	0	0.5	75
	chrI	167617	1	0.5	106
	chrI	167623	1	0.5	140
	chrI	167647	0	0.5	145
	chrI	167662	1	1.0	98
	chrI	167668	1	0.5	56
	chrI	167671	1	0.5	151
	chrI	167673	0	0.5	142
	chrI	167675	1	0.5	151
	chrI	167676	0	0.5	133
	chrI	167678	1	0.5	121
	chrI	167683	1	1.5	146
	chrI	167683	1	0.5	151
	chrI	167684	0	0.5	151
	chrI	167688	0	0.5	112
	chrI	167693	1	0.5	75
	chrI	167709	0	1.5	97
	chrI	167733	1	0.5	132
	chrI	167734	0	0.5	126
	chrI	167791	1	0.5	145
	chrI	167798	0	0.5	151
	chrI	167799	0	0.5	59
	chrI	167800	1	0.5	112
	chrI	167807	1	1.5	97
	chrI	167808	1	0.5	133
	chrI	167814	1	0.5	142
	chrI	167834	0	1.0	151
	chrI	167858	0	1.0	43
	chrI	167858	1	0.5	59
	chrI	167862	1	0.5	126
	chrI	167896	0	0.5	151
	chrI	167898	0	1.0	143
	chrI	167898	0	1.0	151
	chrI	167898	0	0.5	89
	chrI	167906	1	1.0	43
	chrI	167913	0	1.0	137
	chrI	167927	0	0.5	94
	chrI	167928	0	0.5	151
	chrI	167933	0	0.5	151
	chrI	167937	0	0.5	71
	chrI	167975	0	0.5	102
	chrI	167986	1	0.5	151
	chrI	167988	1	0.5	89
	chrI	167989	0	0.5	151
	chrI	167989	1	1.0	151
	chrI	168008	1	0.5	71
	chrI	168022	1	0.5	94
	chrI	168040	1	1.0	143
	chrI	168041	0	0.5	91
	chrI	168047	0	0.5	70
	chrI	168049	1	1.0	137
	chrI	168057	0	0.5	111
	chrI	168061	0	0.5	51
	chrI	168072	0	0.5	51
	chrI	168074	0	0.5	127
	chrI	168078	1	0.5	151
	chrI	168078	1	0.5	102
	chrI	168079	1	1.5	151
	chrI	168081	0	0.5	151
	chrI	168086	0	1.0	151
	chrI	168086	1	0.5	151
	chrI	168104	0	0.5	147
	chrI	168114	1	0.5	51
	chrI	168118	1	0.5	70
	chrI	168124	1	0.5	51
	chrI	168134	1	0.5	91
	chrI	168138	0	0.5	151
	chrI	168143	0	0.5	119
	chrI	168161	1	0.5	151
	chrI	168164	0	0.5	80
	chrI	168170	1	0.5	111
	chrI	168172	1	0.5	151
	chrI	168203	1	0.5	127
	chrI	168222	0	0.5	132
	chrI	168246	1	0.5	151
	chrI	168246	1	0.5	80
	chrI	168250	0	0.5	126
	chrI	168250	1	0.5	147
	chrI	168250	1	1.0	151
	chrI	168253	0	0.5	142
	chrI	168253	0	0.5	151
	chrI	168263	1	0.5	119
	chrI	168264	0	0.5	151
	chrI	168292	0	0.5	151
	chrI	168316	1	0.5	149
	chrI	168320	0	0.5	23
	chrI	168322	0	1.0	151
	chrI	168329	0	0.5	151
	chrI	168351	1	0.5	23
	chrI	168353	1	0.5	132
	chrI	168366	0	0.5	65
	chrI	168378	0	1.0	118
	chrI	168378	1	0.5	126
	chrI	168394	1	0.5	142
	chrI	168396	0	1.0	151
	chrI	168402	0	1.0	149
	chrI	168403	1	0.5	151
	chrI	168404	0	0.5	151
	chrI	168406	0	0.5	92
	chrI	168407	0	0.5	151
	chrI	168414	0	0.5	94
	chrI	168431	1	0.5	65
	chrI	168433	0	1.5	151
	chrI	168436	0	0.5	125
	chrI	168440	0	0.5	118
	chrI	168452	0	0.5	138
	chrI	168456	0	0.5	82
	chrI	168465	0	0.5	91
	chrI	168470	0	0.5	151
	chrI	168470	0	0.5	81
	chrI	168470	0	0.5	82
	chrI	168486	1	0.5	151
	chrI	168494	1	0.5	151
	chrI	168496	1	1.0	118
	chrI	168500	1	0.5	92
	chrI	168506	1	0.5	151
	chrI	168509	1	0.5	151
	chrI	168512	1	0.5	94
	chrI	168514	1	0.5	151
	chrI	168515	0	0.5	151
	chrI	168515	0	0.5	41
	chrI	168518	0	1.0	151
	chrI	168535	0	0.5	135
	chrI	168536	0	0.5	141
	chrI	168540	0	0.5	151
	chrI	168540	1	0.5	82
	chrI	168550	1	1.0	149
	chrI	168553	1	0.5	81
	chrI	168553	1	0.5	82
	chrI	168555	0	0.5	150
	chrI	168557	1	0.5	151
	chrI	168557	1	0.5	41
	chrI	168557	1	0.5	91
	chrI	168558	0	0.5	147
	chrI	168558	1	0.5	118
	chrI	168559	0	0.5	151
	chrI	168560	0	1.0	151
	chrI	168563	1	0.5	125
	chrI	168564	0	0.5	151
	chrI	168571	1	0.5	151
	chrI	168574	0	0.5	133
	chrI	168574	0	0.5	151
	chrI	168574	0	0.5	127
	chrI	168574	1	0.5	151
	chrI	168577	0	0.5	128
	chrI	168577	0	0.5	124
	chrI	168589	1	0.5	138
	chrI	168589	1	1.5	151
	chrI	168590	0	1.0	136
	chrI	168592	0	0.5	151
	chrI	168624	1	0.5	151
	chrI	168625	0	0.5	151
	chrI	168625	0	1.5	43
	chrI	168649	0	1.0	151
	chrI	168669	1	0.5	135
	chrI	168670	1	1.5	43
	chrI	168674	0	0.5	151
	chrI	168676	1	1.0	151
	chrI	168677	0	0.5	105
	chrI	168678	1	0.5	151
	chrI	168685	0	0.5	113
	chrI	168688	1	0.5	151
	chrI	168689	0	0.5	151
	chrI	168694	0	0.5	98
	chrI	168697	0	0.5	151
	chrI	168704	0	1.0	151
	chrI	168704	0	0.5	65
	chrI	168704	1	0.5	147
	chrI	168704	1	0.5	150
	chrI	168704	1	0.5	151
	chrI	168704	1	0.5	124
	chrI	168704	1	0.5	127
	chrI	168706	1	0.5	133
	chrI	168706	1	0.5	127
	chrI	168707	0	1.0	151
	chrI	168707	0	2.5	70
	chrI	168711	1	0.5	151
	chrI	168713	0	0.5	151
	chrI	168721	0	1.0	151
	chrI	168721	0	0.5	105
	chrI	168723	0	0.5	151
	chrI	168725	1	1.0	136
	chrI	168726	0	0.5	149
	chrI	168726	0	0.5	151
	chrI	168736	1	0.5	151
	chrI	168737	1	1.0	151
	chrI	168739	0	0.5	151
	chrI	168742	0	0.5	151
	chrI	168750	1	0.5	151
	chrI	168770	1	0.5	65
	chrI	168778	1	2.5	70
	chrI	168782	0	0.5	85
	chrI	168783	1	0.5	105
	chrI	168788	1	0.5	151
	chrI	168791	0	0.5	135
	chrI	168793	1	0.5	98
	chrI	168801	1	0.5	113
	chrI	168808	0	0.5	54
	chrI	168815	0	1.0	151
	chrI	168819	0	0.5	151
	chrI	168827	1	0.5	105
	chrI	168831	1	0.5	151
	chrI	168850	0	0.5	151
	chrI	168859	0	0.5	151
	chrI	168861	1	1.5	151
	chrI	168863	1	0.5	54
	chrI	168865	1	1.0	151
	chrI	168867	1	0.5	85
	chrI	168874	1	0.5	149
	chrI	168876	1	1.0	151
	chrI	168878	0	0.5	151
	chrI	168881	1	1.0	151
	chrI	168882	0	0.5	151
	chrI	168885	1	1.0	151
	chrI	168889	1	1.0	151
	chrI	168894	0	0.5	143
	chrI	168896	0	0.5	150
	chrI	168896	1	0.5	151
	chrI	168899	0	0.5	151
	chrI	168899	1	0.5	151
	chrI	168901	0	0.5	139
	chrI	168903	0	0.5	151
	chrI	168911	0	0.5	151
	chrI	168920	0	0.5	105
	chrI	168920	0	0.5	107
	chrI	168925	1	0.5	135
	chrI	168941	0	0.5	43
	chrI	168958	0	0.5	101
	chrI	168978	0	0.5	85
	chrI	168985	1	1.0	151
	chrI	168988	1	0.5	43
	chrI	168993	0	0.5	54
	chrI	169010	1	0.5	151
	chrI	169022	1	0.5	151
	chrI	169027	0	0.5	97
	chrI	169027	1	0.5	105
	chrI	169027	1	0.5	107
	chrI	169036	1	0.5	143
	chrI	169039	1	0.5	139
	chrI	169039	1	1.0	151
	chrI	169041	0	0.5	142
	chrI	169041	0	1.0	146
	chrI	169041	0	0.5	151
	chrI	169045	0	0.5	151
	chrI	169045	1	0.5	150
	chrI	169047	1	0.5	54
	chrI	169054	0	0.5	151
	chrI	169054	0	0.5	125
	chrI	169060	1	0.5	151
	chrI	169060	1	0.5	101
	chrI	169061	0	3.0	151
	chrI	169064	0	0.5	36
	chrI	169064	0	0.5	127
	chrI	169064	1	0.5	85
	chrI	169068	0	0.5	112
	chrI	169068	1	1.0	151
	chrI	169069	0	0.5	142
	chrI	169069	1	0.5	151
	chrI	169070	0	0.5	151
	chrI	169070	0	1.0	105
	chrI	169070	0	0.5	106
	chrI	169070	0	0.5	115
	chrI	169070	0	0.5	121
	chrI	169073	0	0.5	105
	chrI	169073	0	1.5	114
	chrI	169082	0	1.0	103
	chrI	169085	0	0.5	76
	chrI	169085	0	1.0	88
	chrI	169090	0	0.5	99
	chrI	169102	1	0.5	36
	chrI	169104	0	0.5	101
	chrI	169114	0	0.5	77
	chrI	169115	0	0.5	151
	chrI	169116	1	0.5	151
	chrI	169125	0	1.0	38
	chrI	169125	0	0.5	73
	chrI	169125	0	1.0	92
	chrI	169125	0	0.5	99
	chrI	169125	1	0.5	97
	chrI	169126	0	0.5	31
	chrI	169138	0	0.5	86
	chrI	169142	0	1.0	85
	chrI	169143	0	1.5	151
	chrI	169145	0	0.5	60
	chrI	169145	0	0.5	82
	chrI	169145	0	0.5	109
	chrI	169147	0	1.0	62
	chrI	169151	0	0.5	102
	chrI	169158	0	0.5	151
	chrI	169159	1	0.5	31
	chrI	169161	1	0.5	76
	chrI	169164	1	1.0	38
	chrI	169165	0	1.0	59
	chrI	169173	1	1.0	88
	chrI	169176	0	0.5	151
	chrI	169176	1	1.0	105
	chrI	169176	1	0.5	106
	chrI	169182	1	0.5	142
	chrI	169182	1	0.5	105
	chrI	169182	1	0.5	112
	chrI	169183	1	0.5	125
	chrI	169185	1	0.5	115
	chrI	169186	1	1.0	146
	chrI	169186	1	1.0	103
	chrI	169189	1	1.5	114
	chrI	169191	0	0.5	128
	chrI	169191	1	0.5	99
	chrI	169192	0	0.5	118
	chrI	169192	1	0.5	77
	chrI	169192	1	0.5	121
	chrI	169192	1	0.5	127
	chrI	169199	1	0.5	73
	chrI	169201	0	0.5	151
	chrI	169210	1	0.5	142
	chrI	169210	1	1.0	151
	chrI	169210	1	0.5	60
	chrI	169210	1	1.0	62
	chrI	169210	1	0.5	101
	chrI	169211	1	3.0	151
	chrI	169214	0	0.5	151
	chrI	169218	0	1.0	150
	chrI	169218	0	2.0	151
	chrI	169218	0	0.5	91
	chrI	169218	1	1.0	92
	chrI	169219	0	0.5	151
	chrI	169219	1	0.5	151
	chrI	169220	0	0.5	128
	chrI	169220	0	0.5	137
	chrI	169220	0	0.5	110
	chrI	169225	1	1.0	59
	chrI	169225	1	0.5	99
	chrI	169227	1	0.5	86
	chrI	169228	1	0.5	82
	chrI	169228	1	1.0	85
	chrI	169239	0	0.5	109
	chrI	169239	0	0.5	110
	chrI	169241	0	0.5	117
	chrI	169242	0	0.5	67
	chrI	169244	1	0.5	151
	chrI	169249	0	0.5	124
	chrI	169253	1	0.5	102
	chrI	169257	0	1.0	151
	chrI	169257	1	0.5	109
	chrI	169291	1	0.5	151
	chrI	169299	0	0.5	151
	chrI	169309	1	0.5	67
	chrI	169310	0	1.5	151
	chrI	169311	1	0.5	91
	chrI	169311	1	0.5	118
	chrI	169314	0	0.5	151
	chrI	169315	0	0.5	151
	chrI	169316	0	2.0	151
	chrI	169321	1	0.5	128
	chrI	169322	0	0.5	68
	chrI	169322	1	0.5	151
	chrI	169332	1	1.5	151
	chrI	169333	0	1.0	151
	chrI	169333	1	0.5	110
	chrI	169338	0	0.5	151
	chrI	169339	0	0.5	151
	chrI	169342	0	0.5	125
	chrI	169342	1	0.5	151
	chrI	169343	0	2.0	151
	chrI	169346	0	1.0	151
	chrI	169347	0	0.5	151
	chrI	169349	1	0.5	109
	chrI	169349	1	0.5	110
	chrI	169350	0	0.5	151
	chrI	169351	0	1.5	151
	chrI	169351	1	0.5	128
	chrI	169352	0	1.0	151
	chrI	169356	0	0.5	151
	chrI	169356	0	0.5	83
	chrI	169356	1	0.5	137
	chrI	169356	1	0.5	151
	chrI	169357	1	0.5	117
	chrI	169358	0	0.5	151
	chrI	169367	1	1.0	150
	chrI	169371	0	0.5	125
	chrI	169374	1	2.0	151
	chrI	169374	1	0.5	124
	chrI	169376	0	2.0	151
	chrI	169379	0	0.5	115
	chrI	169380	1	0.5	151
	chrI	169382	1	0.5	151
	chrI	169390	1	0.5	68
	chrI	169401	0	1.0	78
	chrI	169423	0	0.5	151
	chrI	169441	1	0.5	83
	chrI	169445	0	1.0	63
	chrI	169446	0	0.5	137
	chrI	169446	0	0.5	50
	chrI	169448	0	1.0	60
	chrI	169456	0	0.5	123
	chrI	169461	0	0.5	102
	chrI	169469	1	0.5	125
	chrI	169472	1	0.5	151
	chrI	169480	1	1.0	78
	chrI	169488	1	1.0	151
	chrI	169497	1	1.5	151
	chrI	169497	1	0.5	50
	chrI	169497	1	0.5	115
	chrI	169497	1	0.5	125
	chrI	169500	0	0.5	151
	chrI	169505	1	1.5	151
	chrI	169506	1	1.5	151
	chrI	169507	1	2.5	151
	chrI	169509	1	0.5	151
	chrI	169510	0	1.0	151
	chrI	169510	1	1.0	151
	chrI	169510	1	1.0	60
	chrI	169510	1	1.0	63
	chrI	169511	0	0.5	151
	chrI	169511	0	1.0	108
	chrI	169514	1	1.5	151
	chrI	169516	0	0.5	90
	chrI	169521	1	1.5	151
	chrI	169524	0	1.0	151
	chrI	169524	1	0.5	151
	chrI	169527	1	2.0	151
	chrI	169531	0	0.5	119
	chrI	169532	0	1.0	151
	chrI	169541	1	2.0	151
	chrI	169542	0	1.5	151
	chrI	169543	0	0.5	151
	chrI	169544	0	3.0	151
	chrI	169549	0	0.5	127
	chrI	169563	1	0.5	101
	chrI	169568	0	0.5	118
	chrI	169579	1	0.5	123
	chrI	169582	1	0.5	137
	chrI	169607	1	0.5	90
	chrI	169609	0	0.5	151
	chrI	169620	1	1.0	108
	chrI	169653	1	0.5	119
	chrI	169662	0	0.5	48
	chrI	169662	1	0.5	151
	chrI	169666	1	0.5	151
	chrI	169679	1	0.5	127
	chrI	169680	0	1.5	112
	chrI	169682	1	0.5	151
	chrI	169692	1	0.5	118
	chrI	169694	1	5.0	151
	chrI	169695	0	1.0	151
	chrI	169695	0	0.5	106
	chrI	169697	0	1.5	125
	chrI	169699	0	1.0	151
	chrI	169705	0	0.5	151
	chrI	169707	0	0.5	151
	chrI	169710	0	0.5	117
	chrI	169711	1	0.5	151
	chrI	169713	1	0.5	48
	chrI	169719	0	0.5	151
	chrI	169720	0	1.0	151
	chrI	169723	1	1.5	151
	chrI	169735	1	0.5	151
	chrI	169778	0	0.5	55
	chrI	169782	0	0.5	151
	chrI	169785	0	0.5	82
	chrI	169793	1	1.5	112
	chrI	169801	1	0.5	106
	chrI	169822	0	0.5	114
	chrI	169823	1	1.5	125
	chrI	169827	0	1.5	151
	chrI	169829	1	0.5	117
	chrI	169830	0	1.0	151
	chrI	169832	1	0.5	151
	chrI	169835	1	0.5	55
	chrI	169845	1	0.5	151
	chrI	169846	0	0.5	148
	chrI	169867	1	0.5	82
	chrI	169869	1	1.0	151
	chrI	169871	1	1.5	151
	chrI	169872	1	0.5	151
	chrI	169884	1	1.0	151
	chrI	169898	0	1.0	82
	chrI	169900	0	0.5	59
	chrI	169934	0	0.5	105
	chrI	169938	1	0.5	114
	chrI	169941	0	1.0	151
	chrI	169942	0	0.5	94
	chrI	169946	0	1.0	114
	chrI	169949	0	0.5	85
	chrI	169961	1	0.5	59
	chrI	169965	0	1.0	121
	chrI	169974	1	1.0	151
	chrI	169981	0	0.5	128
	chrI	169981	1	1.0	151
	chrI	169981	1	1.0	82
	chrI	169983	0	1.5	136
	chrI	169986	1	0.5	151
	chrI	169993	1	0.5	148
	chrI	169994	0	0.5	133
	chrI	169994	0	2.5	151
	chrI	169994	0	1.0	124
	chrI	169994	1	0.5	151
	chrI	169995	0	0.5	101
	chrI	169996	0	0.5	58
	chrI	170024	1	0.5	151
	chrI	170031	1	0.5	151
	chrI	170036	1	0.5	85
	chrI	170037	1	0.5	94
	chrI	170039	0	1.0	151
	chrI	170040	0	0.5	137
	chrI	170040	0	0.5	103
	chrI	170040	0	0.5	104
	chrI	170040	0	0.5	105
	chrI	170040	1	0.5	105
	chrI	170046	0	0.5	151
	chrI	170054	1	0.5	58
	chrI	170061	1	1.0	114
	chrI	170082	0	1.0	151
	chrI	170082	0	0.5	98
	chrI	170087	1	1.0	121
	chrI	170099	1	0.5	101
	chrI	170102	1	1.0	151
	chrI	170112	1	0.5	128
	chrI	170118	1	1.5	136
	chrI	170119	0	0.5	151
	chrI	170120	0	0.5	151
	chrI	170120	1	1.0	124
	chrI	170122	0	0.5	58
	chrI	170123	0	0.5	151
	chrI	170123	0	0.5	125
	chrI	170126	1	0.5	133
	chrI	170127	0	1.0	151
	chrI	170133	0	0.5	151
	chrI	170136	0	0.5	136
	chrI	170137	0	0.5	151
	chrI	170140	0	0.5	110
	chrI	170143	0	0.5	151
	chrI	170145	1	1.0	151
	chrI	170145	1	0.5	103
	chrI	170146	1	0.5	104
	chrI	170146	1	0.5	105
	chrI	170147	0	1.5	151
	chrI	170151	0	0.5	146
	chrI	170152	0	1.0	151
	chrI	170176	0	0.5	151
	chrI	170176	1	0.5	137
	chrI	170181	1	0.5	58
	chrI	170181	1	0.5	98
	chrI	170196	1	1.0	151
	chrI	170216	0	1.0	110
	chrI	170217	0	1.0	121
	chrI	170217	0	0.5	123
	chrI	170220	0	0.5	151
	chrI	170236	0	1.5	60
	chrI	170249	1	1.5	151
	chrI	170249	1	0.5	125
	chrI	170251	1	0.5	110
	chrI	170252	0	1.0	135
	chrI	170261	0	0.5	151
	chrI	170271	1	0.5	136
	chrI	170273	0	0.5	151
	chrI	170281	1	0.5	151
	chrI	170293	1	1.0	151
	chrI	170296	1	0.5	146
	chrI	170299	1	1.5	60
	chrI	170306	1	2.0	151
	chrI	170308	0	0.5	151
	chrI	170308	1	1.5	151
	chrI	170310	0	0.5	151
	chrI	170318	0	0.5	151
	chrI	170327	1	1.0	151
	chrI	170327	1	1.0	110
	chrI	170331	0	1.0	49
	chrI	170335	1	0.5	151
	chrI	170340	1	0.5	151
	chrI	170340	1	1.0	121
	chrI	170340	1	0.5	123
	chrI	170342	0	0.5	110
	chrI	170347	1	1.0	151
	chrI	170369	0	0.5	151
	chrI	170370	0	0.5	137
	chrI	170371	0	0.5	151
	chrI	170374	0	0.5	151
	chrI	170375	0	0.5	118
	chrI	170379	0	1.0	151
	chrI	170384	1	1.0	49
	chrI	170386	1	1.0	135
	chrI	170393	1	0.5	151
	chrI	170408	1	0.5	151
	chrI	170426	0	1.0	151
	chrI	170430	1	0.5	151
	chrI	170432	1	0.5	151
	chrI	170436	0	0.5	151
	chrI	170450	0	0.5	99
	chrI	170451	0	0.5	151
	chrI	170451	1	0.5	110
	chrI	170452	0	0.5	151
	chrI	170452	0	0.5	112
	chrI	170458	0	0.5	93
	chrI	170460	0	0.5	151
	chrI	170461	1	0.5	151
	chrI	170462	0	1.0	151
	chrI	170466	0	1.0	151
	chrI	170466	0	0.5	68
	chrI	170466	0	0.5	69
	chrI	170468	1	0.5	151
	chrI	170475	1	0.5	151
	chrI	170476	0	0.5	126
	chrI	170477	0	1.0	151
	chrI	170488	0	0.5	151
	chrI	170489	0	2.0	151
	chrI	170495	1	0.5	118
	chrI	170496	0	0.5	151
	chrI	170498	0	0.5	151
	chrI	170506	1	0.5	137
	chrI	170530	1	1.5	151
	chrI	170535	1	0.5	68
	chrI	170535	1	0.5	69
	chrI	170536	0	0.5	85
	chrI	170536	0	0.5	86
	chrI	170536	1	0.5	151
	chrI	170542	0	0.5	151
	chrI	170550	1	0.5	100
	chrI	170552	1	0.5	93
	chrI	170563	1	0.5	110
	chrI	170568	0	0.5	151
	chrI	170598	0	0.5	151
	chrI	170603	1	0.5	126
	chrI	170612	1	0.5	151
	chrI	170617	1	1.0	151
	chrI	170618	1	1.0	151
	chrI	170620	0	1.0	151
	chrI	170622	1	0.5	85
	chrI	170622	1	0.5	86
	chrI	170625	1	1.5	151
	chrI	170635	1	0.5	151
	chrI	170648	1	2.0	151
	chrI	170649	1	1.0	151
	chrI	170650	0	2.5	151
	chrI	170652	0	1.5	151
	chrI	170663	1	0.5	151
	chrI	170669	0	0.5	140
	chrI	170669	1	0.5	151
	chrI	170678	0	0.5	123
	chrI	170697	0	0.5	128
	chrI	170699	1	0.5	151
	chrI	170702	0	0.5	151
	chrI	170720	1	0.5	151
	chrI	170740	1	1.0	151
	chrI	170742	0	0.5	151
	chrI	170744	1	0.5	151
	chrI	170758	0	1.0	97
	chrI	170758	0	1.0	98
	chrI	170772	0	0.5	151
	chrI	170777	0	1.0	147
	chrI	170777	1	1.0	151
	chrI	170794	0	0.5	104
	chrI	170801	0	1.0	119
	chrI	170803	1	0.5	123
	chrI	170808	1	0.5	140
	chrI	170808	1	1.0	151
	chrI	170810	0	0.5	135
	chrI	170814	0	1.0	131
	chrI	170816	1	0.5	151
	chrI	170826	1	0.5	128
	chrI	170828	0	0.5	69
	chrI	170840	1	2.5	151
	chrI	170850	0	1.0	114
	chrI	170856	1	1.0	97
	chrI	170856	1	1.0	98
	chrI	170863	1	0.5	151
	chrI	170873	0	0.5	151
	chrI	170876	0	0.5	148
	chrI	170883	0	0.5	151
	chrI	170885	1	0.5	151
	chrI	170898	1	0.5	69
	chrI	170898	1	0.5	104
	chrI	170900	1	0.5	151
	chrI	170901	0	2.0	151
	chrI	170911	0	0.5	117
	chrI	170912	0	1.0	151
	chrI	170920	1	1.0	119
	chrI	170923	1	1.0	147
	chrI	170938	0	0.5	151
	chrI	170944	1	1.0	131
	chrI	170944	1	0.5	135
	chrI	170948	0	0.5	70
	chrI	170963	0	0.5	137
	chrI	170963	0	0.5	151
	chrI	170967	1	1.0	114
	chrI	170971	0	0.5	127
	chrI	170981	0	0.5	150
	chrI	170981	0	0.5	151
	chrI	170983	0	0.5	137
	chrI	170984	1	0.5	151
	chrI	170991	0	1.5	151
	chrI	171003	0	0.5	113
	chrI	171004	0	1.0	149
	chrI	171014	0	0.5	111
	chrI	171021	1	0.5	70
	chrI	171023	1	0.5	148
	chrI	171029	1	0.5	117
	chrI	171030	0	1.5	102
	chrI	171038	1	1.0	151
	chrI	171042	0	0.5	51
	chrI	171045	0	0.5	112
	chrI	171047	0	0.5	40
	chrI	171047	0	0.5	90
	chrI	171076	0	1.0	151
	chrI	171077	0	0.5	132
	chrI	171078	0	0.5	151
	chrI	171085	1	1.0	151
	chrI	171088	1	1.0	151
	chrI	171088	1	0.5	40
	chrI	171089	1	0.5	151
	chrI	171093	1	0.5	51
	chrI	171094	0	0.5	107
	chrI	171098	0	0.5	151
	chrI	171099	1	0.5	137
	chrI	171101	1	0.5	127
	chrI	171119	0	0.5	151
	chrI	171119	1	0.5	137
	chrI	171119	1	0.5	113
	chrI	171122	1	1.0	151
	chrI	171126	1	0.5	111
	chrI	171130	1	0.5	150
	chrI	171131	0	1.0	114
	chrI	171131	1	0.5	151
	chrI	171133	1	1.5	102
	chrI	171135	0	0.5	98
	chrI	171136	0	0.5	96
	chrI	171139	0	0.5	139
	chrI	171139	1	0.5	90
	chrI	171140	0	0.5	151
	chrI	171145	1	0.5	151
	chrI	171146	0	0.5	119
	chrI	171146	0	1.0	127
	chrI	171150	0	0.5	126
	chrI	171152	0	0.5	62
	chrI	171152	1	1.0	149
	chrI	171158	1	1.5	151
	chrI	171158	1	0.5	112
	chrI	171165	0	0.5	111
	chrI	171167	0	0.5	73
	chrI	171170	0	0.5	66
	chrI	171172	0	0.5	151
	chrI	171173	0	0.5	145
	chrI	171186	0	0.5	151
	chrI	171194	0	0.5	151
	chrI	171203	1	0.5	107
	chrI	171208	1	0.5	132
	chrI	171216	1	0.5	62
	chrI	171233	1	0.5	151
	chrI	171233	1	0.5	96
	chrI	171234	1	0.5	98
	chrI	171236	1	0.5	66
	chrI	171241	1	0.5	73
	chrI	171246	1	1.0	114
	chrI	171260	1	0.5	151
	chrI	171266	1	1.0	151
	chrI	171266	1	0.5	119
	chrI	171268	0	1.5	149
	chrI	171274	1	1.0	127
	chrI	171276	0	0.5	109
	chrI	171276	1	0.5	126
	chrI	171277	0	0.5	59
	chrI	171277	0	1.0	119
	chrI	171277	1	0.5	139
	chrI	171279	1	0.5	111
	chrI	171280	0	2.0	151
	chrI	171280	0	0.5	119
	chrI	171288	0	0.5	79
	chrI	171294	0	0.5	151
	chrI	171297	0	0.5	48
	chrI	171297	0	0.5	99
	chrI	171308	0	0.5	145
	chrI	171317	1	0.5	145
	chrI	171317	1	0.5	151
	chrI	171329	1	0.5	151
	chrI	171332	0	1.0	119
	chrI	171333	0	0.5	151
	chrI	171337	0	0.5	98
	chrI	171337	1	0.5	59
	chrI	171347	1	0.5	48
	chrI	171355	0	0.5	139
	chrI	171361	1	0.5	151
	chrI	171363	0	1.0	151
	chrI	171367	1	0.5	79
	chrI	171369	0	0.5	104
	chrI	171385	1	0.5	109
	chrI	171387	1	0.5	148
	chrI	171397	1	0.5	151
	chrI	171397	1	0.5	99
	chrI	171397	1	1.0	119
	chrI	171400	1	0.5	119
	chrI	171401	0	0.5	151
	chrI	171416	1	1.5	149
	chrI	171431	0	0.5	135
	chrI	171436	1	0.5	98
	chrI	171439	1	1.0	151
	chrI	171440	0	1.0	75
	chrI	171440	1	0.5	151
	chrI	171442	0	0.5	151
	chrI	171452	1	0.5	145
	chrI	171452	1	0.5	151
	chrI	171452	1	1.0	119
	chrI	171453	0	0.5	115
	chrI	171457	0	1.0	151
	chrI	171458	0	0.5	111
	chrI	171459	0	0.5	151
	chrI	171461	1	0.5	151
	chrI	171473	1	0.5	104
	chrI	171477	0	2.0	151
	chrI	171493	1	0.5	139
	chrI	171517	1	1.0	75
	chrI	171518	1	1.0	151
	chrI	171522	1	0.5	151
	chrI	171533	0	1.0	143
	chrI	171552	1	0.5	151
	chrI	171563	0	1.0	151
	chrI	171565	1	0.5	135
	chrI	171571	1	0.5	111
	chrI	171571	1	0.5	115
	chrI	171572	0	0.5	64
	chrI	171597	0	1.0	151
	chrI	171615	0	1.0	151
	chrI	171618	0	0.5	151
	chrI	171627	0	0.5	151
	chrI	171630	1	0.5	151
	chrI	171631	0	0.5	121
	chrI	171633	0	1.0	151
	chrI	171633	1	1.0	151
	chrI	171635	0	1.0	151
	chrI	171640	1	0.5	151
	chrI	171640	1	0.5	64
	chrI	171646	1	1.0	151
	chrI	171649	0	0.5	89
	chrI	171654	0	0.5	128
	chrI	171673	0	0.5	117
	chrI	171675	1	1.0	143
	chrI	171698	0	0.5	85
	chrI	171723	0	0.5	136
	chrI	171728	1	0.5	151
	chrI	171731	0	0.5	50
	chrI	171738	1	0.5	89
	chrI	171753	0	0.5	109
	chrI	171753	1	0.5	121
	chrI	171760	0	0.5	48
	chrI	171763	0	0.5	120
	chrI	171764	0	0.5	148
	chrI	171764	0	1.0	151
	chrI	171767	1	1.0	151
	chrI	171778	1	0.5	151
	chrI	171782	1	0.5	151
	chrI	171782	1	0.5	50
	chrI	171783	0	0.5	69
	chrI	171783	1	0.5	151
	chrI	171784	1	0.5	128
	chrI	171784	1	0.5	151
	chrI	171784	1	0.5	85
	chrI	171785	0	0.5	151
	chrI	171786	0	0.5	146
	chrI	171786	0	0.5	127
	chrI	171790	1	1.0	151
	chrI	171791	1	0.5	117
	chrI	171795	0	0.5	151
	chrI	171799	1	0.5	151
	chrI	171801	1	0.5	151
	chrI	171808	1	0.5	48
	chrI	171816	1	0.5	151
	chrI	171832	0	0.5	151
	chrI	171835	0	0.5	151
	chrI	171836	0	0.5	151
	chrI	171836	0	0.5	82
	chrI	171846	0	0.5	151
	chrI	171847	0	1.0	151
	chrI	171848	0	0.5	151
	chrI	171850	0	0.5	85
	chrI	171855	1	0.5	69
	chrI	171856	0	0.5	92
	chrI	171856	0	0.5	104
	chrI	171858	1	0.5	136
	chrI	171865	1	0.5	109
	chrI	171866	0	0.5	151
	chrI	171866	0	0.5	84
	chrI	171875	0	1.0	70
	chrI	171876	0	0.5	151
	chrI	171879	0	0.5	151
	chrI	171885	1	0.5	120
	chrI	171892	0	1.0	151
	chrI	171901	0	0.5	136
	chrI	171912	1	0.5	127
	chrI	171913	0	0.5	150
	chrI	171913	0	0.5	151
	chrI	171916	0	0.5	78
	chrI	171920	1	0.5	82
	chrI	171925	0	0.5	52
	chrI	171931	1	0.5	146
	chrI	171932	0	0.5	102
	chrI	171933	1	1.5	151
	chrI	171935	1	0.5	150
	chrI	171936	1	0.5	151
	chrI	171937	1	0.5	85
	chrI	171943	0	0.5	89
	chrI	171943	0	0.5	92
	chrI	171946	1	1.0	70
	chrI	171948	1	0.5	92
	chrI	171952	1	0.5	84
	chrI	171954	0	0.5	89
	chrI	171955	0	0.5	76
	chrI	171961	1	0.5	104
	chrI	171963	1	0.5	151
	chrI	171979	0	1.0	91
	chrI	171980	1	0.5	52
	chrI	171990	0	1.0	69
	chrI	171991	0	0.5	151
	chrI	171995	1	0.5	78
	chrI	171997	0	0.5	151
	chrI	172004	0	0.5	151
	chrI	172004	1	0.5	151
	chrI	172007	0	0.5	151
	chrI	172018	0	1.0	151
	chrI	172022	0	1.0	151
	chrI	172025	1	0.5	151
	chrI	172034	1	0.5	151
	chrI	172034	1	0.5	76
	chrI	172035	1	1.0	151
	chrI	172035	1	0.5	102
	chrI	172036	0	1.0	135
	chrI	172036	0	0.5	151
	chrI	172036	1	0.5	136
	chrI	172036	1	1.5	151
	chrI	172036	1	0.5	89
	chrI	172036	1	0.5	92
	chrI	172037	0	1.0	144
	chrI	172037	0	0.5	151
	chrI	172037	0	0.5	99
	chrI	172038	1	0.5	151
	chrI	172039	0	1.5	138
	chrI	172039	0	0.5	140
	chrI	172040	0	0.5	96
	chrI	172041	0	0.5	149
	chrI	172042	1	0.5	149
	chrI	172045	0	1.0	151
	chrI	172045	1	0.5	89
	chrI	172046	0	1.0	133
	chrI	172046	0	0.5	151
	chrI	172047	0	0.5	128
	chrI	172047	0	1.0	133
	chrI	172047	0	1.0	151
	chrI	172048	0	0.5	134
	chrI	172054	0	0.5	151
	chrI	172059	1	0.5	151
	chrI	172060	1	1.0	69
	chrI	172062	0	0.5	59
	chrI	172073	0	0.5	138
	chrI	172073	1	1.0	91
	chrI	172075	1	1.0	151
	chrI	172077	0	0.5	131
	chrI	172078	0	0.5	131
	chrI	172078	0	0.5	151
	chrI	172086	0	0.5	80
	chrI	172093	0	0.5	137
	chrI	172122	1	0.5	59
	chrI	172123	0	0.5	48
	chrI	172128	0	0.5	151
	chrI	172137	1	0.5	96
	chrI	172137	1	0.5	99
	chrI	172154	1	0.5	151
	chrI	172160	0	0.5	50
	chrI	172160	0	1.0	73
	chrI	172160	0	0.5	74
	chrI	172160	0	0.5	87
	chrI	172166	1	0.5	80
	chrI	172167	1	0.5	151
	chrI	172170	1	1.0	135
	chrI	172174	1	0.5	48
	chrI	172176	0	0.5	141
	chrI	172176	1	2.0	138
	chrI	172178	1	0.5	128
	chrI	172178	1	1.0	133
	chrI	172178	1	1.5	151
	chrI	172179	1	1.0	133
	chrI	172179	1	0.5	151
	chrI	172180	1	1.0	144
	chrI	172181	1	0.5	134
	chrI	172183	0	1.0	151
	chrI	172183	0	0.5	102
	chrI	172184	0	0.5	151
	chrI	172185	0	0.5	114
	chrI	172191	1	1.0	151
	chrI	172205	0	1.0	96
	chrI	172206	1	0.5	151
	chrI	172207	1	0.5	131
	chrI	172207	1	0.5	151
	chrI	172208	1	0.5	131
	chrI	172210	1	0.5	138
	chrI	172211	1	0.5	151
	chrI	172211	1	0.5	50
	chrI	172212	0	0.5	145
	chrI	172212	1	1.0	151
	chrI	172213	0	0.5	151
	chrI	172213	1	0.5	151
	chrI	172214	0	0.5	151
	chrI	172214	0	0.5	120
	chrI	172222	0	1.0	151
	chrI	172226	0	1.5	151
	chrI	172228	1	0.5	151
	chrI	172229	1	0.5	137
	chrI	172229	1	1.0	151
	chrI	172230	0	0.5	151
	chrI	172234	1	1.0	73
	chrI	172234	1	0.5	74
	chrI	172248	0	1.0	151
	chrI	172248	1	0.5	87
	chrI	172252	0	1.0	151
	chrI	172252	1	0.5	151
	chrI	172255	1	0.5	151
	chrI	172261	0	1.5	151
	chrI	172261	0	0.5	93
	chrI	172261	0	0.5	104
	chrI	172275	0	0.5	61
	chrI	172275	1	0.5	151
	chrI	172289	1	0.5	102
	chrI	172302	1	1.0	96
	chrI	172303	1	0.5	114
	chrI	172316	1	0.5	141
	chrI	172335	1	0.5	120
	chrI	172336	1	0.5	61
	chrI	172355	1	0.5	93
	chrI	172356	1	0.5	145
	chrI	172356	1	0.5	151
	chrI	172357	0	0.5	150
	chrI	172365	1	0.5	104
	chrI	172366	1	1.0	151
	chrI	172368	0	0.5	142
	chrI	172376	0	1.0	128
	chrI	172376	0	0.5	151
	chrI	172376	1	2.0	151
	chrI	172377	0	1.0	151
	chrI	172377	0	0.5	34
	chrI	172377	0	0.5	58
	chrI	172380	0	0.5	106
	chrI	172380	1	0.5	151
	chrI	172387	0	0.5	131
	chrI	172392	0	0.5	142
	chrI	172394	0	0.5	151
	chrI	172405	1	1.0	151
	chrI	172410	0	0.5	121
	chrI	172414	1	0.5	34
	chrI	172420	0	1.0	151
	chrI	172422	1	1.5	151
	chrI	172423	1	1.0	151
	chrI	172425	1	1.0	151
	chrI	172426	0	0.5	151
	chrI	172427	0	0.5	137
	chrI	172427	0	0.5	108
	chrI	172436	0	0.5	59
	chrI	172437	0	0.5	69
	chrI	172437	1	0.5	58
	chrI	172438	0	1.0	122
	chrI	172441	0	0.5	118
	chrI	172454	1	0.5	151
	chrI	172488	1	0.5	106
	chrI	172496	1	0.5	59
	chrI	172498	0	0.5	76
	chrI	172506	1	1.0	128
	chrI	172506	1	0.5	150
	chrI	172506	1	0.5	69
	chrI	172509	0	0.5	151
	chrI	172509	1	0.5	142
	chrI	172510	0	0.5	151
	chrI	172517	1	0.5	131
	chrI	172533	1	0.5	142
	chrI	172533	1	0.5	151
	chrI	172533	1	0.5	121
	chrI	172534	1	0.5	151
	chrI	172536	1	0.5	151
	chrI	172536	1	0.5	108
	chrI	172537	0	0.5	151
	chrI	172538	0	1.0	151
	chrI	172553	0	0.5	111
	chrI	172558	0	0.5	76
	chrI	172559	1	0.5	118
	chrI	172560	0	1.0	151
	chrI	172562	1	1.0	122
	chrI	172563	1	0.5	137
	chrI	172566	0	0.5	137
	chrI	172566	0	0.5	151
	chrI	172575	0	0.5	151
	chrI	172575	0	0.5	117
	chrI	172575	1	0.5	76
	chrI	172576	0	0.5	94
	chrI	172583	0	0.5	151
	chrI	172592	0	0.5	151
	chrI	172592	0	0.5	109
	chrI	172593	0	1.0	151
	chrI	172596	1	0.5	151
	chrI	172598	1	0.5	151
	chrI	172599	0	1.0	151
	chrI	172600	0	0.5	151
	chrI	172608	1	0.5	151
	chrI	172611	0	0.5	81
	chrI	172620	0	0.5	88
	chrI	172621	1	0.5	151
	chrI	172633	0	1.0	151
	chrI	172637	1	0.5	76
	chrI	172644	1	0.5	151
	chrI	172658	0	0.5	119
	chrI	172665	1	0.5	111
	chrI	172667	0	0.5	151
	chrI	172670	1	0.5	151
	chrI	172671	1	0.5	94
	chrI	172693	1	1.0	151
	chrI	172693	1	0.5	81
	chrI	172693	1	0.5	117
	chrI	172694	0	0.5	151
	chrI	172694	0	0.5	120
	chrI	172700	0	0.5	143
	chrI	172700	0	0.5	151
	chrI	172702	1	0.5	137
	chrI	172702	1	0.5	109
	chrI	172705	0	0.5	78
	chrI	172710	0	1.0	151
	chrI	172710	1	0.5	88
	chrI	172722	1	1.5	151
	chrI	172724	0	0.5	151
	chrI	172734	0	0.5	151
	chrI	172737	0	0.5	103
	chrI	172748	0	1.0	68
	chrI	172748	1	1.0	151
	chrI	172752	1	0.5	151
	chrI	172756	0	0.5	150
	chrI	172756	0	0.5	151
	chrI	172756	1	0.5	151
	chrI	172757	0	0.5	151
	chrI	172759	0	3.0	151
	chrI	172759	1	1.0	151
	chrI	172765	1	0.5	151
	chrI	172766	0	1.0	151
	chrI	172766	1	0.5	151
	chrI	172778	1	0.5	119
	chrI	172783	0	0.5	151
	chrI	172784	1	0.5	78
	chrI	172802	0	1.0	151
	chrI	172804	1	1.0	151
	chrI	172815	1	0.5	120
	chrI	172817	1	1.0	68
	chrI	172820	0	0.5	135
	chrI	172825	0	0.5	142
	chrI	172826	0	0.5	59
	chrI	172830	0	0.5	149
	chrI	172839	1	0.5	103
	chrI	172842	1	0.5	143
	chrI	172847	1	0.5	151
	chrI	172849	0	0.5	151
	chrI	172862	1	0.5	151
	chrI	172873	1	1.0	151
	chrI	172885	0	0.5	73
	chrI	172885	1	1.0	151
	chrI	172886	0	0.5	114
	chrI	172886	1	0.5	59
	chrI	172904	0	2.0	151
	chrI	172905	1	0.5	150
	chrI	172905	1	0.5	151
	chrI	172908	0	0.5	151
	chrI	172913	1	0.5	151
	chrI	172914	0	0.5	151
	chrI	172914	1	1.0	151
	chrI	172918	1	1.5	151
	chrI	172922	1	1.0	151
	chrI	172923	0	1.0	151
	chrI	172927	0	0.5	151
	chrI	172935	1	0.5	151
	chrI	172938	0	0.5	104
	chrI	172954	1	0.5	135
	chrI	172956	0	0.5	128
	chrI	172956	0	0.5	130
	chrI	172956	0	0.5	131
	chrI	172956	0	0.5	151
	chrI	172957	0	0.5	151
	chrI	172959	1	0.5	73
	chrI	172966	1	0.5	142
	chrI	172969	0	1.5	150
	chrI	172978	1	0.5	149
	chrI	172991	0	0.5	151
	chrI	172999	1	0.5	151
	chrI	173000	1	0.5	114
	chrI	173001	1	1.0	150
	chrI	173004	0	1.0	92
	chrI	173015	0	0.5	118
	chrI	173018	0	1.0	140
	chrI	173032	0	1.0	151
	chrI	173038	0	0.5	49
	chrI	173040	0	0.5	143
	chrI	173043	1	0.5	104
	chrI	173048	1	0.5	151
	chrI	173049	0	0.5	65
	chrI	173051	0	1.5	151
	chrI	173054	0	0.5	151
	chrI	173060	0	0.5	120
	chrI	173067	0	0.5	73
	chrI	173068	1	0.5	151
	chrI	173071	0	0.5	147
	chrI	173073	1	0.5	151
	chrI	173081	1	2.0	151
	chrI	173084	0	0.5	91
	chrI	173085	1	0.5	128
	chrI	173085	1	0.5	130
	chrI	173085	1	1.0	151
	chrI	173086	1	0.5	131
	chrI	173087	1	0.5	49
	chrI	173096	1	0.5	151
	chrI	173098	1	1.0	151
	chrI	173099	1	0.5	151
	chrI	173099	1	1.0	92
	chrI	173103	0	0.5	114
	chrI	173116	0	0.5	151
	chrI	173117	1	0.5	65
	chrI	173118	1	1.5	150
	chrI	173119	0	0.5	151
	chrI	173119	1	0.5	151
	chrI	173122	0	0.5	82
	chrI	173128	1	0.5	151
	chrI	173133	0	0.5	92
	chrI	173134	0	1.0	45
	chrI	173135	1	0.5	118
	chrI	173143	1	0.5	73
	chrI	173148	1	0.5	151
	chrI	173157	1	1.0	140
	chrI	173166	0	0.5	151
	chrI	173166	0	0.5	107
	chrI	173174	0	0.5	102
	chrI	173176	1	0.5	91
	chrI	173181	1	1.0	45
	chrI	173182	0	0.5	111
	chrI	173182	1	0.5	143
	chrI	173182	1	0.5	120
	chrI	173189	0	0.5	151
	chrI	173192	1	1.0	151
	chrI	173193	0	0.5	151
	chrI	173196	0	0.5	95
	chrI	173204	1	0.5	82
	chrI	173217	1	0.5	147
	chrI	173217	1	1.5	151
	chrI	173219	1	0.5	114
	chrI	173220	1	0.5	151
	chrI	173221	0	0.5	151
	chrI	173225	1	0.5	92
	chrI	173241	0	0.5	151
	chrI	173261	0	0.5	151
	chrI	173274	1	0.5	107
	chrI	173275	1	0.5	151
	chrI	173276	1	0.5	102
	chrI	173290	0	0.5	151
	chrI	173292	1	0.5	95
	chrI	173293	1	0.5	111
	chrI	173295	0	0.5	151
	chrI	173300	1	0.5	151
	chrI	173306	0	0.5	141
	chrI	173321	1	0.5	151
	chrI	173322	0	0.5	151
	chrI	173328	0	0.5	151
	chrI	173330	0	0.5	151
	chrI	173336	0	0.5	151
	chrI	173353	1	0.5	151
	chrI	173361	1	0.5	151
	chrI	173367	0	0.5	122
	chrI	173369	0	1.0	134
	chrI	173388	0	1.0	128
	chrI	173407	0	0.5	98
	chrI	173407	1	0.5	151
	chrI	173418	0	0.5	151
	chrI	173418	1	0.5	151
	chrI	173421	0	0.5	113
	chrI	173428	0	0.5	151
	chrI	173428	0	0.5	96
	chrI	173431	0	0.5	151
	chrI	173438	0	0.5	124
	chrI	173446	1	0.5	141
	chrI	173456	1	0.5	151
	chrI	173472	1	0.5	151
	chrI	173482	1	0.5	151
	chrI	173485	0	0.5	151
	chrI	173485	0	0.5	113
	chrI	173489	1	0.5	151
	chrI	173491	1	0.5	151
	chrI	173492	1	0.5	122
	chrI	173496	1	0.5	151
	chrI	173502	1	1.0	134
	chrI	173503	0	0.5	151
	chrI	173506	1	0.5	98
	chrI	173519	1	1.0	128
	chrI	173524	1	0.5	96
	chrI	173526	0	0.5	151
	chrI	173535	1	0.5	113
	chrI	173539	1	0.5	151
	chrI	173551	0	0.5	151
	chrI	173563	1	0.5	124
	chrI	173581	1	0.5	151
	chrI	173588	1	0.5	150
	chrI	173591	0	1.0	151
	chrI	173599	1	0.5	113
	chrI	173601	0	0.5	151
	chrI	173603	0	1.5	151
	chrI	173613	0	0.5	128
	chrI	173636	1	0.5	151
	chrI	173638	0	0.5	151
	chrI	173659	0	1.0	151
	chrI	173660	0	0.5	122
	chrI	173685	1	0.5	151
	chrI	173703	1	0.5	151
	chrI	173706	0	0.5	151
	chrI	173728	0	0.5	105
	chrI	173743	1	0.5	128
	chrI	173757	0	0.5	151
	chrI	173757	1	0.5	151
	chrI	173765	1	2.0	151
	chrI	173766	1	0.5	151
	chrI	173767	0	1.0	147
	chrI	173777	0	0.5	151
	chrI	173777	1	0.5	151
	chrI	173783	1	0.5	122
	chrI	173785	0	0.5	142
	chrI	173785	0	0.5	151
	chrI	173823	1	0.5	151
	chrI	173834	1	0.5	105
	chrI	173837	1	1.0	151
	chrI	173856	0	0.5	97
	chrI	173868	0	0.5	51
	chrI	173884	0	0.5	151
	chrI	173891	1	0.5	151
	chrI	173893	0	0.5	151
	chrI	173898	0	0.5	151
	chrI	173913	1	1.0	147
	chrI	173914	0	0.5	137
	chrI	173918	0	0.5	151
	chrI	173921	1	0.5	51
	chrI	173926	1	0.5	142
	chrI	173935	0	0.5	77
	chrI	173939	0	1.0	151
	chrI	173939	1	0.5	151
	chrI	173945	0	0.5	87
	chrI	173948	1	0.5	151
	chrI	173951	0	0.5	140
	chrI	173953	1	0.5	97
	chrI	173958	0	0.5	116
	chrI	173962	0	0.5	151
	chrI	173962	1	0.5	151
	chrI	173973	0	0.5	95
	chrI	174004	0	1.0	151
	chrI	174005	0	0.5	111
	chrI	174005	0	0.5	114
	chrI	174013	1	0.5	77
	chrI	174032	0	0.5	151
	chrI	174032	1	0.5	87
	chrI	174033	1	0.5	150
	chrI	174036	0	1.0	151
	chrI	174048	0	0.5	151
	chrI	174050	1	0.5	137
	chrI	174051	0	1.0	151
	chrI	174055	0	0.5	151
	chrI	174057	1	0.5	151
	chrI	174058	1	0.5	151
	chrI	174061	0	0.5	68
	chrI	174064	0	0.5	151
	chrI	174069	1	0.5	95
	chrI	174074	1	0.5	116
	chrI	174090	1	0.5	140
	chrI	174093	1	1.0	151
	chrI	174094	1	0.5	151
	chrI	174095	0	0.5	59
	chrI	174103	0	0.5	86
	chrI	174119	1	0.5	111
	chrI	174119	1	0.5	114
	chrI	174131	1	0.5	151
	chrI	174131	1	0.5	68
	chrI	174138	0	1.0	151
	chrI	174150	0	0.5	60
	chrI	174157	1	1.0	151
	chrI	174158	1	0.5	59
	chrI	174169	0	0.5	47
	chrI	174188	0	0.5	68
	chrI	174189	1	0.5	86
	chrI	174191	1	1.5	151
	chrI	174192	0	0.5	140
	chrI	174192	0	1.0	151
	chrI	174203	0	1.5	151
	chrI	174205	1	0.5	151
	chrI	174206	0	0.5	97
	chrI	174212	1	0.5	151
	chrI	174213	0	1.5	151
	chrI	174213	1	1.0	151
	chrI	174214	0	1.0	151
	chrI	174214	1	0.5	60
	chrI	174217	1	0.5	47
	chrI	174218	0	1.5	151
	chrI	174218	0	0.5	119
	chrI	174219	0	0.5	148
	chrI	174219	0	0.5	151
	chrI	174228	0	0.5	66
	chrI	174235	0	0.5	80
	chrI	174244	0	0.5	57
	chrI	174244	0	0.5	97
	chrI	174244	0	0.5	98
	chrI	174247	1	0.5	151
	chrI	174248	0	0.5	151
	chrI	174255	0	0.5	127
	chrI	174257	0	0.5	151
	chrI	174257	1	0.5	68
	chrI	174276	0	1.0	151
	chrI	174294	1	0.5	66
	chrI	174300	0	1.0	95
	chrI	174301	0	0.5	136
	chrI	174302	1	0.5	57
	chrI	174304	1	0.5	97
	chrI	174307	1	0.5	151
	chrI	174316	1	0.5	80
	chrI	174338	1	0.5	119
	chrI	174341	1	0.5	97
	chrI	174341	1	0.5	98
	chrI	174363	1	0.5	151
	chrI	174366	1	0.5	148
	chrI	174366	1	1.0	151
	chrI	174367	0	0.5	151
	chrI	174375	1	0.5	140
	chrI	174377	1	1.5	151
	chrI	174378	1	0.5	151
	chrI	174382	1	2.5	151
	chrI	174382	1	0.5	127
	chrI	174384	1	0.5	151
	chrI	174385	0	1.0	151
	chrI	174386	0	0.5	120
	chrI	174389	0	0.5	75
	chrI	174390	0	0.5	151
	chrI	174390	0	2.0	96
	chrI	174395	1	1.0	95
	chrI	174397	1	0.5	151
	chrI	174401	1	1.0	151
	chrI	174402	0	0.5	151
	chrI	174402	0	0.5	119
	chrI	174408	1	0.5	151
	chrI	174433	1	0.5	151
	chrI	174434	0	1.5	58
	chrI	174434	0	0.5	105
	chrI	174436	1	0.5	136
	chrI	174438	0	0.5	151
	chrI	174453	1	1.0	151
	chrI	174457	0	0.5	151
	chrI	174463	0	1.0	145
	chrI	174467	1	0.5	75
	chrI	174482	0	0.5	133
	chrI	174487	1	2.0	96
	chrI	174494	1	1.5	58
	chrI	174510	1	0.5	120
	chrI	174524	1	0.5	151
	chrI	174524	1	0.5	119
	chrI	174525	0	1.0	151
	chrI	174531	0	0.5	118
	chrI	174541	1	0.5	105
	chrI	174547	1	1.0	151
	chrI	174548	0	1.0	151
	chrI	174550	1	0.5	151
	chrI	174559	0	0.5	151
	chrI	174561	1	0.5	151
	chrI	174607	1	1.0	145
	chrI	174607	1	0.5	151
	chrI	174614	1	0.5	133
	chrI	174627	0	1.0	151
	chrI	174627	0	1.0	87
	chrI	174632	0	0.5	57
	chrI	174645	0	0.5	151
	chrI	174650	1	0.5	118
	chrI	174659	1	0.5	151
	chrI	174668	0	1.0	151
	chrI	174674	0	0.5	151
	chrI	174675	0	0.5	151
	chrI	174682	0	0.5	116
	chrI	174689	1	0.5	55
	chrI	174703	0	0.5	151
	chrI	174703	0	0.5	111
	chrI	174703	0	0.5	112
	chrI	174703	1	1.5	151
	chrI	174705	0	0.5	151
	chrI	174708	1	0.5	151
	chrI	174716	1	1.0	87
	chrI	174718	0	0.5	118
	chrI	174719	1	0.5	151
	chrI	174725	0	0.5	147
	chrI	174725	0	0.5	151
	chrI	174727	0	0.5	151
	chrI	174744	0	0.5	151
	chrI	174752	0	0.5	151
	chrI	174756	0	0.5	50
	chrI	174760	0	0.5	54
	chrI	174776	0	0.5	78
	chrI	174786	0	0.5	95
	chrI	174799	1	0.5	116
	chrI	174809	1	0.5	50
	chrI	174815	1	0.5	54
	chrI	174816	0	0.5	71
	chrI	174816	1	0.5	111
	chrI	174816	1	0.5	112
	chrI	174824	1	1.0	151
	chrI	174825	1	0.5	151
	chrI	174837	0	1.5	151
	chrI	174838	1	0.5	118
	chrI	174844	0	0.5	64
	chrI	174850	0	1.0	151
	chrI	174851	1	1.0	151
	chrI	174852	1	0.5	151
	chrI	174853	0	1.5	151
	chrI	174855	1	0.5	78
	chrI	174859	0	1.5	139
	chrI	174859	0	0.5	151
	chrI	174862	1	0.5	151
	chrI	174866	0	1.0	151
	chrI	174869	0	0.5	150
	chrI	174869	1	1.0	151
	chrI	174870	0	0.5	151
	chrI	174871	0	0.5	151
	chrI	174871	1	0.5	147
	chrI	174879	1	0.5	151
	chrI	174882	1	0.5	95
	chrI	174884	1	0.5	151
	chrI	174886	0	0.5	134
	chrI	174886	0	0.5	151
	chrI	174890	1	0.5	71
	chrI	174891	0	1.0	151
	chrI	174892	0	0.5	151
	chrI	174893	0	0.5	151
	chrI	174895	0	1.0	136
	chrI	174899	0	1.0	114
	chrI	174899	1	0.5	151
	chrI	174901	0	0.5	101
	chrI	174907	1	0.5	151
	chrI	174908	1	0.5	64
	chrI	174913	0	0.5	54
	chrI	174915	0	1.0	96
	chrI	174937	0	0.5	91
	chrI	174940	0	0.5	151
	chrI	174968	1	0.5	54
	chrI	174978	0	0.5	137
	chrI	174997	1	1.5	139
	chrI	175003	1	1.5	151
	chrI	175003	1	0.5	101
	chrI	175007	0	0.5	151
	chrI	175013	1	1.5	151
	chrI	175014	1	1.0	114
	chrI	175015	0	1.0	122
	chrI	175015	1	1.0	96
	chrI	175018	1	0.5	150
	chrI	175019	1	0.5	134
	chrI	175020	0	0.5	150
	chrI	175022	0	0.5	39
	chrI	175029	0	0.5	151
	chrI	175029	1	2.0	151
	chrI	175029	1	0.5	91
	chrI	175030	0	0.5	151
	chrI	175030	1	1.0	136
	chrI	175031	0	2.5	151
	chrI	175033	1	0.5	151
	chrI	175042	0	0.5	151
	chrI	175045	0	0.5	151
	chrI	175056	0	0.5	135
	chrI	175057	0	0.5	140
	chrI	175062	1	2.0	151
	chrI	175062	1	0.5	39
	chrI	175065	0	1.5	140
	chrI	175065	0	1.5	150
	chrI	175065	0	1.0	151
	chrI	175068	1	0.5	151
	chrI	175074	0	0.5	93
	chrI	175077	0	1.0	151
	chrI	175104	1	0.5	151
	chrI	175114	1	0.5	137
	chrI	175138	1	1.0	122
	chrI	175141	0	1.5	151
	chrI	175153	0	0.5	151
	chrI	175167	1	0.5	93
	chrI	175168	0	1.0	147
	chrI	175169	0	1.0	46
	chrI	175170	0	1.5	151
	chrI	175184	1	0.5	151
	chrI	175185	0	0.5	119
	chrI	175190	1	0.5	135
	chrI	175198	1	0.5	151
	chrI	175199	1	0.5	151
	chrI	175201	1	1.5	151
	chrI	175202	0	0.5	140
	chrI	175204	1	2.0	140
	chrI	175207	1	0.5	151
	chrI	175210	1	1.5	151
	chrI	175211	0	0.5	66
	chrI	175214	1	1.5	150
	chrI	175215	1	0.5	151
	chrI	175216	0	0.5	151
	chrI	175216	1	0.5	151
	chrI	175216	1	1.0	46
	chrI	175217	0	0.5	68
	chrI	175217	1	0.5	151
	chrI	175233	0	0.5	110
	chrI	175235	1	0.5	151
	chrI	175236	0	1.0	132
	chrI	175237	0	0.5	54
	chrI	175237	0	1.0	65
	chrI	175238	0	0.5	104
	chrI	175244	0	0.5	30
	chrI	175245	0	0.5	151
	chrI	175246	0	0.5	114
	chrI	175253	0	0.5	151
	chrI	175257	0	0.5	151
	chrI	175258	0	0.5	151
	chrI	175262	0	0.5	142
	chrI	175265	0	0.5	151
	chrI	175270	0	0.5	140
	chrI	175270	0	1.0	88
	chrI	175270	0	0.5	93
	chrI	175275	1	0.5	30
	chrI	175278	1	0.5	66
	chrI	175280	1	1.0	151
	chrI	175284	0	0.5	151
	chrI	175286	1	0.5	68
	chrI	175290	0	0.5	107
	chrI	175292	0	0.5	136
	chrI	175292	1	0.5	54
	chrI	175293	0	0.5	151
	chrI	175294	0	0.5	151
	chrI	175302	1	0.5	151
	chrI	175303	1	1.0	65
	chrI	175303	1	0.5	119
	chrI	175314	1	1.0	147
	chrI	175316	0	0.5	84
	chrI	175322	0	0.5	151
	chrI	175322	1	1.5	151
	chrI	175329	0	0.5	145
	chrI	175341	1	0.5	140
	chrI	175342	1	0.5	104
	chrI	175344	1	0.5	151
	chrI	175344	1	0.5	110
	chrI	175356	1	0.5	151
	chrI	175359	1	1.0	88
	chrI	175361	1	0.5	114
	chrI	175364	1	0.5	93
	chrI	175367	1	1.0	132
	chrI	175369	0	0.5	137
	chrI	175384	0	0.5	151
	chrI	175395	0	1.0	142
	chrI	175398	1	0.5	107
	chrI	175401	1	0.5	84
	chrI	175403	0	0.5	151
	chrI	175403	1	0.5	142
	chrI	175409	1	0.5	140
	chrI	175409	1	1.0	151
	chrI	175417	0	0.5	151
	chrI	175427	1	0.5	136
	chrI	175427	1	1.5	151
	chrI	175431	0	1.0	151
	chrI	175434	0	0.5	118
	chrI	175446	1	1.0	151
	chrI	175447	0	0.5	145
	chrI	175447	1	0.5	151
	chrI	175453	1	0.5	151
	chrI	175454	0	1.0	137
	chrI	175454	0	0.5	147
	chrI	175454	0	0.5	47
	chrI	175454	1	0.5	151
	chrI	175473	1	0.5	145
	chrI	175473	1	0.5	151
	chrI	175475	0	2.0	151
	chrI	175477	0	0.5	128
	chrI	175490	1	0.5	151
	chrI	175502	1	0.5	47
	chrI	175529	1	0.5	137
	chrI	175536	1	1.0	142
	chrI	175537	0	0.5	67
	chrI	175549	0	1.0	98
	chrI	175553	0	0.5	94
	chrI	175556	1	0.5	118
	chrI	175561	0	0.5	85
	chrI	175562	1	0.5	151
	chrI	175571	0	0.5	151
	chrI	175577	0	0.5	116
	chrI	175586	1	0.5	151
	chrI	175590	0	0.5	132
	chrI	175590	1	1.0	137
	chrI	175590	1	1.0	151
	chrI	175591	0	1.0	151
	chrI	175591	1	0.5	145
	chrI	175592	0	0.5	151
	chrI	175592	0	0.5	54
	chrI	175596	0	1.0	151
	chrI	175597	0	1.0	151
	chrI	175600	1	0.5	147
	chrI	175605	1	0.5	67
	chrI	175606	1	0.5	128
	chrI	175609	0	2.0	151
	chrI	175612	0	1.0	151
	chrI	175613	0	0.5	151
	chrI	175615	0	1.0	151
	chrI	175617	0	0.5	99
	chrI	175639	0	0.5	133
	chrI	175639	1	2.0	151
	chrI	175647	0	0.5	115
	chrI	175647	1	0.5	85
	chrI	175648	1	0.5	94
	chrI	175648	1	1.0	98
	chrI	175649	1	0.5	54
	chrI	175652	0	0.5	104
	chrI	175693	1	0.5	116
	chrI	175718	1	0.5	99
	chrI	175721	1	0.5	132
	chrI	175739	0	0.5	151
	chrI	175745	1	0.5	151
	chrI	175746	0	0.5	136
	chrI	175747	0	1.0	119
	chrI	175749	1	1.0	151
	chrI	175750	0	0.5	74
	chrI	175755	1	0.5	151
	chrI	175757	1	0.5	104
	chrI	175759	0	0.5	62
	chrI	175763	1	0.5	115
	chrI	175764	1	1.0	151
	chrI	175766	0	1.0	151
	chrI	175769	1	1.0	151
	chrI	175771	1	0.5	133
	chrI	175771	1	2.5	151
	chrI	175774	0	1.5	151
	chrI	175776	1	2.0	151
	chrI	175782	0	2.0	151
	chrI	175788	0	1.0	75
	chrI	175789	0	0.5	151
	chrI	175802	0	0.5	93
	chrI	175806	0	1.0	133
	chrI	175806	0	0.5	78
	chrI	175807	0	1.0	150
	chrI	175822	1	0.5	62
	chrI	175826	1	0.5	74
	chrI	175839	0	0.5	100
	chrI	175848	0	0.5	139
	chrI	175858	0	0.5	45
	chrI	175863	1	1.0	75
	chrI	175868	1	1.0	119
	chrI	175881	1	0.5	136
	chrI	175886	1	0.5	78
	chrI	175896	1	0.5	93
	chrI	175900	1	0.5	151
	chrI	175905	1	0.5	45
	chrI	175913	0	0.5	151
	chrI	175922	0	0.5	148
	chrI	175923	1	1.0	151
	chrI	175926	0	0.5	151
	chrI	175932	1	1.0	151
	chrI	175933	1	0.5	151
	chrI	175938	1	1.0	133
	chrI	175938	1	0.5	151
	chrI	175939	0	0.5	151
	chrI	175939	1	0.5	100
	chrI	175940	1	1.0	151
	chrI	175942	0	1.0	143
	chrI	175942	0	1.0	149
	chrI	175942	0	1.5	151
	chrI	175942	0	0.5	120
	chrI	175949	1	0.5	151
	chrI	175956	1	1.0	150
	chrI	175963	0	0.5	91
	chrI	175963	0	0.5	93
	chrI	175964	0	0.5	151
	chrI	175986	1	0.5	139
	chrI	175993	0	0.5	95
	chrI	176002	0	1.0	39
	chrI	176042	1	1.0	39
	chrI	176047	0	0.5	151
	chrI	176049	0	1.0	151
	chrI	176055	1	0.5	91
	chrI	176055	1	0.5	93
	chrI	176057	0	0.5	151
	chrI	176062	0	0.5	151
	chrI	176062	0	0.5	85
	chrI	176065	0	1.0	133
	chrI	176066	1	0.5	120
	chrI	176067	1	0.5	151
	chrI	176068	0	2.0	151
	chrI	176069	1	0.5	148
	chrI	176070	0	2.0	151
	chrI	176075	0	1.5	151
	chrI	176077	0	0.5	144
	chrI	176084	1	1.0	143
	chrI	176084	1	0.5	151
	chrI	176090	1	1.0	149
	chrI	176093	1	0.5	95
	chrI	176094	0	0.5	151
	chrI	176097	0	0.5	126
	chrI	176101	1	0.5	151
	chrI	176108	0	0.5	138
	chrI	176109	0	0.5	79
	chrI	176113	0	0.5	104
	chrI	176113	1	0.5	151
	chrI	176135	1	0.5	151
	chrI	176144	1	1.0	151
	chrI	176150	1	0.5	85
	chrI	176153	0	0.5	86
	chrI	176168	0	1.0	90
	chrI	176168	0	0.5	91
	chrI	176170	0	0.5	112
	chrI	176190	1	0.5	79
	chrI	176197	1	1.0	133
	chrI	176205	0	1.0	151
	chrI	176210	0	0.5	56
	chrI	176213	1	0.5	151
	chrI	176220	1	0.5	144
	chrI	176220	1	2.0	151
	chrI	176220	1	0.5	104
	chrI	176223	0	0.5	138
	chrI	176225	1	0.5	126
	chrI	176226	0	0.5	132
	chrI	176228	0	1.0	151
	chrI	176229	0	0.5	56
	chrI	176231	0	0.5	93
	chrI	176233	0	1.0	151
	chrI	176240	0	0.5	90
	chrI	176240	0	0.5	102
	chrI	176240	1	0.5	86
	chrI	176244	1	2.0	151
	chrI	176245	1	0.5	138
	chrI	176249	1	1.5	151
	chrI	176250	1	1.5	151
	chrI	176251	0	1.5	151
	chrI	176251	1	0.5	151
	chrI	176258	1	0.5	151
	chrI	176259	1	1.0	90
	chrI	176259	1	0.5	91
	chrI	176267	1	0.5	56
	chrI	176270	0	0.5	140
	chrI	176270	0	0.5	151
	chrI	176270	0	0.5	114
	chrI	176272	1	1.0	151
	chrI	176273	0	0.5	151
	chrI	176282	1	0.5	112
	chrI	176285	1	0.5	56
	chrI	176289	0	0.5	151
	chrI	176292	0	0.5	151
	chrI	176322	0	0.5	151
	chrI	176323	0	0.5	151
	chrI	176328	1	0.5	93
	chrI	176329	1	0.5	90
	chrI	176332	0	1.0	136
	chrI	176333	0	0.5	151
	chrI	176334	0	0.5	151
	chrI	176335	0	0.5	151
	chrI	176335	0	1.0	60
	chrI	176336	0	0.5	87
	chrI	176341	1	0.5	102
	chrI	176343	0	1.0	151
	chrI	176346	0	0.5	151
	chrI	176346	0	0.5	56
	chrI	176357	1	0.5	132
	chrI	176357	1	1.0	151
	chrI	176360	1	0.5	138
	chrI	176376	0	0.5	81
	chrI	176385	1	1.0	151
	chrI	176385	1	0.5	114
	chrI	176397	0	0.5	50
	chrI	176398	1	1.0	60
	chrI	176399	0	0.5	127
	chrI	176405	1	0.5	56
	chrI	176407	0	0.5	151
	chrI	176409	1	0.5	140
	chrI	176424	1	0.5	87
	chrI	176427	0	1.0	119
	chrI	176436	1	0.5	151
	chrI	176444	0	0.5	67
	chrI	176445	0	0.5	112
	chrI	176445	0	0.5	124
	chrI	176448	1	0.5	50
	chrI	176449	1	0.5	151
	chrI	176456	0	0.5	80
	chrI	176458	1	0.5	81
	chrI	176467	1	1.0	136
	chrI	176467	1	0.5	151
	chrI	176469	0	0.5	151
	chrI	176473	1	0.5	151
	chrI	176477	0	0.5	102
	chrI	176480	1	0.5	151
	chrI	176485	1	0.5	151
	chrI	176487	0	1.5	151
	chrI	176491	1	1.0	139
	chrI	176492	1	1.0	151
	chrI	176494	1	0.5	151
	chrI	176496	1	1.5	151
	chrI	176500	1	1.0	151
	chrI	176503	1	0.5	151
	chrI	176506	0	0.5	72
	chrI	176509	0	0.5	132
	chrI	176509	0	0.5	134
	chrI	176511	0	1.0	72
	chrI	176512	0	0.5	151
	chrI	176512	1	0.5	67
	chrI	176517	0	1.0	151
	chrI	176531	0	0.5	151
	chrI	176531	1	0.5	127
	chrI	176532	0	0.5	151
	chrI	176535	1	0.5	80
	chrI	176537	0	0.5	144
	chrI	176537	0	1.0	151
	chrI	176547	1	1.0	119
	chrI	176552	0	0.5	69
	chrI	176559	1	0.5	112
	chrI	176562	0	0.5	124
	chrI	176562	0	0.5	127
	chrI	176567	0	0.5	116
	chrI	176571	1	0.5	124
	chrI	176572	1	0.5	151
	chrI	176575	0	1.0	151
	chrI	176578	1	0.5	101
	chrI	176579	1	0.5	72
	chrI	176586	1	1.0	72
	chrI	176621	1	0.5	69
	chrI	176642	1	1.0	134
	chrI	176643	1	2.0	151
	chrI	176644	0	0.5	42
	chrI	176645	0	1.5	151
	chrI	176648	0	1.0	151
	chrI	176666	1	0.5	151
	chrI	176667	0	0.5	131
	chrI	176667	0	0.5	151
	chrI	176669	0	0.5	151
	chrI	176682	1	0.5	116
	chrI	176683	0	0.5	138
	chrI	176687	1	0.5	42
	chrI	176688	1	0.5	151
	chrI	176688	1	0.5	124
	chrI	176688	1	0.5	127
	chrI	176689	0	0.5	151
	chrI	176689	0	0.5	121
	chrI	176689	0	0.5	127
	chrI	176693	0	0.5	151
	chrI	176696	0	0.5	151
	chrI	176696	1	0.5	151
	chrI	176697	1	0.5	151
	chrI	176701	1	0.5	151
	chrI	176702	1	0.5	151
	chrI	176712	0	0.5	133
	chrI	176739	0	0.5	151
	chrI	176753	1	0.5	151
	chrI	176755	0	0.5	148
	chrI	176759	1	1.0	151
	chrI	176764	0	0.5	71
	chrI	176772	0	0.5	131
	chrI	176772	0	0.5	151
	chrI	176775	0	1.0	104
	chrI	176778	0	1.0	86
	chrI	176783	0	0.5	117
	chrI	176797	1	0.5	131
	chrI	176810	1	0.5	121
	chrI	176811	1	1.5	151
	chrI	176820	1	0.5	138
	chrI	176820	1	0.5	151
	chrI	176820	1	0.5	127
	chrI	176831	1	0.5	151
	chrI	176835	1	0.5	71
	chrI	176840	1	1.0	151
	chrI	176844	1	0.5	133
	chrI	176844	1	0.5	151
	chrI	176846	0	0.5	146
	chrI	176857	0	0.5	131
	chrI	176857	1	0.5	151
	chrI	176858	0	2.0	151
	chrI	176858	0	0.5	60
	chrI	176865	1	1.0	86
	chrI	176870	1	0.5	151
	chrI	176872	0	1.0	151
	chrI	176872	1	0.5	151
	chrI	176879	1	1.0	104
	chrI	176901	1	0.5	117
	chrI	176902	0	1.0	151
	chrI	176902	1	0.5	131
	chrI	176902	1	0.5	148
	chrI	176903	0	0.5	78
	chrI	176908	0	0.5	151
	chrI	176911	0	0.5	150
	chrI	176911	0	0.5	151
	chrI	176914	0	0.5	151
	chrI	176921	1	0.5	60
	chrI	176946	0	1.0	151
	chrI	176947	0	1.0	151
	chrI	176947	1	0.5	151
	chrI	176982	1	0.5	78
	chrI	176987	1	0.5	131
	chrI	176988	0	0.5	143
	chrI	176991	1	0.5	146
	chrI	177018	0	0.5	151
	chrI	177022	1	1.0	151
	chrI	177024	0	0.5	138
	chrI	177026	1	2.0	151
	chrI	177027	1	0.5	151
	chrI	177029	0	0.5	151
	chrI	177033	0	0.5	90
	chrI	177062	0	1.5	151
	chrI	177062	1	0.5	151
	chrI	177063	0	0.5	151
	chrI	177064	0	1.0	151
	chrI	177070	1	1.0	151
	chrI	177073	1	1.0	151
	chrI	177080	0	0.5	107
	chrI	177082	0	0.5	90
	chrI	177088	0	0.5	151
	chrI	177091	0	0.5	99
	chrI	177094	0	0.5	151
	chrI	177101	1	1.0	151
	chrI	177105	1	1.5	151
	chrI	177115	0	0.5	139
	chrI	177122	0	1.0	151
	chrI	177124	0	1.0	151
	chrI	177124	1	0.5	90
	chrI	177125	0	1.0	147
	chrI	177125	0	0.5	151
	chrI	177128	0	1.0	151
	chrI	177130	0	0.5	144
	chrI	177130	1	0.5	143
	chrI	177131	0	1.0	151
	chrI	177132	0	1.5	67
	chrI	177135	0	0.5	151
	chrI	177140	0	2.5	151
	chrI	177161	1	0.5	138
	chrI	177162	0	1.0	151
	chrI	177171	0	0.5	151
	chrI	177171	0	0.5	46
	chrI	177171	0	0.5	99
	chrI	177175	1	0.5	90
	chrI	177186	1	0.5	107
	chrI	177190	1	0.5	99
	chrI	177191	0	0.5	151
	chrI	177193	1	0.5	151
	chrI	177194	0	0.5	151
	chrI	177199	0	1.0	151
	chrI	177201	1	1.5	67
	chrI	177212	0	0.5	151
	chrI	177219	0	1.0	151
	chrI	177219	1	0.5	151
	chrI	177219	1	0.5	46
	chrI	177226	1	1.5	151
	chrI	177233	1	0.5	151
	chrI	177234	1	0.5	151
	chrI	177235	0	0.5	151
	chrI	177252	1	0.5	151
	chrI	177253	1	0.5	139
	chrI	177263	1	0.5	151
	chrI	177271	1	1.0	147
	chrI	177271	1	0.5	99
	chrI	177273	0	0.5	151
	chrI	177273	1	0.5	144
	chrI	177273	1	1.0	151
	chrI	177274	0	0.5	151
	chrI	177274	0	0.5	74
	chrI	177282	0	1.0	70
	chrI	177284	1	0.5	151
	chrI	177286	0	0.5	151
	chrI	177298	0	1.0	151
	chrI	177305	1	1.5	151
	chrI	177306	0	0.5	151
	chrI	177306	1	3.5	151
	chrI	177314	1	1.0	151
	chrI	177316	0	1.0	151
	chrI	177321	0	1.0	151
	chrI	177336	0	1.0	151
	chrI	177348	1	1.0	151
	chrI	177350	1	1.5	151
	chrI	177350	1	0.5	74
	chrI	177351	0	0.5	123
	chrI	177353	1	1.0	70
	chrI	177362	0	1.0	148
	chrI	177369	1	1.0	151
	chrI	177370	0	0.5	62
	chrI	177376	0	0.5	64
	chrI	177377	1	0.5	151
	chrI	177379	1	0.5	151
	chrI	177382	0	0.5	149
	chrI	177394	1	0.5	151
	chrI	177397	1	1.0	151
	chrI	177418	0	0.5	151
	chrI	177418	0	0.5	60
	chrI	177433	1	0.5	151
	chrI	177433	1	0.5	62
	chrI	177434	0	0.5	151
	chrI	177434	0	0.5	32
	chrI	177440	1	0.5	151
	chrI	177441	1	0.5	64
	chrI	177448	1	1.5	151
	chrI	177452	0	0.5	61
	chrI	177455	0	0.5	135
	chrI	177460	0	1.0	151
	chrI	177468	1	0.5	32
	chrI	177475	1	0.5	123
	chrI	177479	0	0.5	47
	chrI	177479	1	0.5	60
	chrI	177482	1	0.5	151
	chrI	177486	1	1.0	151
	chrI	177491	1	1.5	151
	chrI	177497	0	0.5	151
	chrI	177509	1	1.0	148
	chrI	177511	0	0.5	145
	chrI	177511	0	1.5	151
	chrI	177513	0	0.5	151
	chrI	177513	1	0.5	61
	chrI	177515	0	0.5	144
	chrI	177519	0	0.5	104
	chrI	177525	0	0.5	134
	chrI	177527	1	0.5	47
	chrI	177530	1	0.5	149
	chrI	177531	0	1.0	151
	chrI	177532	0	1.5	151
	chrI	177532	0	0.5	77
	chrI	177558	1	0.5	151
	chrI	177560	0	1.0	151
	chrI	177568	1	0.5	151
	chrI	177573	0	0.5	151
	chrI	177589	1	0.5	135
	chrI	177595	1	0.5	151
	chrI	177597	0	0.5	120
	chrI	177610	1	0.5	77
	chrI	177623	1	1.0	151
	chrI	177624	0	0.5	139
	chrI	177624	0	1.0	151
	chrI	177624	1	0.5	104
	chrI	177646	0	0.5	47
	chrI	177655	1	0.5	145
	chrI	177656	0	0.5	151
	chrI	177658	1	0.5	134
	chrI	177658	1	0.5	144
	chrI	177659	0	0.5	151
	chrI	177659	0	1.0	59
	chrI	177660	0	1.5	151
	chrI	177664	0	0.5	151
	chrI	177667	1	0.5	151
	chrI	177668	1	1.0	151
	chrI	177670	1	0.5	151
	chrI	177671	1	0.5	151
	chrI	177691	1	1.0	151
	chrI	177694	0	0.5	151
	chrI	177694	1	0.5	47
	chrI	177705	0	1.5	151
	chrI	177709	0	1.0	138
	chrI	177718	1	1.5	151
	chrI	177718	1	0.5	120
	chrI	177719	1	1.0	59
	chrI	177722	0	0.5	91
	chrI	177734	0	1.5	151
	chrI	177735	1	0.5	151
	chrI	177742	0	0.5	151
	chrI	177742	1	1.0	151
	chrI	177743	0	1.0	134
	chrI	177749	0	0.5	87
	chrI	177761	0	0.5	138
	chrI	177762	1	0.5	139
	chrI	177771	0	0.5	127
	chrI	177774	1	1.0	151
	chrI	177783	0	0.5	70
	chrI	177795	0	0.5	135
	chrI	177797	0	0.5	59
	chrI	177797	0	0.5	84
	chrI	177800	0	0.5	51
	chrI	177808	0	0.5	59
	chrI	177815	1	1.0	151
	chrI	177816	1	1.0	151
	chrI	177816	1	0.5	91
	chrI	177817	0	1.0	151
	chrI	177818	0	0.5	142
	chrI	177818	0	0.5	151
	chrI	177818	1	1.0	151
	chrI	177826	0	0.5	48
	chrI	177836	0	0.5	151
	chrI	177836	1	0.5	87
	chrI	177839	0	0.5	151
	chrI	177846	1	1.0	138
	chrI	177851	1	0.5	51
	chrI	177853	1	0.5	70
	chrI	177858	1	0.5	59
	chrI	177861	0	0.5	151
	chrI	177863	0	0.5	137
	chrI	177865	1	0.5	151
	chrI	177866	0	0.5	151
	chrI	177867	0	0.5	138
	chrI	177867	1	0.5	59
	chrI	177871	0	0.5	151
	chrI	177876	1	1.0	134
	chrI	177876	1	1.5	151
	chrI	177878	1	0.5	48
	chrI	177881	0	1.0	78
	chrI	177883	1	0.5	84
	chrI	177884	0	0.5	137
	chrI	177893	1	1.5	151
	chrI	177898	0	0.5	151
	chrI	177898	1	0.5	138
	chrI	177899	1	0.5	127
	chrI	177903	0	0.5	133
	chrI	177903	0	0.5	94
	chrI	177907	0	0.5	123
	chrI	177908	0	0.5	68
	chrI	177909	0	0.5	109
	chrI	177921	0	1.0	76
	chrI	177929	1	0.5	135
	chrI	177931	0	0.5	57
	chrI	177932	0	0.5	151
	chrI	177937	0	1.0	79
	chrI	177937	0	0.5	114
	chrI	177940	1	0.5	151
	chrI	177959	1	0.5	142
	chrI	177961	1	1.0	78
	chrI	177970	1	0.5	151
	chrI	177977	1	0.5	68
	chrI	177979	0	0.5	151
	chrI	177984	1	0.5	151
	chrI	177986	0	1.0	151
	chrI	177989	1	0.5	57
	chrI	177993	0	0.5	88
	chrI	177997	0	0.5	137
	chrI	177997	1	0.5	151
	chrI	177998	0	0.5	151
	chrI	177998	0	0.5	123
	chrI	177998	1	1.0	151
	chrI	177998	1	1.0	76
	chrI	177998	1	0.5	94
	chrI	177999	0	0.5	151
	chrI	177999	1	0.5	137
	chrI	178000	0	1.0	131
	chrI	178000	0	0.5	148
	chrI	178001	0	1.0	151
	chrI	178001	0	1.0	72
	chrI	178004	1	0.5	138
	chrI	178006	0	1.0	151
	chrI	178019	1	1.0	79
	chrI	178019	1	0.5	109
	chrI	178020	1	0.5	137
	chrI	178021	1	1.0	151
	chrI	178031	0	0.5	151
	chrI	178031	1	0.5	123
	chrI	178035	1	0.5	133
	chrI	178036	0	0.5	103
	chrI	178036	0	0.5	104
	chrI	178036	1	0.5	151
	chrI	178046	0	0.5	109
	chrI	178050	0	0.5	94
	chrI	178052	1	0.5	114
	chrI	178053	0	0.5	116
	chrI	178064	0	0.5	121
	chrI	178074	1	1.0	72
	chrI	178081	1	0.5	88
	chrI	178082	1	0.5	151
	chrI	178086	0	0.5	89
	chrI	178087	0	0.5	136
	chrI	178087	0	0.5	151
	chrI	178100	1	0.5	151
	chrI	178122	1	0.5	123
	chrI	178129	0	1.0	151
	chrI	178130	1	1.0	131
	chrI	178133	1	0.5	137
	chrI	178140	0	0.5	63
	chrI	178141	1	0.5	103
	chrI	178141	1	0.5	104
	chrI	178146	1	1.0	151
	chrI	178146	1	0.5	94
	chrI	178147	0	0.5	151
	chrI	178152	0	1.0	151
	chrI	178156	1	0.5	109
	chrI	178158	0	0.5	146
	chrI	178163	1	0.5	151
	chrI	178166	0	2.0	151
	chrI	178166	1	0.5	151
	chrI	178167	0	0.5	151
	chrI	178167	1	1.0	151
	chrI	178170	1	0.5	116
	chrI	178175	1	1.5	151
	chrI	178177	1	0.5	89
	chrI	178178	0	0.5	135
	chrI	178178	0	1.0	151
	chrI	178179	0	2.5	134
	chrI	178179	0	0.5	144
	chrI	178179	0	1.0	151
	chrI	178179	0	0.5	121
	chrI	178187	1	0.5	121
	chrI	178195	0	0.5	116
	chrI	178203	1	0.5	63
	chrI	178209	0	1.0	151
	chrI	178215	0	0.5	151
	chrI	178222	1	0.5	136
	chrI	178235	0	0.5	82
	chrI	178237	0	1.0	134
	chrI	178238	0	0.5	151
	chrI	178242	1	0.5	151
	chrI	178246	0	0.5	80
	chrI	178299	1	0.5	151
	chrI	178303	1	0.5	146
	chrI	178303	1	0.5	121
	chrI	178304	1	1.0	151
	chrI	178308	0	0.5	108
	chrI	178312	1	2.5	134
	chrI	178312	1	0.5	135
	chrI	178312	1	0.5	116
	chrI	178313	1	1.0	151
	chrI	178317	1	0.5	151
	chrI	178318	1	0.5	82
	chrI	178322	1	0.5	144
	chrI	178327	0	1.0	151
	chrI	178327	1	0.5	80
	chrI	178338	1	2.5	151
	chrI	178339	1	1.5	151
	chrI	178367	1	1.0	151
	chrI	178370	1	1.0	134
	chrI	178393	0	0.5	124
	chrI	178410	0	0.5	112
	chrI	178413	0	0.5	151
	chrI	178418	0	0.5	53
	chrI	178418	1	0.5	108
	chrI	178422	0	0.5	151
	chrI	178428	1	0.5	151
	chrI	178441	0	0.5	151
	chrI	178442	0	0.5	50
	chrI	178463	0	0.5	112
	chrI	178472	1	0.5	53
	chrI	178485	1	1.0	151
	chrI	178489	1	1.0	151
	chrI	178494	1	0.5	50
	chrI	178495	0	1.0	151
	chrI	178509	1	0.5	151
	chrI	178512	0	1.5	151
	chrI	178512	0	0.5	97
	chrI	178518	0	0.5	140
	chrI	178518	1	0.5	124
	chrI	178523	1	0.5	112
	chrI	178537	0	1.0	151
	chrI	178546	0	0.5	128
	chrI	178546	0	0.5	133
	chrI	178566	0	0.5	151
	chrI	178575	1	0.5	112
	chrI	178590	1	0.5	151
	chrI	178610	1	0.5	151
	chrI	178610	1	0.5	97
	chrI	178647	0	1.0	136
	chrI	178650	0	0.5	151
	chrI	178655	1	0.5	151
	chrI	178656	0	1.0	151
	chrI	178657	1	0.5	140
	chrI	178664	1	0.5	151
	chrI	178668	0	0.5	151
	chrI	178678	1	0.5	128
	chrI	178678	1	0.5	133
	chrI	178684	1	1.0	151
	chrI	178687	1	1.0	151
	chrI	178689	1	1.0	151
	chrI	178725	0	0.5	151
	chrI	178730	0	0.5	151
	chrI	178754	0	0.5	112
	chrI	178761	0	0.5	97
	chrI	178767	0	0.5	151
	chrI	178779	0	0.5	83
	chrI	178779	0	0.5	105
	chrI	178782	1	1.0	136
	chrI	178783	0	0.5	151
	chrI	178792	0	0.5	84
	chrI	178792	0	0.5	85
	chrI	178802	0	0.5	151
	chrI	178806	0	0.5	119
	chrI	178812	1	0.5	151
	chrI	178815	0	0.5	65
	chrI	178815	0	1.0	97
	chrI	178817	0	0.5	58
	chrI	178831	0	0.5	99
	chrI	178841	1	1.0	151
	chrI	178857	1	0.5	151
	chrI	178861	0	0.5	109
	chrI	178861	1	0.5	97
	chrI	178865	1	0.5	151
	chrI	178865	1	0.5	83
	chrI	178867	1	0.5	112
	chrI	178868	0	0.5	151
	chrI	178875	1	0.5	58
	chrI	178878	1	0.5	84
	chrI	178878	1	0.5	85
	chrI	178881	1	0.5	65
	chrI	178883	1	0.5	151
	chrI	178885	0	0.5	56
	chrI	178887	1	0.5	105
	chrI	178888	1	0.5	151
	chrI	178913	1	1.0	97
	chrI	178926	0	1.0	99
	chrI	178927	1	0.5	119
	chrI	178931	1	0.5	151
	chrI	178931	1	0.5	99
	chrI	178936	0	0.5	74
	chrI	178944	1	0.5	56
	chrI	178950	0	0.5	59
	chrI	178950	0	0.5	80
	chrI	178950	1	0.5	151
	chrI	178953	0	2.0	151
	chrI	178956	0	0.5	151
	chrI	178967	0	0.5	107
	chrI	178970	1	0.5	109
	chrI	178971	0	1.0	70
	chrI	178972	0	1.0	151
	chrI	178980	0	0.5	59
	chrI	178984	1	0.5	151
	chrI	178989	0	0.5	151
	chrI	179001	0	0.5	105
	chrI	179001	0	0.5	106
	chrI	179003	0	0.5	113
	chrI	179009	0	0.5	151
	chrI	179012	1	0.5	59
	chrI	179012	1	0.5	74
	chrI	179019	0	0.5	151
	chrI	179028	1	1.0	99
	chrI	179031	1	0.5	80
	chrI	179036	1	0.5	151
	chrI	179040	1	0.5	59
	chrI	179042	1	1.0	70
	chrI	179052	0	1.0	104
	chrI	179059	0	0.5	151
	chrI	179061	0	0.5	151
	chrI	179074	1	0.5	107
	chrI	179093	0	1.5	151
	chrI	179099	0	1.0	151
	chrI	179107	1	0.5	105
	chrI	179107	1	0.5	106
	chrI	179118	1	0.5	113
	chrI	179132	1	0.5	151
	chrI	179147	0	0.5	115
	chrI	179159	1	1.0	104
	chrI	179162	1	2.5	151
	chrI	179173	0	0.5	151
	chrI	179177	0	0.5	151
	chrI	179177	1	1.0	151
	chrI	179178	0	0.5	151
	chrI	179181	0	0.5	151
	chrI	179198	0	0.5	151
	chrI	179199	0	0.5	151
	chrI	179216	1	0.5	151
	chrI	179250	1	0.5	151
	chrI	179256	1	1.0	151
	chrI	179258	0	0.5	151
	chrI	179259	1	1.0	151
	chrI	179263	1	0.5	115
	chrI	179264	0	0.5	151
	chrI	179267	0	0.5	109
	chrI	179268	0	0.5	131
	chrI	179268	0	0.5	151
	chrI	179268	0	1.0	87
	chrI	179270	0	1.0	140
	chrI	179280	1	1.0	151
	chrI	179285	0	0.5	151
	chrI	179287	0	0.5	139
	chrI	179324	0	0.5	126
	chrI	179325	0	0.5	151
	chrI	179326	0	0.5	151
	chrI	179327	0	0.5	102
	chrI	179327	0	1.0	127
	chrI	179335	0	1.5	151
	chrI	179338	1	1.0	151
	chrI	179339	0	1.0	151
	chrI	179347	0	0.5	91
	chrI	179359	1	0.5	151
	chrI	179360	0	0.5	122
	chrI	179361	1	1.0	87
	chrI	179362	1	0.5	151
	chrI	179369	1	0.5	151
	chrI	179378	0	0.5	126
	chrI	179378	1	0.5	109
	chrI	179381	0	1.0	102
	chrI	179383	0	0.5	151
	chrI	179401	1	0.5	151
	chrI	179409	1	1.0	140
	chrI	179415	0	1.0	112
	chrI	179425	1	0.5	139
	chrI	179431	1	0.5	102
	chrI	179434	0	0.5	46
	chrI	179439	1	0.5	91
	chrI	179445	1	0.5	151
	chrI	179451	1	0.5	126
	chrI	179454	1	1.0	127
	chrI	179455	0	0.5	122
	chrI	179460	0	0.5	75
	chrI	179482	1	0.5	46
	chrI	179482	1	0.5	122
	chrI	179483	1	0.5	151
	chrI	179483	1	1.0	102
	chrI	179484	1	0.5	151
	chrI	179485	1	1.0	151
	chrI	179486	0	1.0	60
	chrI	179487	0	1.5	151
	chrI	179487	0	0.5	93
	chrI	179490	0	0.5	57
	chrI	179492	0	1.0	119
	chrI	179495	1	1.0	151
	chrI	179502	0	0.5	46
	chrI	179506	1	0.5	126
	chrI	179508	0	1.0	151
	chrI	179516	1	1.5	151
	chrI	179528	1	1.0	112
	chrI	179534	1	0.5	75
	chrI	179547	1	0.5	151
	chrI	179548	1	0.5	57
	chrI	179548	1	1.0	61
	chrI	179549	1	0.5	46
	chrI	179550	0	1.0	141
	chrI	179558	1	0.5	151
	chrI	179559	0	0.5	134
	chrI	179570	0	0.5	140
	chrI	179571	0	0.5	114
	chrI	179578	1	0.5	122
	chrI	179582	1	0.5	93
	chrI	179595	0	0.5	112
	chrI	179599	1	0.5	151
	chrI	179602	1	0.5	151
	chrI	179604	0	0.5	108
	chrI	179611	1	1.0	119
	chrI	179622	0	0.5	150
	chrI	179642	0	0.5	151
	chrI	179650	0	1.0	151
	chrI	179651	1	0.5	151
	chrI	179656	0	0.5	65
	chrI	179659	0	0.5	151
	chrI	179665	1	0.5	151
	chrI	179672	0	0.5	151
	chrI	179672	1	0.5	151
	chrI	179680	0	0.5	141
	chrI	179680	1	1.0	151
	chrI	179687	1	0.5	114
	chrI	179690	1	1.0	141
	chrI	179692	1	0.5	134
	chrI	179693	0	0.5	126
	chrI	179704	0	1.0	109
	chrI	179704	0	1.0	111
	chrI	179708	1	0.5	112
	chrI	179709	1	0.5	140
	chrI	179713	1	0.5	108
	chrI	179720	0	0.5	142
	chrI	179720	0	0.5	97
	chrI	179721	1	0.5	65
	chrI	179722	0	0.5	45
	chrI	179725	0	0.5	151
	chrI	179739	0	1.0	115
	chrI	179741	0	0.5	79
	chrI	179742	0	2.0	151
	chrI	179748	0	0.5	59
	chrI	179760	0	0.5	122
	chrI	179767	0	0.5	84
	chrI	179767	1	0.5	45
	chrI	179771	1	0.5	150
	chrI	179779	0	0.5	115
	chrI	179789	0	0.5	151
	chrI	179798	0	0.5	114
	chrI	179803	0	0.5	104
	chrI	179808	1	0.5	59
	chrI	179814	0	0.5	151
	chrI	179814	1	1.0	109
	chrI	179819	1	0.5	151
	chrI	179819	1	0.5	97
	chrI	179819	1	1.0	111
	chrI	179820	1	0.5	141
	chrI	179820	1	1.0	151
	chrI	179820	1	0.5	79
	chrI	179820	1	0.5	126
	chrI	179824	0	0.5	151
	chrI	179824	1	0.5	151
	chrI	179826	0	0.5	151
	chrI	179827	0	0.5	151
	chrI	179852	1	0.5	84
	chrI	179855	1	1.0	115
	chrI	179861	1	0.5	142
	chrI	179876	1	0.5	151
	chrI	179882	1	0.5	122
	chrI	179895	0	0.5	127
	chrI	179895	1	0.5	115
	chrI	179902	1	0.5	151
	chrI	179903	1	1.0	151
	chrI	179908	1	0.5	104
	chrI	179911	1	0.5	114
	chrI	179939	1	1.0	151
	chrI	179946	0	0.5	151
	chrI	179953	0	0.5	151
	chrI	179956	1	0.5	151
	chrI	179959	0	0.5	151
	chrI	179959	0	0.5	109
	chrI	179974	1	0.5	151
	chrI	179975	0	0.5	151
	chrI	179987	0	1.5	71
	chrI	179987	1	0.5	151
	chrI	179993	0	0.5	147
	chrI	179998	0	0.5	151
	chrI	179999	1	0.5	151
	chrI	180002	0	0.5	151
	chrI	180005	0	0.5	151
	chrI	180018	0	0.5	151
	chrI	180023	0	1.0	147
	chrI	180023	1	0.5	127
	chrI	180032	1	0.5	151
	chrI	180048	0	0.5	151
	chrI	180056	0	1.0	96
	chrI	180059	1	1.5	71
	chrI	180065	0	0.5	151
	chrI	180065	0	0.5	91
	chrI	180070	1	0.5	109
	chrI	180079	0	1.0	96
	chrI	180082	0	1.0	128
	chrI	180085	0	1.0	142
	chrI	180095	0	0.5	81
	chrI	180095	0	1.0	84
	chrI	180111	1	0.5	151
	chrI	180133	1	0.5	151
	chrI	180136	1	0.5	151
	chrI	180139	1	0.5	147
	chrI	180139	1	0.5	151
	chrI	180140	0	0.5	64
	chrI	180153	0	0.5	75
	chrI	180155	1	0.5	151
	chrI	180155	1	0.5	91
	chrI	180155	1	1.0	96
	chrI	180158	0	0.5	135
	chrI	180158	0	0.5	148
	chrI	180169	1	1.0	147
	chrI	180170	0	1.5	149
	chrI	180172	0	0.5	72
	chrI	180176	1	1.5	151
	chrI	180177	1	1.0	96
	chrI	180178	0	0.5	151
	chrI	180179	1	1.5	84
	chrI	180181	0	0.5	151
	chrI	180181	0	0.5	102
	chrI	180181	0	0.5	104
	chrI	180186	0	0.5	151
	chrI	180187	0	0.5	151
	chrI	180187	0	0.5	52
	chrI	180193	0	0.5	53
	chrI	180196	0	0.5	109
	chrI	180203	0	0.5	151
	chrI	180204	1	0.5	64
	chrI	180206	0	0.5	151
	chrI	180212	1	1.0	128
	chrI	180222	0	1.5	151
	chrI	180226	0	1.0	138
	chrI	180226	1	1.0	142
	chrI	180226	1	0.5	151
	chrI	180229	1	0.5	75
	chrI	180231	1	0.5	151
	chrI	180237	0	0.5	151
	chrI	180241	1	0.5	52
	chrI	180247	1	0.5	53
	chrI	180247	1	0.5	72
	chrI	180284	1	0.5	102
	chrI	180285	1	0.5	103
	chrI	180292	1	0.5	135
	chrI	180300	0	1.0	106
	chrI	180305	1	0.5	148
	chrI	180307	1	0.5	109
	chrI	180318	1	1.5	149
	chrI	180340	0	0.5	110
	chrI	180340	1	0.5	151
	chrI	180354	0	0.5	151
	chrI	180360	1	0.5	151
	chrI	180363	0	0.5	151
	chrI	180363	1	1.0	138
	chrI	180363	1	0.5	151
	chrI	180364	0	0.5	151
	chrI	180364	0	1.0	101
	chrI	180365	0	2.0	151
	chrI	180375	1	0.5	151
	chrI	180380	0	0.5	151
	chrI	180380	1	2.0	151
	chrI	180383	0	1.0	132
	chrI	180407	1	1.0	106
	chrI	180410	0	1.0	151
	chrI	180424	0	0.5	113
	chrI	180439	1	0.5	151
	chrI	180450	1	0.5	110
	chrI	180459	0	0.5	151
	chrI	180463	0	0.5	106
	chrI	180466	0	0.5	69
	chrI	180467	1	1.0	101
	chrI	180477	0	0.5	151
	chrI	180488	1	0.5	151
	chrI	180506	0	0.5	123
	chrI	180507	0	1.5	151
	chrI	180508	0	1.0	151
	chrI	180512	0	0.5	151
	chrI	180512	0	0.5	50
	chrI	180514	1	1.0	132
	chrI	180521	1	0.5	151
	chrI	180522	0	0.5	151
	chrI	180524	0	3.0	151
	chrI	180528	1	1.5	151
	chrI	180535	1	0.5	69
	chrI	180536	0	1.5	151
	chrI	180537	0	1.0	151
	chrI	180538	0	0.5	149
	chrI	180538	1	0.5	113
	chrI	180542	1	0.5	151
	chrI	180549	0	0.5	138
	chrI	180563	1	0.5	50
	chrI	180566	1	0.5	151
	chrI	180567	0	0.5	127
	chrI	180570	1	0.5	106
	chrI	180571	0	0.5	151
	chrI	180571	1	1.5	151
	chrI	180572	0	1.5	151
	chrI	180575	0	0.5	78
	chrI	180590	0	0.5	135
	chrI	180620	0	1.5	151
	chrI	180630	1	0.5	123
	chrI	180641	1	1.0	151
	chrI	180651	0	0.5	138
	chrI	180654	0	1.0	151
	chrI	180655	0	0.5	80
	chrI	180655	1	0.5	78
	chrI	180666	1	0.5	151
	chrI	180667	0	0.5	146
	chrI	180675	0	1.0	113
	chrI	180681	0	0.5	60
	chrI	180685	1	0.5	151
	chrI	180686	1	0.5	138
	chrI	180686	1	0.5	151
	chrI	180689	1	1.5	151
	chrI	180690	0	1.0	141
	chrI	180690	0	1.0	151
	chrI	180692	0	0.5	89
	chrI	180695	1	1.0	151
	chrI	180695	1	0.5	127
	chrI	180697	0	1.5	151
	chrI	180697	1	0.5	151
	chrI	180699	0	1.0	151
	chrI	180707	1	0.5	151
	chrI	180708	1	1.0	151
	chrI	180713	1	0.5	151
	chrI	180714	1	0.5	151
	chrI	180716	1	1.0	151
	chrI	180724	1	0.5	135
	chrI	180730	1	1.0	151
	chrI	180731	0	0.5	151
	chrI	180731	1	1.0	151
	chrI	180732	0	0.5	151
	chrI	180732	1	1.0	151
	chrI	180733	0	0.5	112
	chrI	180735	1	0.5	80
	chrI	180741	1	1.0	151
	chrI	180742	1	0.5	60
	chrI	180743	0	0.5	86
	chrI	180747	0	0.5	151
	chrI	180782	1	0.5	89
	chrI	180785	0	0.5	151
	chrI	180788	1	0.5	138
	chrI	180789	1	1.0	113
	chrI	180803	0	0.5	68
	chrI	180806	1	1.0	151
	chrI	180807	0	0.5	151
	chrI	180812	1	0.5	146
	chrI	180830	1	1.0	141
	chrI	180830	1	0.5	86
	chrI	180832	0	0.5	151
	chrI	180846	1	0.5	112
	chrI	180847	1	1.5	151
	chrI	180848	0	0.5	99
	chrI	180852	1	1.0	151
	chrI	180853	1	1.0	151
	chrI	180866	1	1.0	151
	chrI	180867	0	0.5	151
	chrI	180867	0	0.5	93
	chrI	180868	0	0.5	148
	chrI	180868	0	2.5	151
	chrI	180871	1	0.5	151
	chrI	180872	0	0.5	151
	chrI	180872	1	0.5	68
	chrI	180873	0	0.5	135
	chrI	180873	0	3.0	151
	chrI	180882	0	1.0	151
	chrI	180892	0	0.5	151
	chrI	180894	0	0.5	98
	chrI	180895	0	1.0	151
	chrI	180896	0	1.5	151
	chrI	180898	0	0.5	72
	chrI	180903	0	0.5	151
	chrI	180903	1	0.5	151
	chrI	180904	1	0.5	151
	chrI	180909	0	0.5	151
	chrI	180913	0	0.5	151
	chrI	180915	1	0.5	151
	chrI	180935	0	0.5	64
	chrI	180948	1	0.5	151
	chrI	180948	1	0.5	99
	chrI	180961	0	0.5	150
	chrI	180961	1	0.5	93
	chrI	180962	0	0.5	86
	chrI	180962	0	1.0	92
	chrI	180962	0	0.5	117
	chrI	180972	1	0.5	72
	chrI	180977	0	0.5	82
	chrI	180986	0	1.0	45
	chrI	180986	0	0.5	82
	chrI	180993	0	0.5	91
	chrI	180993	0	0.5	93
	chrI	180993	1	0.5	98
	chrI	181000	1	0.5	64
	chrI	181006	0	0.5	151
	chrI	181007	1	0.5	135
	chrI	181010	1	0.5	151
	chrI	181034	1	2.0	151
	chrI	181034	1	1.0	45
	chrI	181036	1	0.5	151
	chrI	181039	1	0.5	151
	chrI	181041	0	0.5	151
	chrI	181041	0	0.5	118
	chrI	181042	1	0.5	150
	chrI	181043	1	0.5	151
	chrI	181043	1	0.5	24
	chrI	181044	1	1.0	151
	chrI	181048	1	2.5	151
	chrI	181049	1	0.5	151
	chrI	181049	1	0.5	86
	chrI	181050	0	1.0	133
	chrI	181050	1	1.5	151
	chrI	181052	0	0.5	151
	chrI	181052	0	0.5	125
	chrI	181052	1	1.0	151
	chrI	181053	0	0.5	151
	chrI	181053	0	0.5	80
	chrI	181053	1	1.0	92
	chrI	181054	0	1.5	151
	chrI	181054	0	0.5	102
	chrI	181054	0	0.5	107
	chrI	181054	1	0.5	151
	chrI	181055	0	0.5	117
	chrI	181056	0	0.5	105
	chrI	181056	0	0.5	122
	chrI	181060	1	0.5	82
	chrI	181062	0	0.5	151
	chrI	181066	1	0.5	151
	chrI	181070	1	0.5	82
	chrI	181071	0	1.5	63
	chrI	181071	0	0.5	107
	chrI	181071	0	0.5	122
	chrI	181071	1	0.5	151
	chrI	181076	0	0.5	64
	chrI	181082	1	0.5	151
	chrI	181082	1	0.5	117
	chrI	181083	0	1.0	151
	chrI	181083	0	0.5	51
	chrI	181084	0	2.5	151
	chrI	181084	0	1.0	38
	chrI	181084	0	1.0	90
	chrI	181084	0	0.5	121
	chrI	181084	0	0.5	123
	chrI	181085	1	0.5	91
	chrI	181085	1	0.5	93
	chrI	181086	0	0.5	151
	chrI	181086	0	0.5	92
	chrI	181086	0	0.5	116
	chrI	181086	0	0.5	122
	chrI	181094	0	0.5	151
	chrI	181107	0	0.5	64
	chrI	181110	1	0.5	150
	chrI	181116	0	0.5	139
	chrI	181124	0	1.0	151
	chrI	181124	1	1.0	38
	chrI	181125	0	0.5	151
	chrI	181127	0	0.5	73
	chrI	181127	0	0.5	75
	chrI	181133	1	0.5	80
	chrI	181134	0	0.5	151
	chrI	181134	1	0.5	51
	chrI	181135	1	1.5	63
	chrI	181138	0	1.0	151
	chrI	181140	0	0.5	128
	chrI	181143	0	0.5	64
	chrI	181144	0	0.5	151
	chrI	181145	1	0.5	64
	chrI	181150	0	0.5	79
	chrI	181161	1	0.5	102
	chrI	181162	0	0.5	151
	chrI	181162	0	0.5	100
	chrI	181162	0	1.0	111
	chrI	181162	0	0.5	112
	chrI	181162	0	1.0	122
	chrI	181162	1	0.5	105
	chrI	181162	1	0.5	107
	chrI	181162	1	0.5	118
	chrI	181163	0	1.0	151
	chrI	181163	0	0.5	52
	chrI	181163	0	1.0	82
	chrI	181163	0	0.5	110
	chrI	181163	0	0.5	111
	chrI	181163	0	0.5	112
	chrI	181165	1	0.5	151
	chrI	181167	0	0.5	105
	chrI	181171	1	0.5	64
	chrI	181172	1	0.5	117
	chrI	181176	1	1.0	90
	chrI	181176	1	0.5	125
	chrI	181177	0	0.5	95
	chrI	181177	0	0.5	100
	chrI	181177	0	0.5	116
	chrI	181179	1	0.5	92
	chrI	181179	1	0.5	107
	chrI	181179	1	0.5	122
	chrI	181180	0	1.0	138
	chrI	181182	1	1.0	133
	chrI	181183	0	0.5	59
	chrI	181183	0	0.5	91
	chrI	181189	0	1.0	56
	chrI	181194	1	0.5	122
	chrI	181201	0	0.5	83
	chrI	181201	1	0.5	73
	chrI	181201	1	0.5	75
	chrI	181203	0	1.5	80
	chrI	181203	1	0.5	116
	chrI	181207	1	0.5	64
	chrI	181207	1	0.5	121
	chrI	181207	1	0.5	123
	chrI	181208	1	0.5	151
	chrI	181209	1	0.5	122
	chrI	181210	0	0.5	136
	chrI	181210	0	0.5	151
	chrI	181210	0	0.5	51
	chrI	181210	0	0.5	65
	chrI	181210	0	0.5	82
	chrI	181212	0	0.5	80
	chrI	181214	0	0.5	76
	chrI	181214	1	0.5	151
	chrI	181217	1	0.5	52
	chrI	181218	0	0.5	142
	chrI	181218	0	0.5	70
	chrI	181218	0	1.0	74
	chrI	181227	0	0.5	49
	chrI	181230	1	0.5	79
	chrI	181239	1	0.5	151
	chrI	181245	1	3.0	151
	chrI	181245	1	0.5	59
	chrI	181246	1	0.5	151
	chrI	181246	1	1.0	56
	chrI	181246	1	1.0	82
	chrI	181247	0	0.5	151
	chrI	181247	0	0.5	102
	chrI	181247	1	0.5	151
	chrI	181254	1	0.5	139
	chrI	181257	1	1.0	151
	chrI	181260	0	0.5	151
	chrI	181263	1	0.5	51
	chrI	181264	0	0.5	151
	chrI	181265	1	0.5	100
	chrI	181270	1	0.5	128
	chrI	181275	0	0.5	82
	chrI	181275	1	2.0	151
	chrI	181275	1	0.5	49
	chrI	181275	1	0.5	91
	chrI	181275	1	0.5	95
	chrI	181275	1	0.5	106
	chrI	181275	1	0.5	110
	chrI	181275	1	1.0	111
	chrI	181275	1	0.5	112
	chrI	181276	0	0.5	151
	chrI	181276	1	0.5	151
	chrI	181276	1	0.5	65
	chrI	181276	1	0.5	100
	chrI	181276	1	0.5	111
	chrI	181276	1	0.5	112
	chrI	181277	0	0.5	151
	chrI	181280	0	0.5	151
	chrI	181284	0	0.5	149
	chrI	181284	1	1.5	80
	chrI	181285	1	1.0	151
	chrI	181285	1	0.5	83
	chrI	181285	1	1.0	122
	chrI	181289	1	0.5	70
	chrI	181293	1	1.0	74
	chrI	181293	1	0.5	76
	chrI	181293	1	0.5	80
	chrI	181293	1	0.5	82
	chrI	181294	0	0.5	136
	chrI	181294	0	0.5	50
	chrI	181294	1	0.5	116
	chrI	181303	0	1.0	146
	chrI	181316	0	0.5	81
	chrI	181317	1	1.0	138
	chrI	181320	1	0.5	151
	chrI	181337	0	0.5	151
	chrI	181345	1	0.5	136
	chrI	181345	1	0.5	50
	chrI	181347	0	0.5	151
	chrI	181347	0	0.5	80
	chrI	181348	0	0.5	151
	chrI	181352	1	0.5	102
	chrI	181353	0	0.5	149
	chrI	181357	1	0.5	82
	chrI	181359	1	0.5	142
	chrI	181360	0	0.5	57
	chrI	181381	0	0.5	151
	chrI	181394	1	1.0	151
	chrI	181400	1	0.5	81
	chrI	181411	1	0.5	151
	chrI	181412	0	0.5	151
	chrI	181419	1	0.5	57
	chrI	181425	0	0.5	151
	chrI	181425	0	0.5	111
	chrI	181428	1	0.5	80
	chrI	181429	1	0.5	136
	chrI	181430	1	0.5	151
	chrI	181433	0	1.0	151
	chrI	181433	1	0.5	151
	chrI	181436	1	0.5	151
	chrI	181443	0	1.5	151
	chrI	181448	1	1.0	146
	chrI	181453	1	0.5	151
	chrI	181457	1	0.5	151
	chrI	181460	0	2.0	44
	chrI	181461	1	0.5	151
	chrI	181462	0	1.0	151
	chrI	181475	0	0.5	59
	chrI	181491	0	0.5	151
	chrI	181498	1	0.5	151
	chrI	181499	0	0.5	151
	chrI	181500	0	0.5	151
	chrI	181505	1	2.0	44
	chrI	181514	1	0.5	151
	chrI	181527	0	0.5	68
	chrI	181527	1	0.5	151
	chrI	181535	1	0.5	151
	chrI	181537	1	0.5	59
	chrI	181539	1	0.5	111
	chrI	181542	0	0.5	133
	chrI	181544	0	0.5	151
	chrI	181558	1	0.5	151
	chrI	181577	1	0.5	151
	chrI	181596	1	0.5	68
	chrI	181597	1	0.5	151
	chrI	181598	0	0.5	31
	chrI	181600	1	1.0	151
	chrI	181604	1	0.5	151
	chrI	181607	0	1.0	151
	chrI	181607	1	2.0	151
	chrI	181608	0	0.5	151
	chrI	181608	0	0.5	92
	chrI	181609	0	0.5	149
	chrI	181622	1	0.5	151
	chrI	181624	1	1.0	151
	chrI	181626	0	1.5	151
	chrI	181627	0	0.5	102
	chrI	181630	1	0.5	31
	chrI	181631	0	0.5	151
	chrI	181639	0	0.5	151
	chrI	181642	0	0.5	127
	chrI	181648	0	1.5	151
	chrI	181649	0	0.5	151
	chrI	181658	1	0.5	151
	chrI	181664	0	0.5	140
	chrI	181664	0	0.5	92
	chrI	181664	1	0.5	151
	chrI	181674	1	0.5	133
	chrI	181677	1	0.5	151
	chrI	181698	0	0.5	133
	chrI	181705	1	0.5	92
	chrI	181709	1	0.5	151
	chrI	181722	0	0.5	123
	chrI	181726	0	0.5	92
	chrI	181729	0	0.5	81
	chrI	181730	1	0.5	102
	chrI	181735	0	0.5	149
	chrI	181758	1	0.5	92
	chrI	181761	0	0.5	109
	chrI	181761	0	0.5	110
	chrI	181771	1	0.5	151
	chrI	181771	1	0.5	127
	chrI	181777	0	0.5	89
	chrI	181780	1	0.5	151
	chrI	181781	1	1.5	151
	chrI	181785	1	0.5	151
	chrI	181796	1	0.5	151
	chrI	181799	0	1.0	141
	chrI	181802	0	0.5	151
	chrI	181802	1	1.0	151
	chrI	181803	0	0.5	133
	chrI	181803	0	1.0	151
	chrI	181803	1	0.5	140
	chrI	181807	0	0.5	95
	chrI	181812	1	0.5	81
	chrI	181814	0	0.5	151
	chrI	181818	1	1.5	151
	chrI	181820	1	0.5	92
	chrI	181830	1	0.5	133
	chrI	181834	1	1.0	151
	chrI	181838	0	0.5	110
	chrI	181847	0	0.5	151
	chrI	181848	1	0.5	123
	chrI	181850	0	0.5	104
	chrI	181855	0	0.5	111
	chrI	181866	1	0.5	89
	chrI	181871	1	0.5	109
	chrI	181871	1	0.5	110
	chrI	181883	1	0.5	149
	chrI	181904	1	0.5	95
	chrI	181907	0	0.5	151
	chrI	181909	0	0.5	151
	chrI	181913	0	0.5	151
	chrI	181935	1	0.5	133
	chrI	181939	1	1.0	141
	chrI	181953	1	0.5	102
	chrI	181954	1	0.5	151
	chrI	181954	1	0.5	110
	chrI	181961	0	1.0	151
	chrI	181962	0	0.5	151
	chrI	181965	0	3.5	151
	chrI	181965	0	1.0	112
	chrI	181969	0	0.5	151
	chrI	181969	1	0.5	151
	chrI	181969	1	0.5	111
	chrI	181970	0	0.5	151
	chrI	181976	0	0.5	101
	chrI	181977	0	0.5	151
	chrI	181981	0	0.5	60
	chrI	181985	0	0.5	109
	chrI	182003	1	1.5	151
	chrI	182005	0	0.5	131
	chrI	182005	0	0.5	140
	chrI	182005	0	0.5	151
	chrI	182005	0	0.5	127
	chrI	182007	0	0.5	150
	chrI	182010	0	0.5	120
	chrI	182033	0	0.5	151
	chrI	182043	1	0.5	60
	chrI	182073	1	0.5	151
	chrI	182075	0	0.5	151
	chrI	182075	1	0.5	151
	chrI	182078	1	0.5	101
	chrI	182078	1	1.0	112
	chrI	182085	0	0.5	64
	chrI	182085	0	0.5	84
	chrI	182095	1	0.5	108
	chrI	182116	1	1.0	151
	chrI	182132	0	0.5	151
	chrI	182132	1	2.0	151
	chrI	182132	1	0.5	120
	chrI	182135	1	0.5	131
	chrI	182135	1	1.5	151
	chrI	182135	1	0.5	127
	chrI	182136	0	1.0	151
	chrI	182144	1	0.5	140
	chrI	182150	1	1.5	151
	chrI	182150	1	0.5	64
	chrI	182154	1	0.5	151
	chrI	182155	0	1.0	151
	chrI	182158	0	0.5	151
	chrI	182159	1	0.5	151
	chrI	182165	0	0.5	151
	chrI	182171	1	0.5	84
	chrI	182197	0	0.5	111
	chrI	182206	0	1.0	90
	chrI	182212	1	0.5	151
	chrI	182215	0	1.0	135
	chrI	182216	1	0.5	151
	chrI	182217	0	0.5	125
	chrI	182223	0	0.5	75
	chrI	182225	0	0.5	121
	chrI	182225	0	0.5	124
	chrI	182254	0	0.5	60
	chrI	182293	0	0.5	55
	chrI	182297	1	1.0	90
	chrI	182299	1	0.5	151
	chrI	182300	1	0.5	75
	chrI	182303	0	0.5	118
	chrI	182303	1	0.5	151
	chrI	182304	0	0.5	151
	chrI	182312	1	0.5	111
	chrI	182314	1	0.5	151
	chrI	182315	0	0.5	151
	chrI	182315	1	0.5	60
	chrI	182317	0	0.5	151
	chrI	182317	1	0.5	151
	chrI	182319	0	1.5	151
	chrI	182319	0	0.5	69
	chrI	182319	0	0.5	95
	chrI	182329	1	0.5	151
	chrI	182333	1	1.0	151
	chrI	182342	1	0.5	125
	chrI	182347	0	0.5	93
	chrI	182349	0	0.5	151
	chrI	182349	1	1.0	135
	chrI	182349	1	0.5	55
	chrI	182349	1	0.5	121
	chrI	182349	1	0.5	124
	chrI	182352	1	0.5	151
	chrI	182358	0	0.5	45
	chrI	182359	0	0.5	120
	chrI	182360	0	0.5	78
	chrI	182378	0	0.5	151
	chrI	182386	0	1.0	151
	chrI	182391	1	0.5	69
	chrI	182394	0	0.5	151
	chrI	182404	1	0.5	45
	chrI	182414	1	0.5	95
	chrI	182422	1	0.5	118
	chrI	182440	1	0.5	78
	chrI	182440	1	0.5	93
	chrI	182458	1	1.0	151
	chrI	182480	1	0.5	120
	chrI	182482	0	0.5	113
	chrI	182485	1	1.0	151
	chrI	182486	1	0.5	151
	chrI	182487	0	0.5	96
	chrI	182492	1	0.5	151
	chrI	182493	0	0.5	151
	chrI	182499	0	0.5	104
	chrI	182502	0	0.5	65
	chrI	182504	1	0.5	151
	chrI	182507	0	0.5	151
	chrI	182511	0	0.5	107
	chrI	182513	0	0.5	46
	chrI	182514	0	1.0	151
	chrI	182518	0	0.5	149
	chrI	182520	0	0.5	151
	chrI	182520	0	0.5	60
	chrI	182520	0	0.5	90
	chrI	182539	1	0.5	151
	chrI	182547	0	1.0	151
	chrI	182555	0	0.5	151
	chrI	182562	1	0.5	47
	chrI	182563	0	0.5	105
	chrI	182567	0	0.5	62
	chrI	182568	0	0.5	151
	chrI	182570	1	0.5	65
	chrI	182580	1	0.5	94
	chrI	182582	0	0.5	101
	chrI	182582	1	0.5	60
	chrI	182583	0	0.5	90
	chrI	182583	0	0.5	92
	chrI	182586	0	0.5	151
	chrI	182596	1	0.5	113
	chrI	182597	1	0.5	150
	chrI	182598	1	0.5	151
	chrI	182602	1	0.5	102
	chrI	182606	0	0.5	126
	chrI	182609	0	0.5	151
	chrI	182611	1	0.5	151
	chrI	182611	1	0.5	90
	chrI	182613	0	0.5	151
	chrI	182613	0	0.5	72
	chrI	182613	0	1.0	85
	chrI	182617	0	0.5	79
	chrI	182619	0	0.5	135
	chrI	182619	1	0.5	107
	chrI	182629	1	0.5	62
	chrI	182649	0	0.5	151
	chrI	182654	0	0.5	151
	chrI	182655	0	0.5	77
	chrI	182666	1	0.5	149
	chrI	182666	1	1.0	151
	chrI	182668	1	0.5	105
	chrI	182675	1	0.5	90
	chrI	182676	0	0.5	135
	chrI	182677	0	0.5	151
	chrI	182677	0	0.5	94
	chrI	182677	1	0.5	151
	chrI	182677	1	0.5	92
	chrI	182678	0	1.0	151
	chrI	182679	0	0.5	151
	chrI	182683	0	0.5	145
	chrI	182684	1	0.5	101
	chrI	182685	1	0.5	151
	chrI	182686	1	0.5	72
	chrI	182687	0	1.5	151
	chrI	182690	0	0.5	151
	chrI	182697	1	1.0	85
	chrI	182699	0	1.0	112
	chrI	182699	0	0.5	113
	chrI	182699	1	0.5	79
	chrI	182700	0	0.5	151
	chrI	182700	1	0.5	151
	chrI	182701	0	0.5	133
	chrI	182704	0	0.5	139
	chrI	182704	1	1.0	151
	chrI	182707	0	0.5	151
	chrI	182717	0	0.5	151
	chrI	182725	0	0.5	151
	chrI	182733	1	0.5	126
	chrI	182734	1	0.5	77
	chrI	182736	0	0.5	144
	chrI	182739	0	0.5	66
	chrI	182739	1	0.5	151
	chrI	182740	0	1.0	151
	chrI	182740	0	0.5	69
	chrI	182750	1	0.5	151
	chrI	182753	0	0.5	84
	chrI	182753	1	0.5	135
	chrI	182759	0	0.5	132
	chrI	182762	0	0.5	151
	chrI	182767	0	0.5	108
	chrI	182772	1	0.5	94
	chrI	182773	0	0.5	136
	chrI	182773	0	0.5	125
	chrI	182806	1	0.5	151
	chrI	182806	1	0.5	66
	chrI	182809	1	0.5	151
	chrI	182810	0	1.5	151
	chrI	182810	0	0.5	94
	chrI	182810	1	0.5	135
	chrI	182811	1	0.5	69
	chrI	182812	0	0.5	86
	chrI	182812	1	1.0	112
	chrI	182812	1	0.5	113
	chrI	182821	1	0.5	151
	chrI	182822	1	0.5	151
	chrI	182827	1	0.5	145
	chrI	182827	1	0.5	151
	chrI	182828	1	0.5	151
	chrI	182830	1	0.5	151
	chrI	182831	0	0.5	65
	chrI	182831	1	0.5	151
	chrI	182833	1	0.5	133
	chrI	182834	0	0.5	75
	chrI	182835	0	0.5	151
	chrI	182836	0	0.5	151
	chrI	182837	0	0.5	150
	chrI	182837	0	2.5	151
	chrI	182838	0	0.5	70
	chrI	182838	0	0.5	71
	chrI	182838	1	0.5	84
	chrI	182839	0	0.5	150
	chrI	182839	0	2.0	151
	chrI	182842	1	0.5	139
	chrI	182843	0	1.0	151
	chrI	182844	0	0.5	150
	chrI	182851	0	0.5	138
	chrI	182852	0	0.5	55
	chrI	182856	1	0.5	151
	chrI	182858	1	1.0	151
	chrI	182861	0	1.0	151
	chrI	182861	1	0.5	151
	chrI	182866	0	0.5	123
	chrI	182866	1	0.5	151
	chrI	182868	1	0.5	151
	chrI	182879	1	0.5	144
	chrI	182890	1	0.5	132
	chrI	182892	1	0.5	151
	chrI	182898	1	2.0	151
	chrI	182898	1	0.5	65
	chrI	182899	1	0.5	86
	chrI	182899	1	0.5	125
	chrI	182905	0	0.5	42
	chrI	182906	1	0.5	94
	chrI	182908	1	0.5	136
	chrI	182909	1	0.5	55
	chrI	182910	1	0.5	70
	chrI	182910	1	0.5	71
	chrI	182912	1	0.5	75
	chrI	182930	0	1.5	151
	chrI	182936	1	0.5	151
	chrI	182947	1	0.5	42
	chrI	182959	0	0.5	59
	chrI	182960	1	0.5	151
	chrI	182961	0	0.5	151
	chrI	182969	0	0.5	146
	chrI	182974	1	1.0	151
	chrI	182980	0	0.5	122
	chrI	182988	1	0.5	138
	chrI	182988	1	0.5	150
	chrI	182988	1	0.5	151
	chrI	182992	1	0.5	123
	chrI	182993	0	1.5	151
	chrI	182993	1	0.5	150
	chrI	182993	1	0.5	151
	chrI	182998	0	0.5	151
	chrI	182998	0	0.5	91
	chrI	182999	0	0.5	126
	chrI	183000	0	0.5	151
	chrI	183003	0	0.5	67
	chrI	183003	0	0.5	126
	chrI	183004	1	0.5	151
	chrI	183005	1	0.5	151
	chrI	183009	1	1.5	151
	chrI	183017	1	0.5	151
	chrI	183019	1	0.5	59
	chrI	183024	0	0.5	145
	chrI	183024	0	0.5	151
	chrI	183026	0	0.5	151
	chrI	183030	0	0.5	151
	chrI	183030	1	0.5	151
	chrI	183031	1	1.0	151
	chrI	183032	1	1.0	151
	chrI	183033	1	1.0	151
	chrI	183035	0	0.5	151
	chrI	183036	1	0.5	151
	chrI	183041	0	1.0	135
	chrI	183041	0	1.0	151
	chrI	183043	0	0.5	133
	chrI	183045	0	0.5	151
	chrI	183045	0	0.5	50
	chrI	183049	0	0.5	151
	chrI	183052	1	0.5	151
	chrI	183054	0	0.5	149
	chrI	183057	0	1.0	151
	chrI	183057	0	1.0	63
	chrI	183071	1	0.5	67
	chrI	183084	0	0.5	76
	chrI	183091	1	0.5	91
	chrI	183094	0	0.5	71
	chrI	183098	1	0.5	50
	chrI	183105	1	0.5	122
	chrI	183114	1	0.5	146
	chrI	183115	1	0.5	151
	chrI	183116	0	0.5	59
	chrI	183121	0	1.5	146
	chrI	183123	0	0.5	151
	chrI	183124	1	1.0	63
	chrI	183128	1	0.5	126
	chrI	183130	1	0.5	126
	chrI	183157	0	0.5	147
	chrI	183161	1	0.5	76
	chrI	183162	0	0.5	62
	chrI	183165	1	0.5	151
	chrI	183167	0	1.0	151
	chrI	183168	1	0.5	145
	chrI	183168	1	1.5	151
	chrI	183168	1	0.5	71
	chrI	183175	1	0.5	133
	chrI	183175	1	1.0	135
	chrI	183176	1	0.5	151
	chrI	183176	1	0.5	59
	chrI	183177	1	0.5	151
	chrI	183179	0	1.0	72
	chrI	183186	1	0.5	151
	chrI	183187	0	0.5	143
	chrI	183189	0	0.5	114
	chrI	183191	1	0.5	151
	chrI	183196	0	0.5	133
	chrI	183199	0	0.5	151
	chrI	183202	1	0.5	149
	chrI	183202	1	0.5	151
	chrI	183203	1	0.5	151
	chrI	183204	0	0.5	134
	chrI	183204	0	0.5	149
	chrI	183205	0	0.5	151
	chrI	183207	0	0.5	81
	chrI	183212	0	0.5	151
	chrI	183212	1	0.5	151
	chrI	183225	1	1.5	151
	chrI	183225	1	0.5	62
	chrI	183227	0	0.5	70
	chrI	183227	0	1.5	113
	chrI	183231	1	1.5	151
	chrI	183236	0	0.5	101
	chrI	183252	1	1.0	72
	chrI	183253	0	0.5	118
	chrI	183266	1	1.5	146
	chrI	183289	1	0.5	81
	chrI	183298	1	0.5	151
	chrI	183298	1	0.5	70
	chrI	183303	1	0.5	147
	chrI	183303	1	0.5	114
	chrI	183328	1	0.5	133
	chrI	183329	1	0.5	143
	chrI	183337	1	0.5	134
	chrI	183339	1	1.5	113
	chrI	183341	1	0.5	101
	chrI	183350	0	0.5	38
	chrI	183352	1	0.5	149
	chrI	183357	1	1.0	151
	chrI	183361	0	1.0	27
	chrI	183371	1	0.5	151
	chrI	183372	0	1.0	16
	chrI	183372	1	0.5	118
	chrI	183387	0	0.5	149
	chrI	183396	0	0.5	151
	chrI	183398	0	0.5	151
	chrI	183401	0	0.5	151
	chrI	183402	1	1.0	14
	chrI	183403	0	0.5	151
	chrI	183405	0	0.5	144
	chrI	183406	0	1.0	151
	chrI	183407	0	0.5	151
	chrI	183408	0	0.5	141
	chrI	183408	0	1.0	151
	chrI	183412	0	0.5	142
	chrI	183416	0	0.5	133
	chrI	183416	0	1.0	87
	chrI	183418	0	0.5	105
	chrI	183425	0	0.5	98
	chrI	183426	0	0.5	122
	chrI	183428	0	1.0	148
	chrI	183429	0	0.5	91
	chrI	183434	0	0.5	63
	chrI	183435	0	0.5	88
	chrI	183450	0	0.5	60
	chrI	183454	0	0.5	151
	chrI	183455	0	0.5	151
	chrI	183470	0	0.5	120
	chrI	183470	0	0.5	123
	chrI	183480	0	1.0	96
	chrI	183498	1	0.5	63
	chrI	183505	1	1.0	87
	chrI	183512	1	0.5	60
	chrI	183520	1	0.5	91
	chrI	183524	1	0.5	88
	chrI	183524	1	0.5	98
	chrI	183524	1	0.5	105
	chrI	183535	0	0.5	110
	chrI	183536	0	1.0	54
	chrI	183546	1	0.5	151
	chrI	183548	1	0.5	133
	chrI	183548	1	0.5	141
	chrI	183548	1	0.5	144
	chrI	183548	1	2.5	151
	chrI	183550	1	0.5	122
	chrI	183553	1	0.5	142
	chrI	183554	0	0.5	151
	chrI	183554	1	0.5	151
	chrI	183558	0	0.5	76
	chrI	183558	0	0.5	125
	chrI	183559	0	0.5	81
	chrI	183561	0	0.5	151
	chrI	183566	1	0.5	149
	chrI	183568	1	1.5	151
	chrI	183569	0	0.5	107
	chrI	183569	1	0.5	151
	chrI	183572	0	0.5	73
	chrI	183572	0	0.5	78
	chrI	183572	0	0.5	101
	chrI	183572	1	0.5	151
	chrI	183573	0	0.5	151
	chrI	183575	1	1.0	148
	chrI	183575	1	1.0	151
	chrI	183579	0	0.5	68
	chrI	183579	1	1.0	96
	chrI	183588	1	0.5	49
	chrI	183593	1	1.0	151
	chrI	183593	1	1.0	54
	chrI	183593	1	0.5	120
	chrI	183593	1	0.5	123
	chrI	183594	1	0.5	35
	chrI	183595	0	0.5	139
	chrI	183595	0	0.5	151
	chrI	183597	0	0.5	82
	chrI	183619	0	1.5	151
	chrI	183619	0	0.5	59
	chrI	183624	0	0.5	52
	chrI	183625	1	0.5	49
	chrI	183636	0	1.5	106
	chrI	183640	0	0.5	104
	chrI	183640	1	0.5	81
	chrI	183645	1	0.5	67
	chrI	183647	0	0.5	151
	chrI	183647	1	0.5	76
	chrI	183648	0	0.5	151
	chrI	183654	0	1.5	151
	chrI	183654	0	0.5	63
	chrI	183670	1	0.5	99
	chrI	183671	0	0.5	74
	chrI	183676	0	1.0	151
	chrI	183678	1	0.5	52
	chrI	183678	1	0.5	80
	chrI	183678	1	0.5	107
	chrI	183680	0	0.5	151
	chrI	183680	1	0.5	59
	chrI	183682	0	0.5	61
	chrI	183684	1	0.5	125
	chrI	183685	0	1.0	151
	chrI	183687	1	0.5	150
	chrI	183689	0	0.5	151
	chrI	183689	0	0.5	48
	chrI	183707	1	0.5	151
	chrI	183716	0	1.0	151
	chrI	183717	1	0.5	63
	chrI	183726	0	0.5	122
	chrI	183726	1	0.5	151
	chrI	183733	1	0.5	139
	chrI	183734	0	1.5	151
	chrI	183735	1	0.5	143
	chrI	183738	1	0.5	48
	chrI	183743	1	0.5	151
	chrI	183745	0	1.0	151
	chrI	183745	1	0.5	61
	chrI	183745	1	0.5	104
	chrI	183745	1	1.5	106
	chrI	183749	1	0.5	74
	chrI	183750	0	0.5	146
	chrI	183754	0	0.5	143
	chrI	183758	0	0.5	65
	chrI	183758	1	0.5	151
	chrI	183765	0	1.0	151
	chrI	183767	0	0.5	131
	chrI	183782	0	1.0	136
	chrI	183808	1	1.5	151
	chrI	183809	0	0.5	151
	chrI	183823	1	0.5	151
	chrI	183824	1	0.5	65
	chrI	183830	1	0.5	151
	chrI	183831	1	1.0	151
	chrI	183833	0	1.0	141
	chrI	183833	0	1.0	151
	chrI	183834	1	0.5	151
	chrI	183836	0	0.5	93
	chrI	183837	0	1.0	147
	chrI	183850	1	0.5	122
	chrI	183859	0	0.5	151
	chrI	183859	1	1.0	151
	chrI	183884	1	0.5	151
	chrI	183889	0	1.0	136
	chrI	183889	0	0.5	112
	chrI	183890	1	2.0	151
	chrI	183895	1	0.5	146
	chrI	183895	1	0.5	151
	chrI	183896	1	0.5	143
	chrI	183897	1	0.5	131
	chrI	183898	0	0.5	151
	chrI	183906	0	1.0	87
	chrI	183917	1	1.0	136
	chrI	183921	1	1.0	151
	chrI	183923	0	1.0	91
	chrI	183931	1	0.5	93
	chrI	183935	0	0.5	44
	chrI	183944	0	0.5	47
	chrI	183951	1	0.5	151
	chrI	183960	0	0.5	151
	chrI	183964	0	0.5	86
	chrI	183964	0	0.5	120
	chrI	183965	0	0.5	146
	chrI	183973	1	1.0	141
	chrI	183980	0	0.5	105
	chrI	183980	0	0.5	109
	chrI	183980	1	0.5	44
	chrI	183983	1	1.0	147
	chrI	183984	0	0.5	151
	chrI	183988	1	0.5	151
	chrI	183991	1	0.5	47
	chrI	183994	0	0.5	151
	chrI	183994	1	1.0	87
	chrI	184000	1	1.0	151
	chrI	184002	1	0.5	112
	chrI	184014	1	0.5	151
	chrI	184015	1	0.5	151
	chrI	184015	1	1.0	91
	chrI	184020	0	0.5	151
	chrI	184024	1	1.0	136
	chrI	184038	0	1.0	128
	chrI	184038	0	1.0	151
	chrI	184047	0	0.5	96
	chrI	184047	0	0.5	98
	chrI	184050	1	0.5	86
	chrI	184056	0	1.0	151
	chrI	184056	0	0.5	100
	chrI	184056	0	0.5	115
	chrI	184063	0	0.5	91
	chrI	184068	1	0.5	149
	chrI	184070	1	1.5	151
	chrI	184075	0	0.5	147
	chrI	184076	0	0.5	132
	chrI	184083	0	1.5	139
	chrI	184085	1	0.5	120
	chrI	184086	0	0.5	114
	chrI	184086	1	0.5	105
	chrI	184090	1	0.5	109
	chrI	184092	0	0.5	149
	chrI	184096	0	0.5	114
	chrI	184110	1	0.5	146
	chrI	184128	1	0.5	151
	chrI	184145	1	0.5	96
	chrI	184145	1	0.5	98
	chrI	184147	0	1.0	137
	chrI	184156	1	0.5	91
	chrI	184157	1	0.5	151
	chrI	184157	1	0.5	100
	chrI	184169	0	0.5	151
	chrI	184172	1	1.0	128
	chrI	184172	1	0.5	151
	chrI	184172	1	0.5	115
	chrI	184174	0	0.5	134
	chrI	184180	1	0.5	151
	chrI	184192	1	1.0	151
	chrI	184199	0	0.5	106
	chrI	184202	1	0.5	114
	chrI	184207	1	0.5	132
	chrI	184210	1	0.5	114
	chrI	184221	1	1.5	139
	chrI	184221	1	0.5	147
	chrI	184225	0	0.5	136
	chrI	184225	1	1.0	151
	chrI	184226	0	1.0	151
	chrI	184240	1	0.5	149
	chrI	184257	0	0.5	151
	chrI	184260	0	0.5	130
	chrI	184264	0	0.5	126
	chrI	184281	0	0.5	68
	chrI	184283	1	1.0	137
	chrI	184305	1	0.5	106
	chrI	184306	0	0.5	149
	chrI	184307	1	0.5	134
	chrI	184316	0	0.5	45
	chrI	184318	0	0.5	125
	chrI	184343	0	0.5	47
	chrI	184351	1	0.5	68
	chrI	184353	0	0.5	116
	chrI	184360	1	0.5	136
	chrI	184361	1	0.5	151
	chrI	184363	0	0.5	151
	chrI	184363	1	0.5	45
	chrI	184369	0	0.5	151
	chrI	184383	0	0.5	120
	chrI	184386	0	0.5	151
	chrI	184389	1	0.5	130
	chrI	184391	1	0.5	126
	chrI	184393	1	0.5	47
	chrI	184394	1	1.0	151
	chrI	184405	0	1.0	151
	chrI	184442	0	0.5	128
	chrI	184442	0	0.5	151
	chrI	184445	1	0.5	125
	chrI	184452	1	0.5	151
	chrI	184454	1	0.5	149
	chrI	184455	0	0.5	151
	chrI	184465	0	1.0	75
	chrI	184471	1	0.5	116
	chrI	184476	0	1.0	134
	chrI	184476	0	0.5	151
	chrI	184496	0	0.5	112
	chrI	184501	0	0.5	151
	chrI	184505	1	0.5	120
	chrI	184514	0	1.0	133
	chrI	184519	0	0.5	151
	chrI	184520	0	1.0	139
	chrI	184520	0	0.5	124
	chrI	184526	0	0.5	93
	chrI	184527	0	0.5	151
	chrI	184533	0	0.5	151
	chrI	184539	0	1.0	151
	chrI	184541	1	0.5	151
	chrI	184542	0	1.0	97
	chrI	184542	0	0.5	98
	chrI	184543	1	1.0	75
	chrI	184549	1	0.5	151
	chrI	184550	0	1.0	151
	chrI	184554	0	1.0	151
	chrI	184562	0	1.0	76
	chrI	184566	0	0.5	142
	chrI	184572	1	0.5	128
	chrI	184585	0	0.5	86
	chrI	184587	0	0.5	53
	chrI	184587	1	1.0	151
	chrI	184592	0	0.5	81
	chrI	184609	1	1.0	134
	chrI	184609	1	0.5	112
	chrI	184616	0	1.5	132
	chrI	184620	1	0.5	93
	chrI	184625	0	1.0	139
	chrI	184629	1	0.5	151
	chrI	184640	1	1.0	76
	chrI	184642	1	0.5	151
	chrI	184642	1	0.5	53
	chrI	184642	1	0.5	98
	chrI	184643	1	0.5	151
	chrI	184643	1	1.0	97
	chrI	184645	1	0.5	124
	chrI	184646	1	1.0	133
	chrI	184650	0	0.5	151
	chrI	184658	1	1.0	139
	chrI	184660	0	1.0	80
	chrI	184660	0	0.5	81
	chrI	184660	0	0.5	102
	chrI	184660	0	1.0	126
	chrI	184660	1	0.5	151
	chrI	184661	0	0.5	120
	chrI	184671	1	0.5	86
	chrI	184673	1	0.5	81
	chrI	184681	0	0.5	151
	chrI	184687	0	1.0	138
	chrI	184696	1	0.5	151
	chrI	184707	1	0.5	142
	chrI	184707	1	3.5	151
	chrI	184708	0	0.5	107
	chrI	184709	0	0.5	102
	chrI	184710	0	0.5	136
	chrI	184710	0	0.5	88
	chrI	184710	0	0.5	107
	chrI	184713	0	1.0	81
	chrI	184720	0	1.0	60
	chrI	184727	1	0.5	151
	chrI	184729	0	1.0	143
	chrI	184729	0	0.5	151
	chrI	184730	0	0.5	91
	chrI	184741	1	1.0	80
	chrI	184741	1	0.5	81
	chrI	184747	1	1.5	132
	chrI	184756	0	0.5	95
	chrI	184759	0	1.0	78
	chrI	184763	1	1.0	139
	chrI	184763	1	0.5	102
	chrI	184766	0	0.5	90
	chrI	184782	1	1.0	60
	chrI	184785	1	0.5	120
	chrI	184787	1	1.0	126
	chrI	184793	0	1.0	151
	chrI	184794	0	0.5	151
	chrI	184794	1	1.0	81
	chrI	184797	0	0.5	151
	chrI	184797	1	0.5	88
	chrI	184798	0	0.5	151
	chrI	184798	0	1.0	97
	chrI	184798	0	0.5	122
	chrI	184799	0	2.0	151
	chrI	184799	0	1.0	53
	chrI	184802	0	1.0	127
	chrI	184812	1	0.5	102
	chrI	184817	1	0.5	107
	chrI	184822	0	0.5	151
	chrI	184822	0	0.5	43
	chrI	184822	1	0.5	91
	chrI	184823	1	0.5	107
	chrI	184824	1	1.0	138
	chrI	184825	0	0.5	115
	chrI	184826	0	0.5	151
	chrI	184838	1	1.0	78
	chrI	184845	1	0.5	136
	chrI	184850	1	0.5	95
	chrI	184854	0	1.0	78
	chrI	184856	1	1.0	53
	chrI	184857	1	0.5	90
	chrI	184859	1	0.5	151
	chrI	184867	1	0.5	43
	chrI	184871	0	0.5	151
	chrI	184871	1	1.0	143
	chrI	184872	0	0.5	135
	chrI	184880	1	0.5	151
	chrI	184896	1	1.0	97
	chrI	184904	0	0.5	111
	chrI	184904	0	0.5	114
	chrI	184921	0	0.5	29
	chrI	184921	1	0.5	122
	chrI	184922	0	0.5	79
	chrI	184929	0	0.5	61
	chrI	184930	1	1.0	127
	chrI	184931	0	0.5	150
	chrI	184935	1	1.0	78
	chrI	184941	1	0.5	115
	chrI	184950	1	0.5	151
	chrI	184953	1	0.5	29
	chrI	184955	0	0.5	151
	chrI	184956	0	0.5	151
	chrI	184957	1	0.5	151
	chrI	184959	0	0.5	125
	chrI	184960	0	1.0	151
	chrI	184962	0	1.0	151
	chrI	184962	1	1.0	151
	chrI	184965	0	0.5	151
	chrI	184969	0	0.5	125
	chrI	184971	1	1.0	151
	chrI	184972	0	0.5	150
	chrI	184972	0	0.5	151
	chrI	184975	0	0.5	82
	chrI	184984	0	0.5	151
	chrI	184987	0	0.5	89
	chrI	184988	0	2.0	151
	chrI	184990	1	1.0	151
	chrI	184991	1	0.5	61
	chrI	184999	0	0.5	151
	chrI	185002	1	0.5	79
	chrI	185004	0	0.5	136
	chrI	185006	1	0.5	135
	chrI	185010	0	1.0	125
	chrI	185010	0	0.5	126
	chrI	185011	0	1.0	136
	chrI	185016	1	0.5	151
	chrI	185017	1	0.5	151
	chrI	185018	1	0.5	111
	chrI	185018	1	0.5	114
	chrI	185019	0	0.5	96
	chrI	185020	0	0.5	131
	chrI	185023	1	0.5	151
	chrI	185031	1	0.5	151
	chrI	185039	1	0.5	151
	chrI	185057	1	0.5	82
	chrI	185062	0	0.5	110
	chrI	185075	1	0.5	89
	chrI	185080	1	0.5	150
	chrI	185081	0	0.5	66
	chrI	185083	0	0.5	151
	chrI	185085	1	0.5	125
	chrI	185096	1	0.5	125
	chrI	185117	1	0.5	96
	chrI	185118	0	0.5	151
	chrI	185121	1	0.5	150
	chrI	185123	0	0.5	151
	chrI	185123	1	1.0	151
	chrI	185124	1	1.0	151
	chrI	185125	0	0.5	151
	chrI	185136	1	1.5	151
	chrI	185137	1	0.5	151
	chrI	185137	1	0.5	126
	chrI	185138	0	0.5	151
	chrI	185138	1	2.0	151
	chrI	185138	1	1.0	125
	chrI	185139	0	0.5	151
	chrI	185139	1	0.5	136
	chrI	185140	0	0.5	151
	chrI	185143	0	2.0	132
	chrI	185143	0	1.0	151
	chrI	185146	1	1.0	136
	chrI	185148	1	0.5	66
	chrI	185150	1	0.5	131
	chrI	185157	1	0.5	151
	chrI	185160	0	0.5	151
	chrI	185168	0	0.5	151
	chrI	185173	1	0.5	110
	chrI	185197	0	0.5	151
	chrI	185201	1	0.5	151
	chrI	185235	0	0.5	151
	chrI	185237	0	0.5	104
	chrI	185239	1	0.5	151
	chrI	185251	0	1.0	106
	chrI	185267	0	0.5	151
	chrI	185274	1	2.0	132
	chrI	185275	1	1.0	151
	chrI	185280	0	0.5	151
	chrI	185281	0	1.0	151
	chrI	185282	0	1.0	151
	chrI	185283	0	0.5	118
	chrI	185289	1	0.5	151
	chrI	185290	1	0.5	151
	chrI	185292	0	1.0	151
	chrI	185295	1	0.5	151
	chrI	185300	0	1.0	151
	chrI	185301	0	0.5	133
	chrI	185310	0	2.0	151
	chrI	185310	1	1.5	151
	chrI	185311	0	1.5	151
	chrI	185312	0	0.5	151
	chrI	185312	1	0.5	151
	chrI	185317	0	0.5	145
	chrI	185317	0	0.5	151
	chrI	185325	0	0.5	146
	chrI	185333	0	0.5	137
	chrI	185334	1	0.5	151
	chrI	185336	0	0.5	134
	chrI	185336	0	0.5	151
	chrI	185342	1	0.5	104
	chrI	185348	1	0.5	151
	chrI	185358	1	1.0	106
	chrI	185362	1	0.5	151
	chrI	185387	0	0.5	54
	chrI	185387	0	0.5	67
	chrI	185390	0	0.5	94
	chrI	185403	1	0.5	118
	chrI	185409	0	0.5	151
	chrI	185419	0	0.5	151
	chrI	185428	1	0.5	151
	chrI	185433	1	0.5	133
	chrI	185433	1	0.5	151
	chrI	185434	0	0.5	151
	chrI	185444	1	0.5	54
	chrI	185447	0	0.5	145
	chrI	185449	0	0.5	151
	chrI	185449	1	0.5	151
	chrI	185450	1	0.5	151
	chrI	185454	1	0.5	67
	chrI	185459	0	0.5	151
	chrI	185461	1	0.5	145
	chrI	185461	1	0.5	151
	chrI	185462	0	0.5	151
	chrI	185462	1	0.5	151
	chrI	185465	0	0.5	143
	chrI	185469	1	0.5	134
	chrI	185469	1	0.5	137
	chrI	185469	1	2.5	151
	chrI	185470	0	1.5	151
	chrI	185470	1	0.5	146
	chrI	185470	1	1.0	151
	chrI	185477	1	0.5	151
	chrI	185479	1	1.0	151
	chrI	185480	0	0.5	139
	chrI	185482	1	1.0	151
	chrI	185483	0	0.5	151
	chrI	185485	1	0.5	94
	chrI	185489	0	0.5	151
	chrI	185489	0	0.5	125
	chrI	185494	1	1.0	151
	chrI	185504	0	0.5	135
	chrI	185513	0	1.0	151
	chrI	185513	1	0.5	151
	chrI	185514	0	0.5	107
	chrI	185549	0	1.0	151
	chrI	185571	1	0.5	151
	chrI	185576	0	0.5	151
	chrI	185591	1	0.5	145
	chrI	185594	0	0.5	151
	chrI	185594	1	0.5	151
	chrI	185598	0	0.5	151
	chrI	185607	1	0.5	143
	chrI	185610	0	1.0	151
	chrI	185613	0	0.5	151
	chrI	185618	1	0.5	139
	chrI	185618	1	0.5	151
	chrI	185621	1	0.5	151
	chrI	185621	1	0.5	107
	chrI	185621	1	0.5	125
	chrI	185622	0	0.5	151
	chrI	185622	0	0.5	111
	chrI	185623	0	0.5	151
	chrI	185624	0	0.5	151
	chrI	185627	0	0.5	151
	chrI	185627	0	0.5	105
	chrI	185634	0	1.0	121
	chrI	185635	1	0.5	151
	chrI	185637	1	2.0	151
	chrI	185638	1	0.5	135
	chrI	185645	1	0.5	151
	chrI	185649	0	0.5	88
	chrI	185650	0	0.5	151
	chrI	185654	0	0.5	151
	chrI	185663	0	0.5	151
	chrI	185663	0	0.5	94
	chrI	185686	0	0.5	92
	chrI	185688	0	1.0	46
	chrI	185694	0	1.0	123
	chrI	185694	0	0.5	125
	chrI	185694	0	1.0	126
	chrI	185698	0	0.5	100
	chrI	185703	0	0.5	92
	chrI	185703	0	0.5	93
	chrI	185703	1	0.5	151
	chrI	185706	1	1.0	151
	chrI	185709	1	1.0	151
	chrI	185711	0	0.5	151
	chrI	185733	1	0.5	105
	chrI	185734	0	0.5	64
	chrI	185735	1	0.5	111
	chrI	185736	0	0.5	91
	chrI	185737	1	1.0	46
	chrI	185738	1	0.5	88
	chrI	185750	0	0.5	149
	chrI	185756	1	1.0	121
	chrI	185761	1	0.5	94
	chrI	185762	0	0.5	55
	chrI	185764	0	1.0	122
	chrI	185765	1	1.0	151
	chrI	185767	1	0.5	151
	chrI	185770	1	0.5	151
	chrI	185773	0	0.5	136
	chrI	185773	0	0.5	44
	chrI	185774	0	0.5	68
	chrI	185779	1	0.5	92
	chrI	185782	1	0.5	151
	chrI	185785	1	0.5	151
	chrI	185786	0	0.5	100
	chrI	185796	1	0.5	92
	chrI	185796	1	0.5	93
	chrI	185797	0	0.5	151
	chrI	185799	0	0.5	90
	chrI	185801	1	0.5	151
	chrI	185801	1	0.5	64
	chrI	185801	1	0.5	100
	chrI	185802	1	0.5	151
	chrI	185807	0	0.5	151
	chrI	185812	1	0.5	151
	chrI	185817	1	0.5	151
	chrI	185818	1	1.0	151
	chrI	185818	1	0.5	44
	chrI	185818	1	0.5	55
	chrI	185818	1	1.0	123
	chrI	185818	1	0.5	125
	chrI	185820	0	0.5	151
	chrI	185823	1	1.0	126
	chrI	185828	1	0.5	91
	chrI	185832	0	0.5	141
	chrI	185832	0	0.5	96
	chrI	185838	0	0.5	114
	chrI	185838	0	0.5	116
	chrI	185844	1	0.5	68
	chrI	185845	0	0.5	44
	chrI	185847	1	0.5	151
	chrI	185848	0	0.5	151
	chrI	185863	0	0.5	58
	chrI	185863	0	0.5	74
	chrI	185869	0	1.0	96
	chrI	185886	0	0.5	147
	chrI	185886	1	0.5	100
	chrI	185886	1	1.0	122
	chrI	185889	1	0.5	151
	chrI	185891	1	0.5	44
	chrI	185891	1	0.5	90
	chrI	185892	0	0.5	137
	chrI	185893	0	0.5	151
	chrI	185895	0	1.5	151
	chrI	185898	1	0.5	149
	chrI	185908	0	0.5	151
	chrI	185908	1	0.5	136
	chrI	185921	1	0.5	58
	chrI	185925	0	0.5	131
	chrI	185932	1	0.5	96
	chrI	185937	1	0.5	74
	chrI	185954	1	0.5	114
	chrI	185954	1	0.5	116
	chrI	185959	0	0.5	128
	chrI	185962	1	0.5	151
	chrI	185963	0	0.5	151
	chrI	185967	1	1.0	96
	chrI	185969	0	0.5	58
	chrI	185972	1	0.5	141
	chrI	185984	1	0.5	151
	chrI	185989	0	0.5	107
	chrI	185995	0	1.5	139
	chrI	185997	0	0.5	151
	chrI	185998	0	0.5	137
	chrI	186009	0	1.5	99
	chrI	186011	0	0.5	151
	chrI	186013	0	0.5	151
	chrI	186015	1	0.5	151
	chrI	186023	0	0.5	89
	chrI	186024	0	0.5	151
	chrI	186028	1	0.5	137
	chrI	186028	1	0.5	58
	chrI	186032	0	0.5	151
	chrI	186032	1	0.5	147
	chrI	186046	0	0.5	97
	chrI	186054	0	0.5	144
	chrI	186055	1	0.5	131
	chrI	186058	1	0.5	151
	chrI	186060	0	0.5	151
	chrI	186081	0	0.5	151
	chrI	186084	0	0.5	151
	chrI	186088	0	0.5	151
	chrI	186089	1	0.5	128
	chrI	186093	0	1.0	151
	chrI	186096	1	0.5	151
	chrI	186098	1	0.5	107
	chrI	186108	1	1.5	99
	chrI	186112	1	0.5	89
	chrI	186126	1	0.5	151
	chrI	186127	0	0.5	48
	chrI	186132	0	0.5	102
	chrI	186133	1	1.5	139
	chrI	186134	1	0.5	137
	chrI	186143	1	0.5	97
	chrI	186148	1	0.5	151
	chrI	186156	0	0.5	151
	chrI	186156	0	0.5	79
	chrI	186163	0	0.5	125
	chrI	186165	1	0.5	151
	chrI	186176	1	0.5	48
	chrI	186183	0	0.5	151
	chrI	186183	0	0.5	124
	chrI	186186	1	0.5	151
	chrI	186191	1	0.5	151
	chrI	186195	0	0.5	136
	chrI	186197	1	0.5	144
	chrI	186201	1	0.5	151
	chrI	186208	1	1.0	151
	chrI	186213	0	0.5	150
	chrI	186222	0	0.5	104
	chrI	186228	0	0.5	82
	chrI	186234	1	0.5	102
	chrI	186235	1	0.5	79
	chrI	186237	0	0.5	127
	chrI	186245	1	1.0	151
	chrI	186247	1	1.0	151
	chrI	186252	0	0.5	65
	chrI	186254	0	0.5	112
	chrI	186263	1	0.5	151
	chrI	186265	1	0.5	151
	chrI	186279	1	0.5	151
	chrI	186289	1	0.5	125
	chrI	186294	0	0.5	65
	chrI	186308	1	0.5	124
	chrI	186309	0	0.5	151
	chrI	186311	1	0.5	82
	chrI	186319	1	0.5	65
	chrI	186328	1	0.5	104
	chrI	186330	1	0.5	136
	chrI	186332	0	0.5	138
	chrI	186343	0	0.5	114
	chrI	186350	1	0.5	151
	chrI	186360	1	0.5	65
	chrI	186362	1	0.5	150
	chrI	186364	0	0.5	151
	chrI	186366	1	0.5	127
	chrI	186367	1	0.5	112
	chrI	186369	0	0.5	125
	chrI	186369	1	1.0	151
	chrI	186413	0	1.5	151
	chrI	186413	0	1.0	88
	chrI	186415	0	1.0	151
	chrI	186426	0	1.0	151
	chrI	186459	1	0.5	114
	chrI	186469	1	0.5	138
	chrI	186470	0	0.5	111
	chrI	186491	1	0.5	151
	chrI	186494	1	0.5	125
	chrI	186503	1	1.0	88
	chrI	186508	0	0.5	59
	chrI	186510	0	0.5	151
	chrI	186511	0	0.5	92
	chrI	186514	1	0.5	151
	chrI	186528	0	0.5	151
	chrI	186532	0	0.5	151
	chrI	186534	0	0.5	85
	chrI	186543	0	1.0	151
	chrI	186544	0	0.5	151
	chrI	186565	0	0.5	135
	chrI	186568	1	0.5	59
	chrI	186570	1	0.5	151
	chrI	186580	1	1.0	151
	chrI	186583	1	0.5	151
	chrI	186583	1	0.5	111
	chrI	186585	1	0.5	151
	chrI	186593	0	0.5	151
	chrI	186603	1	0.5	92
	chrI	186609	0	0.5	151
	chrI	186620	1	0.5	85
	chrI	186637	0	0.5	151
	chrI	186644	0	0.5	151
	chrI	186666	1	0.5	151
	chrI	186670	0	0.5	151
	chrI	186673	0	1.0	150
	chrI	186674	0	0.5	118
	chrI	186680	0	1.0	114
	chrI	186690	0	0.5	151
	chrI	186696	1	0.5	151
	chrI	186698	1	0.5	151
	chrI	186699	1	0.5	135
	chrI	186700	1	0.5	151
	chrI	186703	0	0.5	151
	chrI	186704	0	0.5	133
	chrI	186705	0	0.5	133
	chrI	186705	0	0.5	50
	chrI	186707	0	0.5	151
	chrI	186711	0	0.5	58
	chrI	186712	0	0.5	103
	chrI	186715	0	0.5	147
	chrI	186715	1	1.0	151
	chrI	186718	0	0.5	87
	chrI	186719	0	2.5	151
	chrI	186719	0	0.5	99
	chrI	186722	0	0.5	151
	chrI	186723	0	1.0	151
	chrI	186752	0	0.5	95
	chrI	186753	1	0.5	48
	chrI	186757	0	0.5	151
	chrI	186760	1	0.5	151
	chrI	186768	1	0.5	151
	chrI	186771	1	0.5	58
	chrI	186774	0	0.5	92
	chrI	186776	0	0.5	151
	chrI	186777	0	1.0	151
	chrI	186780	0	0.5	151
	chrI	186794	0	1.5	151
	chrI	186795	1	1.0	114
	chrI	186796	1	0.5	118
	chrI	186805	1	0.5	87
	chrI	186816	1	0.5	103
	chrI	186819	1	0.5	151
	chrI	186819	1	0.5	99
	chrI	186822	1	1.0	150
	chrI	186836	1	0.5	133
	chrI	186837	1	0.5	133
	chrI	186846	1	0.5	151
	chrI	186848	1	0.5	95
	chrI	186849	0	0.5	73
	chrI	186849	0	0.5	74
	chrI	186849	1	0.5	151
	chrI	186857	0	0.5	91
	chrI	186861	1	0.5	147
	chrI	186862	0	1.0	103
	chrI	186865	0	1.0	118
	chrI	186866	0	0.5	118
	chrI	186867	1	0.5	92
	chrI	186868	1	0.5	151
	chrI	186877	1	0.5	149
	chrI	186878	1	0.5	150
	chrI	186879	0	0.5	151
	chrI	186879	0	0.5	99
	chrI	186879	1	2.5	151
	chrI	186880	0	0.5	131
	chrI	186880	1	0.5	151
	chrI	186883	0	0.5	100
	chrI	186884	0	1.0	150
	chrI	186889	0	0.5	151
	chrI	186908	1	0.5	151
	chrI	186909	0	0.5	38
	chrI	186911	0	0.5	151
	chrI	186915	0	1.0	151
	chrI	186924	1	1.0	74
	chrI	186926	0	1.0	151
	chrI	186932	1	1.0	151
	chrI	186935	0	1.0	141
	chrI	186935	1	0.5	151
	chrI	186938	0	0.5	151
	chrI	186949	1	0.5	91
	chrI	186951	1	0.5	38
	chrI	186955	1	0.5	151
	chrI	186959	0	0.5	76
	chrI	186966	1	1.0	103
	chrI	186968	0	1.0	151
	chrI	186979	0	0.5	151
	chrI	186979	1	0.5	99
	chrI	186981	1	0.5	151
	chrI	186984	1	0.5	100
	chrI	186984	1	1.5	118
	chrI	186986	0	2.5	151
	chrI	186989	0	1.0	151
	chrI	186995	1	1.5	151
	chrI	186996	0	0.5	149
	chrI	186996	0	1.0	151
	chrI	186997	1	1.0	151
	chrI	187010	1	0.5	131
	chrI	187011	0	0.5	151
	chrI	187011	0	1.0	82
	chrI	187014	0	0.5	136
	chrI	187020	0	0.5	84
	chrI	187020	0	0.5	85
	chrI	187033	0	0.5	113
	chrI	187033	1	1.0	150
	chrI	187036	1	0.5	76
	chrI	187052	1	0.5	151
	chrI	187053	0	0.5	58
	chrI	187068	1	0.5	151
	chrI	187075	1	1.0	141
	chrI	187077	0	0.5	68
	chrI	187081	1	1.5	151
	chrI	187089	0	0.5	151
	chrI	187090	0	0.5	136
	chrI	187090	0	0.5	55
	chrI	187095	1	1.0	82
	chrI	187099	0	0.5	131
	chrI	187099	1	0.5	135
	chrI	187104	1	0.5	84
	chrI	187104	1	0.5	85
	chrI	187107	1	1.0	151
	chrI	187111	0	0.5	147
	chrI	187112	0	1.0	121
	chrI	187112	1	0.5	151
	chrI	187112	1	0.5	58
	chrI	187113	0	0.5	151
	chrI	187118	0	1.0	151
	chrI	187122	0	0.5	139
	chrI	187141	1	0.5	151
	chrI	187142	0	0.5	151
	chrI	187144	1	0.5	149
	chrI	187145	1	2.0	151
	chrI	187146	1	2.0	151
	chrI	187146	1	0.5	55
	chrI	187146	1	0.5	68
	chrI	187146	1	0.5	113
	chrI	187149	1	0.5	136
	chrI	187150	0	0.5	119
	chrI	187151	0	1.0	77
	chrI	187153	0	0.5	145
	chrI	187165	1	1.0	151
	chrI	187166	1	0.5	151
	chrI	187167	1	0.5	151
	chrI	187175	0	1.0	126
	chrI	187182	0	1.0	151
	chrI	187194	0	0.5	118
	chrI	187216	0	0.5	151
	chrI	187225	1	0.5	136
	chrI	187229	1	0.5	131
	chrI	187229	1	1.0	77
	chrI	187230	0	0.5	151
	chrI	187232	0	1.0	151
	chrI	187232	0	0.5	125
	chrI	187233	1	1.0	121
	chrI	187251	0	0.5	72
	chrI	187254	0	0.5	67
	chrI	187254	0	0.5	69
	chrI	187257	1	0.5	147
	chrI	187257	1	0.5	151
	chrI	187260	1	0.5	139
	chrI	187261	0	0.5	151
	chrI	187263	0	2.0	146
	chrI	187263	0	0.5	70
	chrI	187271	1	0.5	119
	chrI	187279	0	1.5	151
	chrI	187279	0	0.5	59
	chrI	187288	1	1.0	151
	chrI	187297	0	0.5	148
	chrI	187297	1	0.5	145
	chrI	187298	0	0.5	85
	chrI	187300	1	0.5	151
	chrI	187301	1	1.0	126
	chrI	187308	1	0.5	151
	chrI	187310	0	0.5	151
	chrI	187312	0	0.5	114
	chrI	187312	0	1.0	122
	chrI	187312	1	0.5	118
	chrI	187316	0	0.5	39
	chrI	187323	1	0.5	72
	chrI	187324	1	0.5	67
	chrI	187324	1	0.5	69
	chrI	187332	1	1.0	151
	chrI	187334	1	0.5	70
	chrI	187338	1	0.5	59
	chrI	187341	0	0.5	151
	chrI	187348	0	2.0	151
	chrI	187349	0	0.5	131
	chrI	187356	1	0.5	39
	chrI	187357	1	0.5	125
	chrI	187360	0	0.5	38
	chrI	187361	0	0.5	62
	chrI	187376	0	0.5	78
	chrI	187378	0	1.5	91
	chrI	187383	0	0.5	151
	chrI	187383	1	0.5	85
	chrI	187394	0	0.5	137
	chrI	187394	1	1.0	151
	chrI	187399	1	0.5	38
	chrI	187401	0	0.5	151
	chrI	187402	1	0.5	151
	chrI	187405	0	0.5	151
	chrI	187406	0	0.5	47
	chrI	187408	1	2.0	146
	chrI	187408	1	0.5	151
	chrI	187409	0	0.5	82
	chrI	187412	0	0.5	121
	chrI	187424	1	0.5	62
	chrI	187428	1	0.5	114
	chrI	187431	1	0.5	151
	chrI	187432	0	1.0	151
	chrI	187436	1	1.0	122
	chrI	187444	1	0.5	148
	chrI	187444	1	1.5	151
	chrI	187445	0	0.5	120
	chrI	187450	0	1.5	151
	chrI	187454	1	0.5	78
	chrI	187455	1	0.5	47
	chrI	187458	0	0.5	96
	chrI	187470	1	1.5	91
	chrI	187479	1	0.5	131
	chrI	187493	1	0.5	151
	chrI	187494	1	0.5	82
	chrI	187504	1	0.5	151
	chrI	187505	0	0.5	106
	chrI	187507	0	0.5	149
	chrI	187509	0	0.5	128
	chrI	187523	1	2.0	151
	chrI	187530	1	0.5	137
	chrI	187533	1	0.5	121
	chrI	187555	0	0.5	50
	chrI	187556	1	0.5	96
	chrI	187566	1	0.5	120
	chrI	187567	0	0.5	151
	chrI	187567	0	0.5	67
	chrI	187571	1	0.5	151
	chrI	187588	1	0.5	151
	chrI	187594	1	1.0	151
	chrI	187595	0	0.5	151
	chrI	187607	1	0.5	50
	chrI	187612	1	0.5	106
	chrI	187615	0	0.5	151
	chrI	187635	1	0.5	67
	chrI	187638	0	0.5	151
	chrI	187639	0	0.5	151
	chrI	187639	1	0.5	128
	chrI	187644	0	0.5	147
	chrI	187644	0	1.0	151
	chrI	187652	0	0.5	135
	chrI	187655	1	0.5	149
	chrI	187655	1	1.5	151
	chrI	187729	1	0.5	151
	chrI	187731	0	0.5	151
	chrI	187731	0	0.5	78
	chrI	187743	0	0.5	151
	chrI	187748	0	0.5	151
	chrI	187764	1	0.5	151
	chrI	187765	0	1.0	151
	chrI	187765	0	0.5	53
	chrI	187768	0	0.5	148
	chrI	187768	0	0.5	151
	chrI	187786	0	0.5	118
	chrI	187786	1	0.5	135
	chrI	187787	0	0.5	151
	chrI	187790	1	0.5	147
	chrI	187798	0	1.0	151
	chrI	187812	0	0.5	136
	chrI	187812	1	0.5	151
	chrI	187812	1	0.5	78
	chrI	187814	0	0.5	151
	chrI	187818	1	0.5	150
	chrI	187820	1	0.5	53
	chrI	187826	0	0.5	78
	chrI	187828	0	0.5	151
	chrI	187832	1	0.5	151
	chrI	187839	0	1.0	150
	chrI	187841	0	0.5	106
	chrI	187843	0	0.5	89
	chrI	187843	0	0.5	102
	chrI	187845	1	0.5	151
	chrI	187855	0	0.5	151
	chrI	187905	1	0.5	118
	chrI	187907	1	0.5	78
	chrI	187915	1	0.5	148
	chrI	187917	0	0.5	121
	chrI	187917	0	0.5	123
	chrI	187919	1	0.5	151
	chrI	187921	1	0.5	151
	chrI	187932	1	0.5	151
	chrI	187934	1	0.5	89
	chrI	187935	0	0.5	151
	chrI	187935	0	0.5	87
	chrI	187935	1	1.0	151
	chrI	187937	0	0.5	150
	chrI	187942	1	0.5	151
	chrI	187944	0	1.0	151
	chrI	187947	1	0.5	136
	chrI	187947	1	0.5	151
	chrI	187947	1	0.5	102
	chrI	187949	1	0.5	106
	chrI	187951	0	0.5	71
	chrI	187961	0	1.0	134
	chrI	187969	0	0.5	108
	chrI	187971	0	1.0	151
	chrI	187975	0	0.5	71
	chrI	187988	1	1.0	150
	chrI	187988	1	2.0	151
	chrI	187990	0	0.5	47
	chrI	187990	0	0.5	48
	chrI	188004	0	0.5	151
	chrI	188007	0	0.5	151
	chrI	188009	0	0.5	150
	chrI	188009	0	3.0	151
	chrI	188011	0	1.5	150
	chrI	188015	0	0.5	73
	chrI	188016	0	1.0	151
	chrI	188023	1	0.5	151
	chrI	188023	1	0.5	71
	chrI	188023	1	0.5	87
	chrI	188026	0	1.5	151
	chrI	188030	0	0.5	151
	chrI	188033	0	0.5	142
	chrI	188035	0	0.5	151
	chrI	188037	1	0.5	47
	chrI	188037	1	0.5	48
	chrI	188038	0	1.0	151
	chrI	188042	1	1.0	123
	chrI	188046	1	0.5	71
	chrI	188076	0	0.5	151
	chrI	188078	1	0.5	108
	chrI	188086	1	0.5	150
	chrI	188089	1	0.5	73
	chrI	188092	1	0.5	132
	chrI	188094	1	0.5	134
	chrI	188096	1	1.0	151
	chrI	188107	1	0.5	151
	chrI	188108	0	0.5	109
	chrI	188115	1	0.5	151
	chrI	188117	0	0.5	77
	chrI	188146	0	0.5	100
	chrI	188146	0	0.5	101
	chrI	188148	0	1.5	132
	chrI	188150	1	1.0	151
	chrI	188151	0	0.5	151
	chrI	188160	1	1.5	150
	chrI	188161	0	0.5	137
	chrI	188161	0	0.5	151
	chrI	188172	1	0.5	151
	chrI	188174	1	0.5	142
	chrI	188175	0	0.5	79
	chrI	188177	0	0.5	151
	chrI	188184	0	0.5	140
	chrI	188193	0	1.0	89
	chrI	188196	0	0.5	151
	chrI	188196	1	4.5	151
	chrI	188196	1	0.5	77
	chrI	188198	0	0.5	133
	chrI	188198	0	1.5	151
	chrI	188198	0	0.5	110
	chrI	188203	1	2.0	151
	chrI	188204	1	2.0	151
	chrI	188218	1	0.5	109
	chrI	188219	0	0.5	151
	chrI	188224	0	0.5	127
	chrI	188224	1	0.5	151
	chrI	188235	0	0.5	99
	chrI	188247	1	0.5	151
	chrI	188248	1	0.5	100
	chrI	188248	1	0.5	101
	chrI	188251	0	0.5	150
	chrI	188256	1	0.5	79
	chrI	188260	0	0.5	62
	chrI	188278	0	0.5	151
	chrI	188279	0	1.0	74
	chrI	188279	1	1.5	132
	chrI	188287	1	1.0	92
	chrI	188288	0	0.5	56
	chrI	188297	1	0.5	137
	chrI	188298	0	0.5	118
	chrI	188310	1	0.5	110
	chrI	188311	1	0.5	151
	chrI	188323	1	0.5	140
	chrI	188323	1	0.5	62
	chrI	188330	1	0.5	133
	chrI	188332	0	0.5	151
	chrI	188335	1	1.0	151
	chrI	188336	1	0.5	99
	chrI	188338	0	0.5	151
	chrI	188347	1	0.5	56
	chrI	188349	0	0.5	151
	chrI	188352	1	0.5	151
	chrI	188352	1	0.5	127
	chrI	188355	0	0.5	151
	chrI	188355	1	1.0	74
	chrI	188361	0	1.0	126
	chrI	188364	0	0.5	65
	chrI	188364	0	1.0	70
	chrI	188376	1	1.0	151
	chrI	188383	1	0.5	151
	chrI	188386	0	1.0	151
	chrI	188388	0	0.5	151
	chrI	188400	0	0.5	120
	chrI	188400	1	0.5	150
	chrI	188406	0	0.5	51
	chrI	188411	0	0.5	104
	chrI	188417	1	0.5	118
	chrI	188418	0	1.0	151
	chrI	188435	1	0.5	65
	chrI	188435	1	1.0	70
	chrI	188438	1	0.5	151
	chrI	188439	0	0.5	57
	chrI	188439	0	1.5	84
	chrI	188446	0	0.5	105
	chrI	188448	0	0.5	60
	chrI	188458	0	0.5	151
	chrI	188458	1	0.5	51
	chrI	188460	0	0.5	80
	chrI	188480	0	0.5	151
	chrI	188491	1	1.0	126
	chrI	188497	0	2.0	151
	chrI	188497	1	0.5	57
	chrI	188498	0	0.5	151
	chrI	188498	0	0.5	91
	chrI	188508	1	0.5	60
	chrI	188512	0	0.5	78
	chrI	188512	1	0.5	151
	chrI	188515	0	0.5	87
	chrI	188515	1	0.5	140
	chrI	188515	1	0.5	104
	chrI	188521	0	0.5	89
	chrI	188521	1	1.0	151
	chrI	188524	1	0.5	120
	chrI	188525	1	0.5	151
	chrI	188525	1	1.5	84
	chrI	188539	0	0.5	108
	chrI	188540	1	0.5	80
	chrI	188545	1	0.5	151
	chrI	188546	0	0.5	84
	chrI	188551	1	1.0	151
	chrI	188551	1	0.5	105
	chrI	188555	0	0.5	39
	chrI	188564	0	0.5	112
	chrI	188569	0	0.5	136
	chrI	188589	0	0.5	86
	chrI	188589	0	0.5	87
	chrI	188590	1	1.0	151
	chrI	188591	1	0.5	78
	chrI	188591	1	0.5	91
	chrI	188595	1	0.5	39
	chrI	188603	1	0.5	87
	chrI	188611	1	0.5	89
	chrI	188612	0	0.5	151
	chrI	188618	1	0.5	151
	chrI	188620	0	0.5	95
	chrI	188625	0	0.5	109
	chrI	188631	1	0.5	84
	chrI	188634	0	1.0	151
	chrI	188639	0	0.5	151
	chrI	188647	1	0.5	108
	chrI	188655	1	0.5	151
	chrI	188656	0	0.5	151
	chrI	188656	0	0.5	92
	chrI	188665	1	2.0	151
	chrI	188672	0	0.5	49
	chrI	188673	1	0.5	151
	chrI	188676	1	0.5	86
	chrI	188676	1	0.5	87
	chrI	188677	1	0.5	112
	chrI	188685	0	0.5	151
	chrI	188698	0	0.5	100
	chrI	188704	1	0.5	136
	chrI	188709	0	1.0	121
	chrI	188717	1	0.5	95
	chrI	188721	1	0.5	49
	chrI	188737	1	0.5	109
	chrI	188750	1	0.5	92
	chrI	188758	0	0.5	151
	chrI	188759	0	1.0	151
	chrI	188776	1	0.5	151
	chrI	188780	0	0.5	67
	chrI	188782	0	1.0	59
	chrI	188786	0	1.0	151
	chrI	188793	1	1.0	151
	chrI	188795	1	0.5	151
	chrI	188797	0	0.5	151
	chrI	188799	0	0.5	61
	chrI	188799	1	0.5	100
	chrI	188801	0	1.0	151
	chrI	188807	1	0.5	151
	chrI	188810	0	0.5	150
	chrI	188815	0	0.5	138
	chrI	188815	0	0.5	147
	chrI	188815	0	0.5	151
	chrI	188815	0	0.5	121
	chrI	188823	0	0.5	112
	chrI	188829	0	0.5	68
	chrI	188832	1	1.0	121
	chrI	188833	0	0.5	151
	chrI	188833	0	1.5	122
	chrI	188835	0	1.0	151
	chrI	188841	1	1.0	59
	chrI	188842	1	0.5	151
	chrI	188850	1	0.5	67
	chrI	188854	0	2.0	100
	chrI	188861	0	0.5	151
	chrI	188862	0	1.0	65
	chrI	188863	1	0.5	61
	chrI	188866	0	1.0	119
	chrI	188872	0	0.5	107
	chrI	188889	0	0.5	80
	chrI	188892	0	0.5	54
	chrI	188898	1	0.5	68
	chrI	188929	1	0.5	151
	chrI	188929	1	1.0	65
	chrI	188936	0	1.0	151
	chrI	188936	1	0.5	151
	chrI	188938	1	0.5	114
	chrI	188939	0	0.5	151
	chrI	188939	1	0.5	121
	chrI	188941	0	0.5	151
	chrI	188941	0	0.5	85
	chrI	188949	1	0.5	54
	chrI	188952	1	0.5	138
	chrI	188955	1	1.0	151
	chrI	188955	1	2.0	100
	chrI	188956	0	0.5	151
	chrI	188959	1	0.5	150
	chrI	188959	1	0.5	151
	chrI	188959	1	1.5	122
	chrI	188960	1	0.5	151
	chrI	188961	0	0.5	139
	chrI	188961	1	0.5	147
	chrI	188961	1	0.5	151
	chrI	188962	0	3.0	151
	chrI	188963	0	0.5	149
	chrI	188963	0	0.5	151
	chrI	188963	0	0.5	127
	chrI	188964	0	1.0	136
	chrI	188964	0	1.0	151
	chrI	188964	0	0.5	77
	chrI	188964	0	1.5	117
	chrI	188965	0	0.5	96
	chrI	188968	0	1.0	113
	chrI	188970	1	0.5	80
	chrI	188978	0	0.5	151
	chrI	188980	1	0.5	107
	chrI	188987	1	1.0	119
	chrI	188988	0	0.5	95
	chrI	188997	0	0.5	102
	chrI	189009	1	0.5	151
	chrI	189011	1	0.5	151
	chrI	189016	0	1.0	151
	chrI	189018	0	0.5	86
	chrI	189021	0	0.5	151
	chrI	189022	1	1.0	151
	chrI	189026	0	0.5	56
	chrI	189028	1	0.5	85
	chrI	189029	1	0.5	151
	chrI	189042	1	0.5	77
	chrI	189044	0	0.5	61
	chrI	189057	0	1.0	151
	chrI	189063	1	0.5	96
	chrI	189082	0	0.5	73
	chrI	189083	1	0.5	56
	chrI	189083	1	1.0	113
	chrI	189083	1	1.5	117
	chrI	189084	0	0.5	58
	chrI	189084	1	0.5	95
	chrI	189086	0	0.5	151
	chrI	189086	0	0.5	113
	chrI	189092	1	0.5	127
	chrI	189093	0	0.5	135
	chrI	189093	0	0.5	136
	chrI	189093	0	0.5	105
	chrI	189094	0	0.5	104
	chrI	189094	0	0.5	126
	chrI	189094	1	0.5	151
	chrI	189095	0	0.5	81
	chrI	189095	0	0.5	103
	chrI	189095	0	0.5	106
	chrI	189095	0	1.5	107
	chrI	189095	0	0.5	117
	chrI	189095	1	1.0	151
	chrI	189096	0	0.5	77
	chrI	189096	0	0.5	78
	chrI	189096	0	0.5	105
	chrI	189096	0	0.5	114
	chrI	189096	0	1.0	120
	chrI	189099	1	1.0	136
	chrI	189099	1	0.5	139
	chrI	189100	1	0.5	102
	chrI	189101	0	1.5	141
	chrI	189104	1	0.5	86
	chrI	189105	1	0.5	151
	chrI	189105	1	0.5	61
	chrI	189111	1	0.5	149
	chrI	189112	0	0.5	62
	chrI	189114	0	0.5	151
	chrI	189132	1	1.0	151
	chrI	189133	1	1.5	151
	chrI	189134	0	0.5	151
	chrI	189137	1	1.5	151
	chrI	189141	1	0.5	151
	chrI	189143	0	1.0	151
	chrI	189144	1	0.5	58
	chrI	189145	0	2.5	151
	chrI	189145	0	1.0	76
	chrI	189145	1	0.5	151
	chrI	189147	0	0.5	112
	chrI	189151	0	0.5	150
	chrI	189156	0	0.5	73
	chrI	189156	1	0.5	73
	chrI	189174	1	0.5	77
	chrI	189175	1	0.5	151
	chrI	189175	1	0.5	62
	chrI	189175	1	0.5	78
	chrI	189177	0	1.0	114
	chrI	189177	1	0.5	81
	chrI	189189	1	0.5	151
	chrI	189196	0	0.5	113
	chrI	189199	1	0.5	103
	chrI	189199	1	0.5	105
	chrI	189202	1	0.5	105
	chrI	189202	1	0.5	106
	chrI	189203	1	0.5	104
	chrI	189203	1	1.0	107
	chrI	189203	1	0.5	113
	chrI	189204	0	1.0	134
	chrI	189204	1	0.5	108
	chrI	189205	0	0.5	140
	chrI	189209	1	0.5	114
	chrI	189212	1	0.5	117
	chrI	189216	1	1.0	120
	chrI	189217	0	0.5	151
	chrI	189219	1	0.5	126
	chrI	189222	1	0.5	76
	chrI	189223	1	0.5	76
	chrI	189225	1	1.0	151
	chrI	189227	1	0.5	135
	chrI	189228	1	0.5	136
	chrI	189229	1	0.5	73
	chrI	189241	1	1.5	141
	chrI	189244	0	1.0	146
	chrI	189244	0	0.5	149
	chrI	189244	0	1.0	92
	chrI	189244	0	0.5	123
	chrI	189247	1	1.0	151
	chrI	189260	1	0.5	112
	chrI	189267	0	1.0	101
	chrI	189267	0	0.5	117
	chrI	189268	1	0.5	151
	chrI	189282	0	0.5	110
	chrI	189286	0	0.5	55
	chrI	189287	0	0.5	63
	chrI	189289	0	0.5	53
	chrI	189289	0	0.5	126
	chrI	189291	0	0.5	151
	chrI	189291	0	0.5	59
	chrI	189291	0	0.5	60
	chrI	189291	0	0.5	62
	chrI	189293	1	1.0	114
	chrI	189295	0	0.5	59
	chrI	189295	0	0.5	60
	chrI	189296	0	1.5	151
	chrI	189296	0	0.5	58
	chrI	189298	0	0.5	51
	chrI	189299	0	0.5	53
	chrI	189300	0	0.5	50
	chrI	189300	1	0.5	150
	chrI	189304	1	1.0	151
	chrI	189307	1	0.5	151
	chrI	189310	1	0.5	113
	chrI	189313	0	1.5	151
	chrI	189314	0	1.5	151
	chrI	189315	0	0.5	117
	chrI	189318	1	0.5	151
	chrI	189320	0	0.5	151
	chrI	189327	1	0.5	151
	chrI	189329	0	1.0	151
	chrI	189329	1	2.5	151
	chrI	189331	0	0.5	149
	chrI	189332	0	0.5	151
	chrI	189332	0	0.5	83
	chrI	189333	0	0.5	151
	chrI	189337	0	0.5	151
	chrI	189337	1	1.0	134
	chrI	189338	1	1.0	92
	chrI	189339	0	0.5	151
	chrI	189339	0	0.5	125
	chrI	189342	1	0.5	53
	chrI	189343	1	0.5	55
	chrI	189347	0	0.5	56
	chrI	189347	0	0.5	57
	chrI	189350	1	0.5	50
	chrI	189350	1	0.5	51
	chrI	189351	1	0.5	59
	chrI	189351	1	0.5	63
	chrI	189352	1	0.5	53
	chrI	189352	1	0.5	60
	chrI	189354	1	0.5	58
	chrI	189354	1	0.5	59
	chrI	189354	1	0.5	62
	chrI	189355	1	0.5	60
	chrI	189356	0	0.5	151
	chrI	189367	0	0.5	69
	chrI	189368	1	0.5	151
	chrI	189368	1	1.0	101
	chrI	189370	0	0.5	102
	chrI	189370	1	0.5	151
	chrI	189372	1	0.5	125
	chrI	189377	0	0.5	100
	chrI	189378	0	1.0	116
	chrI	189384	1	0.5	117
	chrI	189393	1	0.5	110
	chrI	189399	1	1.5	151
	chrI	189401	0	0.5	151
	chrI	189405	1	0.5	56
	chrI	189405	1	0.5	57
	chrI	189416	1	0.5	83
	chrI	189416	1	0.5	126
	chrI	189432	1	0.5	117
	chrI	189439	1	0.5	69
	chrI	189446	0	0.5	151
	chrI	189447	0	0.5	132
	chrI	189456	0	0.5	151
	chrI	189456	0	1.0	105
	chrI	189460	0	0.5	91
	chrI	189462	0	0.5	114
	chrI	189466	0	0.5	82
	chrI	189466	0	0.5	84
	chrI	189466	1	0.5	125
	chrI	189467	1	0.5	151
	chrI	189471	1	2.5	151
	chrI	189472	0	0.5	85
	chrI	189474	1	0.5	151
	chrI	189474	1	0.5	102
	chrI	189475	0	0.5	75
	chrI	189475	0	0.5	109
	chrI	189476	1	0.5	99
	chrI	189478	1	1.0	151
	chrI	189479	1	0.5	149
	chrI	189479	1	0.5	151
	chrI	189482	0	0.5	151
	chrI	189482	0	1.0	69
	chrI	189487	1	0.5	151
	chrI	189488	0	1.0	103
	chrI	189488	1	1.0	151
	chrI	189489	0	0.5	151
	chrI	189489	0	0.5	101
	chrI	189489	1	0.5	151
	chrI	189490	0	1.0	151
	chrI	189490	0	0.5	70
	chrI	189490	0	0.5	100
	chrI	189490	0	0.5	102
	chrI	189495	1	1.0	116
	chrI	189497	1	0.5	151
	chrI	189498	0	0.5	151
	chrI	189498	1	0.5	151
	chrI	189501	0	1.0	103
	chrI	189507	0	0.5	143
	chrI	189513	0	0.5	151
	chrI	189518	1	0.5	151
	chrI	189519	0	0.5	112
	chrI	189528	0	0.5	151
	chrI	189543	0	0.5	151
	chrI	189548	1	0.5	151
	chrI	189549	1	0.5	82
	chrI	189551	0	1.0	151
	chrI	189551	1	0.5	84
	chrI	189552	0	1.0	151
	chrI	189552	1	1.0	69
	chrI	189552	1	0.5	75
	chrI	189553	1	0.5	91
	chrI	189554	1	0.5	151
	chrI	189555	0	1.0	151
	chrI	189561	1	0.5	70
	chrI	189561	1	0.5	85
	chrI	189562	0	2.0	151
	chrI	189562	1	1.0	105
	chrI	189566	0	0.5	131
	chrI	189571	0	0.5	111
	chrI	189572	0	0.5	151
	chrI	189572	0	0.5	107
	chrI	189577	1	0.5	114
	chrI	189578	1	0.5	132
	chrI	189586	1	0.5	109
	chrI	189591	1	0.5	100
	chrI	189591	1	0.5	101
	chrI	189591	1	0.5	102
	chrI	189592	0	0.5	89
	chrI	189593	1	1.0	103
	chrI	189604	0	0.5	78
	chrI	189606	1	0.5	151
	chrI	189608	1	1.0	103
	chrI	189634	1	0.5	112
	chrI	189648	1	0.5	151
	chrI	189649	1	0.5	143
	chrI	189652	1	0.5	151
	chrI	189657	1	1.0	151
	chrI	189676	1	0.5	151
	chrI	189681	1	0.5	107
	chrI	189682	0	0.5	151
	chrI	189682	1	0.5	151
	chrI	189682	1	0.5	89
	chrI	189683	1	0.5	111
	chrI	189684	1	0.5	78
	chrI	189696	1	0.5	131
	chrI	189704	1	0.5	151
	chrI	189705	1	0.5	151
	chrI	189708	1	2.0	151
	chrI	189709	1	1.0	151
	chrI	189710	1	0.5	151
	chrI	189718	0	0.5	98
	chrI	189721	1	2.0	151
	chrI	189750	0	0.5	58
	chrI	189769	0	0.5	138
	chrI	189772	0	1.0	151
	chrI	189777	0	1.0	138
	chrI	189781	0	0.5	82
	chrI	189781	0	1.5	83
	chrI	189794	0	0.5	93
	chrI	189794	0	0.5	95
	chrI	189809	1	0.5	58
	chrI	189810	0	0.5	107
	chrI	189810	0	0.5	108
	chrI	189815	0	1.5	151
	chrI	189817	1	0.5	98
	chrI	189819	0	0.5	151
	chrI	189820	0	0.5	151
	chrI	189824	0	0.5	126
	chrI	189845	0	0.5	72
	chrI	189850	0	0.5	151
	chrI	189850	1	0.5	151
	chrI	189865	1	1.5	83
	chrI	189865	1	0.5	84
	chrI	189881	0	0.5	151
	chrI	189889	1	0.5	93
	chrI	189889	1	0.5	95
	chrI	189896	0	0.5	151
	chrI	189906	0	0.5	151
	chrI	189906	1	0.5	138
	chrI	189907	0	0.5	151
	chrI	189914	1	1.0	138
	chrI	189917	1	0.5	72
	chrI	189918	1	0.5	107
	chrI	189918	1	0.5	108
	chrI	189924	0	0.5	107
	chrI	189931	0	0.5	151
	chrI	189946	0	1.0	151
	chrI	189946	1	1.0	151
	chrI	189953	1	0.5	126
	chrI	189955	0	0.5	150
	chrI	189956	0	1.0	145
	chrI	189964	0	0.5	138
	chrI	189981	1	0.5	151
	chrI	189982	0	0.5	117
	chrI	189983	0	0.5	151
	chrI	189983	0	0.5	101
	chrI	189983	0	0.5	113
	chrI	189983	0	0.5	115
	chrI	189984	0	1.0	151
	chrI	189985	0	0.5	105
	chrI	189985	0	0.5	106
	chrI	189985	1	1.5	151
	chrI	189999	1	0.5	151
	chrI	190002	0	0.5	98
	chrI	190013	0	0.5	75
	chrI	190013	1	0.5	151
	chrI	190014	0	0.5	60
	chrI	190018	0	0.5	151
	chrI	190021	0	1.0	78
	chrI	190032	1	0.5	107
	chrI	190049	0	1.0	98
	chrI	190076	1	0.5	60
	chrI	190077	1	0.5	151
	chrI	190082	0	0.5	131
	chrI	190086	1	0.5	151
	chrI	190086	1	0.5	101
	chrI	190089	1	0.5	75
	chrI	190092	1	0.5	105
	chrI	190092	1	0.5	107
	chrI	190099	1	0.5	151
	chrI	190099	1	1.0	78
	chrI	190100	1	1.0	145
	chrI	190100	1	0.5	113
	chrI	190100	1	0.5	115
	chrI	190100	1	0.5	117
	chrI	190101	1	0.5	138
	chrI	190101	1	0.5	98
	chrI	190102	1	0.5	151
	chrI	190104	1	0.5	150
	chrI	190104	1	1.0	151
	chrI	190105	0	1.5	49
	chrI	190110	0	0.5	126
	chrI	190125	0	0.5	151
	chrI	190132	0	0.5	151
	chrI	190143	1	0.5	151
	chrI	190148	1	1.0	98
	chrI	190151	1	1.0	151
	chrI	190154	1	1.5	49
	chrI	190156	1	0.5	151
	chrI	190159	0	0.5	151
	chrI	190159	0	1.0	101
	chrI	190172	1	0.5	151
	chrI	190176	1	0.5	151
	chrI	190184	0	0.5	122
	chrI	190201	0	1.0	151
	chrI	190206	0	0.5	124
	chrI	190210	0	0.5	151
	chrI	190212	1	0.5	131
	chrI	190239	1	0.5	126
	chrI	190260	1	0.5	101
	chrI	190260	1	0.5	102
	chrI	190285	0	0.5	115
	chrI	190285	0	0.5	118
	chrI	190295	0	0.5	136
	chrI	190296	1	0.5	151
	chrI	190304	0	0.5	81
	chrI	190307	1	0.5	122
	chrI	190318	0	0.5	151
	chrI	190320	1	0.5	151
	chrI	190326	1	0.5	151
	chrI	190331	1	0.5	124
	chrI	190360	0	0.5	151
	chrI	190365	0	0.5	151
	chrI	190382	1	0.5	151
	chrI	190385	0	0.5	99
	chrI	190386	1	0.5	81
	chrI	190388	0	0.5	148
	chrI	190393	0	0.5	151
	chrI	190395	0	0.5	151
	chrI	190398	0	0.5	74
	chrI	190402	1	0.5	115
	chrI	190404	0	0.5	132
	chrI	190404	0	1.0	151
	chrI	190404	1	0.5	118
	chrI	190423	0	0.5	149
	chrI	190423	0	1.0	151
	chrI	190430	1	0.5	136
	chrI	190441	0	1.5	151
	chrI	190444	0	0.5	134
	chrI	190445	1	1.0	151
	chrI	190458	0	1.0	151
	chrI	190471	0	0.5	113
	chrI	190473	1	0.5	74
	chrI	190481	0	0.5	106
	chrI	190481	0	0.5	109
	chrI	190485	1	0.5	99
	chrI	190508	0	0.5	151
	chrI	190510	1	0.5	151
	chrI	190524	0	0.5	150
	chrI	190535	1	0.5	132
	chrI	190535	1	0.5	148
	chrI	190536	1	0.5	151
	chrI	190537	0	0.5	46
	chrI	190537	1	0.5	151
	chrI	190563	0	1.0	151
	chrI	190577	1	0.5	134
	chrI	190583	0	0.5	78
	chrI	190583	1	0.5	113
	chrI	190585	1	3.5	151
	chrI	190585	1	0.5	47
	chrI	190586	0	0.5	145
	chrI	190588	0	0.5	40
	chrI	190588	0	0.5	82
	chrI	190589	1	0.5	106
	chrI	190589	1	0.5	109
	chrI	190628	1	0.5	40
	chrI	190634	1	1.5	151
	chrI	190637	0	1.0	151
	chrI	190640	1	1.0	151
	chrI	190661	1	0.5	78
	chrI	190671	1	0.5	82
	chrI	190672	0	0.5	151
	chrI	190673	1	0.5	150
	chrI	190680	0	0.5	141
	chrI	190683	0	1.5	128
	chrI	190684	0	1.0	77
	chrI	190691	0	0.5	151
	chrI	190694	0	0.5	105
	chrI	190730	1	0.5	145
	chrI	190763	0	0.5	100
	chrI	190763	1	1.0	77
	chrI	190767	0	1.5	140
	chrI	190771	0	0.5	150
	chrI	190776	0	0.5	83
	chrI	190788	1	1.0	151
	chrI	190794	0	0.5	109
	chrI	190799	0	0.5	95
	chrI	190802	1	0.5	105
	chrI	190811	0	0.5	71
	chrI	190811	1	1.5	128
	chrI	190820	1	0.5	141
	chrI	190834	1	0.5	151
	chrI	190852	0	0.5	151
	chrI	190856	1	1.0	151
	chrI	190860	1	0.5	83
	chrI	190864	1	0.5	151
	chrI	190864	1	0.5	100
	chrI	190868	0	0.5	151
	chrI	190883	1	0.5	71
	chrI	190894	0	0.5	138
	chrI	190895	1	0.5	95
	chrI	190902	1	0.5	109
	chrI	190906	0	0.5	151
	chrI	190906	0	0.5	58
	chrI	190906	1	1.5	140
	chrI	190914	0	0.5	87
	chrI	190920	1	0.5	150
	chrI	190957	0	0.5	151
	chrI	190965	1	0.5	58
	chrI	190969	1	0.5	151
	chrI	191001	1	0.5	87
	chrI	191031	1	0.5	138
	chrI	191036	0	0.5	117
	chrI	191056	1	0.5	151
	chrI	191058	1	0.5	151
	chrI	191073	0	0.5	126
	chrI	191085	1	0.5	151
	chrI	191105	0	1.0	150
	chrI	191106	0	0.5	138
	chrI	191106	0	0.5	151
	chrI	191123	0	0.5	116
	chrI	191154	1	0.5	117
	chrI	191167	0	0.5	80
	chrI	191167	0	1.5	81
	chrI	191179	0	0.5	64
	chrI	191185	1	0.5	151
	chrI	191198	1	0.5	126
	chrI	191207	0	0.5	64
	chrI	191231	0	0.5	126
	chrI	191241	1	0.5	116
	chrI	191243	1	0.5	138
	chrI	191243	1	0.5	64
	chrI	191247	1	0.5	79
	chrI	191247	1	0.5	80
	chrI	191248	1	1.0	81
	chrI	191249	0	1.0	53
	chrI	191271	1	0.5	64
	chrI	191273	1	1.0	151
	chrI	191276	1	0.5	151
	chrI	191277	0	0.5	73
	chrI	191303	1	1.0	53
	chrI	191311	0	0.5	117
	chrI	191317	0	0.5	43
	chrI	191318	0	0.5	78
	chrI	191330	0	0.5	106
	chrI	191335	0	0.5	151
	chrI	191350	1	0.5	73
	chrI	191358	1	0.5	126
	chrI	191359	0	0.5	47
	chrI	191361	1	0.5	43
	chrI	191370	0	0.5	76
	chrI	191372	0	1.0	151
	chrI	191388	0	0.5	62
	chrI	191391	0	0.5	110
	chrI	191396	1	0.5	78
	chrI	191399	0	0.5	144
	chrI	191407	1	0.5	47
	chrI	191409	0	0.5	75
	chrI	191415	0	1.0	123
	chrI	191421	0	0.5	125
	chrI	191421	0	0.5	127
	chrI	191428	1	0.5	117
	chrI	191437	1	0.5	106
	chrI	191439	0	0.5	66
	chrI	191443	0	0.5	151
	chrI	191445	1	0.5	76
	chrI	191446	0	0.5	96
	chrI	191451	1	0.5	62
	chrI	191456	0	0.5	101
	chrI	191464	0	1.0	151
	chrI	191469	0	0.5	151
	chrI	191484	1	0.5	76
	chrI	191502	1	0.5	110
	chrI	191507	1	0.5	66
	chrI	191512	0	0.5	151
	chrI	191539	1	1.0	123
	chrI	191540	0	0.5	120
	chrI	191542	1	0.5	144
	chrI	191543	1	0.5	96
	chrI	191544	0	0.5	127
	chrI	191547	1	0.5	125
	chrI	191547	1	0.5	127
	chrI	191559	1	1.0	151
	chrI	191559	1	0.5	101
	chrI	191577	0	0.5	114
	chrI	191598	1	0.5	151
	chrI	191604	0	0.5	84
	chrI	191621	1	0.5	151
	chrI	191622	0	0.5	151
	chrI	191647	1	1.0	151
	chrI	191652	0	0.5	143
	chrI	191661	1	0.5	120
	chrI	191664	0	0.5	61
	chrI	191672	1	0.5	127
	chrI	191674	0	0.5	151
	chrI	191674	0	1.0	117
	chrI	191674	1	0.5	151
	chrI	191676	0	0.5	151
	chrI	191688	1	0.5	84
	chrI	191692	1	0.5	114
	chrI	191700	1	0.5	151
	chrI	191701	0	0.5	102
	chrI	191707	0	0.5	50
	chrI	191713	0	0.5	151
	chrI	191713	0	0.5	126
	chrI	191722	0	0.5	151
	chrI	191727	1	0.5	61
	chrI	191730	0	0.5	101
	chrI	191733	0	0.5	141
	chrI	191759	0	0.5	92
	chrI	191759	1	0.5	50
	chrI	191769	0	0.5	151
	chrI	191779	0	1.0	151
	chrI	191786	0	0.5	82
	chrI	191794	1	0.5	143
	chrI	191794	1	1.0	117
	chrI	191804	1	0.5	102
	chrI	191805	1	0.5	151
	chrI	191820	0	0.5	61
	chrI	191820	0	0.5	64
	chrI	191832	1	0.5	101
	chrI	191840	1	0.5	126
	chrI	191847	1	0.5	151
	chrI	191849	1	0.5	151
	chrI	191853	1	0.5	92
	chrI	191856	0	0.5	83
	chrI	191865	1	0.5	151
	chrI	191870	1	0.5	82
	chrI	191873	1	0.5	141
	chrI	191883	0	0.5	151
	chrI	191884	1	0.5	61
	chrI	191884	1	0.5	64
	chrI	191910	0	1.5	151
	chrI	191911	0	0.5	67
	chrI	191925	0	0.5	120
	chrI	191931	0	0.5	104
	chrI	191931	0	1.5	106
	chrI	191939	1	0.5	83
	chrI	191940	1	0.5	151
	chrI	191943	0	0.5	151
	chrI	191946	0	0.5	128
	chrI	191960	1	0.5	151
	chrI	191967	1	0.5	151
	chrI	191978	1	0.5	67
	chrI	191995	1	0.5	151
	chrI	191999	0	1.0	150
	chrI	192029	0	1.0	151
	chrI	192037	1	0.5	104
	chrI	192037	1	1.5	106
	chrI	192046	0	2.0	151
	chrI	192046	1	0.5	120
	chrI	192061	1	0.5	151
	chrI	192062	0	1.0	151
	chrI	192075	1	0.5	128
	chrI	192096	0	0.5	94
	chrI	192099	1	1.5	151
	chrI	192129	0	0.5	151
	chrI	192139	0	1.0	73
	chrI	192148	1	1.0	150
	chrI	192179	0	0.5	151
	chrI	192189	0	0.5	151
	chrI	192191	1	0.5	94
	chrI	192198	1	0.5	151
	chrI	192204	0	1.0	151
	chrI	192206	1	1.0	151
	chrI	192208	0	0.5	151
	chrI	192212	1	1.0	73
	chrI	192225	0	0.5	151
	chrI	192226	1	1.5	151
	chrI	192240	1	1.0	151
	chrI	192242	0	0.5	76
	chrI	192260	0	0.5	96
	chrI	192284	0	0.5	72
	chrI	192289	0	0.5	85
	chrI	192310	0	0.5	64
	chrI	192320	1	0.5	76
	chrI	192332	1	0.5	151
	chrI	192336	0	0.5	50
	chrI	192357	1	0.5	96
	chrI	192359	1	0.5	72
	chrI	192374	1	0.5	85
	chrI	192375	1	0.5	64
	chrI	192387	1	0.5	50
	chrI	192388	1	1.0	151
	chrI	192389	1	0.5	151
	chrI	192391	0	0.5	136
	chrI	192392	0	0.5	143
	chrI	192393	0	0.5	120
	chrI	192402	1	0.5	151
	chrI	192409	0	1.0	131
	chrI	192409	0	0.5	90
	chrI	192409	0	1.0	112
	chrI	192410	0	0.5	109
	chrI	192411	1	0.5	151
	chrI	192415	0	0.5	110
	chrI	192421	1	0.5	151
	chrI	192427	0	0.5	141
	chrI	192433	0	0.5	89
	chrI	192437	0	0.5	104
	chrI	192440	0	0.5	111
	chrI	192468	0	0.5	54
	chrI	192474	0	1.0	63
	chrI	192498	1	0.5	90
	chrI	192499	0	1.0	149
	chrI	192518	1	0.5	109
	chrI	192520	1	0.5	128
	chrI	192520	1	1.0	112
	chrI	192521	0	0.5	69
	chrI	192523	1	0.5	54
	chrI	192523	1	0.5	89
	chrI	192524	0	0.5	151
	chrI	192524	1	0.5	110
	chrI	192526	1	0.5	136
	chrI	192534	1	0.5	143
	chrI	192539	1	1.0	131
	chrI	192539	1	1.0	63
	chrI	192541	1	0.5	104
	chrI	192550	0	0.5	100
	chrI	192551	0	0.5	65
	chrI	192552	1	0.5	111
	chrI	192554	0	0.5	111
	chrI	192562	0	0.5	134
	chrI	192567	1	0.5	141
	chrI	192568	0	1.0	69
	chrI	192590	0	0.5	151
	chrI	192590	1	0.5	69
	chrI	192592	0	0.5	110
	chrI	192604	0	0.5	109
	chrI	192608	1	0.5	151
	chrI	192612	0	0.5	141
	chrI	192619	1	0.5	65
	chrI	192625	0	0.5	151
	chrI	192639	1	1.0	69
	chrI	192647	0	0.5	113
	chrI	192652	1	0.5	100
	chrI	192656	0	0.5	136
	chrI	192656	0	0.5	69
	chrI	192667	1	0.5	111
	chrI	192690	0	1.5	151
	chrI	192695	1	0.5	134
	chrI	192696	1	0.5	148
	chrI	192704	1	0.5	110
	chrI	192709	1	1.0	151
	chrI	192713	1	0.5	109
	chrI	192714	0	0.5	151
	chrI	192716	0	1.5	151
	chrI	192717	0	0.5	98
	chrI	192726	0	1.0	145
	chrI	192726	0	0.5	151
	chrI	192726	0	0.5	72
	chrI	192726	0	0.5	124
	chrI	192726	0	0.5	126
	chrI	192726	1	0.5	69
	chrI	192727	0	0.5	138
	chrI	192727	0	0.5	122
	chrI	192728	0	0.5	80
	chrI	192737	0	0.5	151
	chrI	192748	0	0.5	76
	chrI	192752	1	0.5	141
	chrI	192757	0	0.5	111
	chrI	192762	1	0.5	113
	chrI	192791	1	0.5	136
	chrI	192801	1	0.5	72
	chrI	192811	1	0.5	80
	chrI	192820	1	0.5	98
	chrI	192822	0	0.5	128
	chrI	192825	1	0.5	76
	chrI	192840	1	1.5	151
	chrI	192852	1	0.5	122
	chrI	192853	1	0.5	124
	chrI	192855	0	0.5	151
	chrI	192855	1	0.5	126
	chrI	192859	1	0.5	151
	chrI	192864	1	0.5	138
	chrI	192867	1	0.5	151
	chrI	192869	1	0.5	111
	chrI	192870	1	1.0	145
	chrI	192870	1	1.5	151
	chrI	192871	0	1.0	151
	chrI	192874	0	0.5	44
	chrI	192887	1	1.5	151
	chrI	192894	0	0.5	140
	chrI	192904	0	0.5	45
	chrI	192919	1	0.5	44
	chrI	192950	1	0.5	45
	chrI	192953	1	0.5	128
	chrI	193020	1	0.5	151
	chrI	193028	0	0.5	151
	chrI	193033	1	0.5	140
	chrI	193041	0	0.5	132
	chrI	193041	0	0.5	151
	chrI	193041	1	0.5	151
	chrI	193053	0	1.0	151
	chrI	193055	0	1.0	151
	chrI	193066	0	1.5	145
	chrI	193078	0	1.0	113
	chrI	193086	1	0.5	151
	chrI	193117	0	0.5	73
	chrI	193139	0	0.5	45
	chrI	193144	0	0.5	130
	chrI	193148	0	0.5	97
	chrI	193167	0	0.5	60
	chrI	193172	1	0.5	132
	chrI	193185	1	0.5	45
	chrI	193191	1	0.5	151
	chrI	193191	1	0.5	73
	chrI	193192	1	1.0	113
	chrI	193210	1	1.5	145
	chrI	193211	1	0.5	151
	chrI	193216	0	0.5	102
	chrI	193228	1	0.5	60
	chrI	193235	0	0.5	101
	chrI	193245	1	0.5	97
	chrI	193248	0	1.0	146
	chrI	193258	1	1.0	151
	chrI	193268	1	1.0	151
	chrI	193269	0	0.5	129
	chrI	193273	1	0.5	130
	chrI	193319	1	0.5	102
	chrI	193330	0	1.0	151
	chrI	193332	0	1.0	132
	chrI	193337	1	0.5	101
	chrI	193361	0	0.5	103
	chrI	193361	0	0.5	106
	chrI	193365	0	1.0	151
	chrI	193393	1	1.0	146
	chrI	193397	1	0.5	129
	chrI	193400	0	1.0	151
	chrI	193400	0	0.5	47
	chrI	193435	0	0.5	98
	chrI	193450	1	0.5	47
	chrI	193462	1	0.5	131
	chrI	193463	1	0.5	132
	chrI	193466	1	0.5	103
	chrI	193466	1	0.5	106
	chrI	193483	0	0.5	65
	chrI	193513	1	1.0	151
	chrI	193527	0	0.5	151
	chrI	193528	1	1.0	151
	chrI	193533	1	0.5	98
	chrI	193534	0	0.5	126
	chrI	193537	0	0.5	151
	chrI	193547	1	0.5	65
	chrI	193555	1	1.0	151
	chrI	193562	0	0.5	93
	chrI	193580	0	0.5	151
	chrI	193591	0	0.5	92
	chrI	193608	0	1.0	35
	chrI	193644	0	0.5	46
	chrI	193644	1	1.0	35
	chrI	193655	1	0.5	93
	chrI	193661	0	0.5	151
	chrI	193663	1	0.5	126
	chrI	193670	0	0.5	151
	chrI	193681	0	0.5	151
	chrI	193685	1	0.5	92
	chrI	193691	1	0.5	46
	chrI	193711	1	0.5	151
	chrI	193720	0	0.5	73
	chrI	193732	0	0.5	112
	chrI	193737	0	0.5	135
	chrI	193739	1	0.5	151
	chrI	193746	0	0.5	108
	chrI	193748	0	1.0	111
	chrI	193749	1	0.5	151
	chrI	193757	0	0.5	111
	chrI	193795	1	0.5	73
	chrI	193801	0	0.5	151
	chrI	193814	0	1.0	151
	chrI	193816	0	1.5	151
	chrI	193835	0	1.0	151
	chrI	193837	0	0.5	104
	chrI	193843	1	1.0	151
	chrI	193843	1	0.5	112
	chrI	193847	0	0.5	116
	chrI	193848	0	0.5	146
	chrI	193855	1	0.5	108
	chrI	193860	1	1.0	111
	chrI	193869	1	0.5	111
	chrI	193871	1	0.5	135
	chrI	193883	0	0.5	151
	chrI	193941	1	0.5	104
	chrI	193949	0	0.5	142
	chrI	193957	0	0.5	98
	chrI	193964	1	0.5	116
	chrI	193971	1	0.5	151
	chrI	193974	0	0.5	113
	chrI	193976	1	0.5	151
	chrI	193977	1	0.5	151
	chrI	193980	0	0.5	103
	chrI	193987	1	1.0	151
	chrI	193990	1	1.0	151
	chrI	193993	1	0.5	146
	chrI	194000	0	1.0	116
	chrI	194004	0	0.5	125
	chrI	194007	0	0.5	148
	chrI	194008	0	0.5	71
	chrI	194008	0	0.5	72
	chrI	194010	0	0.5	66
	chrI	194028	0	0.5	90
	chrI	194031	0	0.5	151
	chrI	194051	1	1.0	151
	chrI	194056	1	0.5	98
	chrI	194072	0	0.5	33
	chrI	194072	0	0.5	56
	chrI	194079	1	0.5	66
	chrI	194080	1	0.5	71
	chrI	194080	1	0.5	72
	chrI	194084	1	0.5	103
	chrI	194090	1	0.5	142
	chrI	194090	1	0.5	113
	chrI	194097	0	0.5	151
	chrI	194107	1	0.5	33
	chrI	194118	0	1.5	151
	chrI	194118	1	1.0	116
	chrI	194119	0	0.5	151
	chrI	194119	1	0.5	90
	chrI	194130	1	0.5	56
	chrI	194130	1	0.5	125
	chrI	194140	0	0.5	117
	chrI	194140	0	0.5	118
	chrI	194142	0	0.5	137
	chrI	194154	1	0.5	148
	chrI	194166	0	0.5	151
	chrI	194178	0	0.5	110
	chrI	194215	0	0.5	143
	chrI	194218	1	0.5	151
	chrI	194228	0	0.5	151
	chrI	194236	0	0.5	118
	chrI	194248	1	0.5	151
	chrI	194253	1	0.5	151
	chrI	194258	0	0.5	81
	chrI	194259	1	0.5	117
	chrI	194259	1	0.5	118
	chrI	194276	1	0.5	135
	chrI	194278	1	1.0	151
	chrI	194289	1	0.5	108
	chrI	194303	1	1.0	151
	chrI	194304	0	0.5	141
	chrI	194325	0	0.5	105
	chrI	194339	1	0.5	81
	chrI	194344	1	0.5	151
	chrI	194356	1	0.5	118
	chrI	194357	0	0.5	151
	chrI	194357	1	0.5	143
	chrI	194395	0	0.5	72
	chrI	194395	0	0.5	74
	chrI	194399	0	0.5	151
	chrI	194426	0	0.5	87
	chrI	194429	0	0.5	104
	chrI	194431	1	0.5	105
	chrI	194434	1	0.5	151
	chrI	194444	1	0.5	141
	chrI	194468	1	0.5	72
	chrI	194468	1	0.5	74
	chrI	194471	0	0.5	151
	chrI	194477	0	0.5	151
	chrI	194496	0	0.5	108
	chrI	194505	0	0.5	63
	chrI	194507	0	0.5	92
	chrI	194514	1	0.5	87
	chrI	194522	1	0.5	151
	chrI	194535	1	0.5	104
	chrI	194540	0	0.5	80
	chrI	194568	1	0.5	151
	chrI	194569	1	0.5	63
	chrI	194570	0	0.5	54
	chrI	194587	0	0.5	144
	chrI	194600	1	0.5	92
	chrI	194603	0	0.5	151
	chrI	194605	1	0.5	108
	chrI	194620	1	0.5	80
	chrI	194625	1	0.5	54
	chrI	194641	1	0.5	151
	chrI	194646	0	0.5	151
	chrI	194646	0	0.5	110
	chrI	194730	1	0.5	144
	chrI	194733	1	0.5	151
	chrI	194756	1	0.5	110
	chrI	194765	1	0.5	151
	chrI	194781	0	0.5	147
	chrI	194799	0	0.5	145
	chrI	194808	0	0.5	151
	chrI	194812	0	0.5	151
	chrI	194824	0	0.5	151
	chrI	194828	0	0.5	58
	chrI	194831	0	0.5	151
	chrI	194833	1	0.5	151
	chrI	194844	0	0.5	89
	chrI	194861	0	0.5	125
	chrI	194888	1	0.5	58
	chrI	194892	0	0.5	137
	chrI	194892	0	0.5	145
	chrI	194892	0	0.5	151
	chrI	194892	0	1.0	124
	chrI	194898	0	0.5	146
	chrI	194909	0	0.5	46
	chrI	194927	1	0.5	147
	chrI	194936	1	0.5	89
	chrI	194943	1	0.5	145
	chrI	194956	1	0.5	46
	chrI	194958	0	1.0	140
	chrI	194987	1	1.0	151
	chrI	194987	1	0.5	125
	chrI	194988	0	0.5	150
	chrI	194988	1	1.0	151
	chrI	195006	0	1.0	65
	chrI	195019	1	1.0	124
	chrI	195028	1	0.5	137
	chrI	195029	0	0.5	151
	chrI	195036	1	0.5	145
	chrI	195037	0	1.0	151
	chrI	195038	0	1.0	134
	chrI	195043	1	0.5	146
	chrI	195047	0	0.5	97
	chrI	195055	0	1.0	151
	chrI	195058	1	0.5	151
	chrI	195075	1	1.0	65
	chrI	195083	0	0.5	151
	chrI	195086	0	0.5	45
	chrI	195097	1	1.0	140
	chrI	195104	0	0.5	96
	chrI	195109	0	0.5	96
	chrI	195117	0	0.5	151
	chrI	195129	0	0.5	107
	chrI	195131	0	0.5	95
	chrI	195132	1	0.5	45
	chrI	195145	1	0.5	97
	chrI	195171	1	1.0	134
	chrI	195171	1	0.5	151
	chrI	195175	0	0.5	76
	chrI	195180	0	1.5	148
	chrI	195183	0	0.5	68
	chrI	195185	0	0.5	151
	chrI	195201	0	0.5	133
	chrI	195203	1	0.5	151
	chrI	195203	1	0.5	96
	chrI	195206	1	0.5	96
	chrI	195207	1	1.0	151
	chrI	195208	0	1.0	101
	chrI	195221	0	0.5	137
	chrI	195225	1	1.0	151
	chrI	195226	0	0.5	60
	chrI	195227	0	1.0	103
	chrI	195227	1	0.5	95
	chrI	195236	1	0.5	107
	chrI	195238	0	0.5	92
	chrI	195238	0	0.5	93
	chrI	195253	1	0.5	151
	chrI	195254	1	0.5	68
	chrI	195254	1	0.5	76
	chrI	195255	0	0.5	145
	chrI	195255	0	0.5	151
	chrI	195272	1	0.5	151
	chrI	195275	0	0.5	127
	chrI	195276	0	1.0	151
	chrI	195280	0	0.5	140
	chrI	195287	1	0.5	60
	chrI	195288	0	0.5	151
	chrI	195310	1	1.0	101
	chrI	195327	0	0.5	111
	chrI	195327	1	1.5	148
	chrI	195333	1	0.5	133
	chrI	195333	1	0.5	92
	chrI	195333	1	0.5	93
	chrI	195333	1	1.0	103
	chrI	195334	0	1.5	151
	chrI	195353	1	0.5	151
	chrI	195357	1	0.5	137
	chrI	195364	0	0.5	151
	chrI	195373	0	0.5	118
	chrI	195399	1	0.5	145
	chrI	195403	1	0.5	127
	chrI	195419	1	0.5	140
	chrI	195431	1	1.0	151
	chrI	195434	1	0.5	151
	chrI	195439	1	0.5	111
	chrI	195450	1	0.5	151
	chrI	195452	0	0.5	58
	chrI	195467	0	0.5	151
	chrI	195468	0	1.0	151
	chrI	195472	0	0.5	114
	chrI	195474	0	1.5	151
	chrI	195490	0	0.5	132
	chrI	195490	1	0.5	118
	chrI	195491	0	0.5	151
	chrI	195492	0	1.0	128
	chrI	195493	0	0.5	102
	chrI	195496	1	1.0	151
	chrI	195505	0	0.5	135
	chrI	195508	1	0.5	151
	chrI	195510	0	0.5	108
	chrI	195510	1	0.5	58
	chrI	195516	1	0.5	151
	chrI	195529	0	0.5	106
	chrI	195533	0	1.0	151
	chrI	195578	0	0.5	151
	chrI	195585	1	0.5	114
	chrI	195596	1	0.5	102
	chrI	195602	0	1.0	151
	chrI	195607	0	1.5	29
	chrI	195611	0	0.5	136
	chrI	195611	0	0.5	106
	chrI	195618	0	1.5	132
	chrI	195620	1	1.0	151
	chrI	195620	1	0.5	108
	chrI	195621	1	1.0	128
	chrI	195621	1	0.5	132
	chrI	195636	0	1.5	151
	chrI	195636	1	0.5	106
	chrI	195637	1	1.5	29
	chrI	195639	1	0.5	135
	chrI	195643	1	0.5	151
	chrI	195662	1	2.0	151
	chrI	195663	0	0.5	151
	chrI	195688	1	0.5	151
	chrI	195704	0	0.5	124
	chrI	195706	0	0.5	151
	chrI	195706	0	1.0	103
	chrI	195706	1	0.5	151
	chrI	195718	1	0.5	106
	chrI	195732	0	0.5	71
	chrI	195739	0	0.5	70
	chrI	195742	0	1.5	151
	chrI	195746	1	0.5	136
	chrI	195749	1	1.5	132
	chrI	195759	0	0.5	104
	chrI	195761	1	1.0	151
	chrI	195771	0	0.5	66
	chrI	195775	0	0.5	151
	chrI	195777	0	1.0	30
	chrI	195784	0	0.5	63
	chrI	195786	0	0.5	151
	chrI	195806	1	0.5	71
	chrI	195807	0	1.0	151
	chrI	195808	1	1.0	30
	chrI	195809	1	0.5	70
	chrI	195810	1	1.0	103
	chrI	195829	1	0.5	124
	chrI	195834	0	0.5	140
	chrI	195837	1	0.5	66
	chrI	195845	0	0.5	48
	chrI	195848	1	0.5	63
	chrI	195850	1	0.5	151
	chrI	195852	0	0.5	151
	chrI	195857	1	1.5	151
	chrI	195861	0	0.5	151
	chrI	195864	1	0.5	104
	chrI	195872	0	0.5	103
	chrI	195879	1	0.5	151
	chrI	195899	1	0.5	53
	chrI	195910	1	0.5	151
	chrI	195920	0	0.5	151
	chrI	195939	0	1.5	120
	chrI	195941	1	0.5	151
	chrI	195960	1	2.0	151
	chrI	195962	0	0.5	148
	chrI	195962	0	0.5	149
	chrI	195962	1	0.5	151
	chrI	195973	1	0.5	140
	chrI	195976	1	0.5	103
	chrI	195981	0	0.5	151
	chrI	195982	0	0.5	151
	chrI	196014	0	0.5	151
	chrI	196015	0	1.0	151
	chrI	196019	1	0.5	151
	chrI	196036	0	0.5	55
	chrI	196038	0	0.5	138
	chrI	196039	0	0.5	123
	chrI	196055	0	0.5	151
	chrI	196056	0	1.5	91
	chrI	196059	1	1.5	120
	chrI	196061	0	0.5	96
	chrI	196068	1	0.5	151
	chrI	196080	1	0.5	151
	chrI	196093	1	0.5	55
	chrI	196100	0	0.5	151
	chrI	196103	0	0.5	70
	chrI	196104	0	0.5	112
	chrI	196109	1	0.5	148
	chrI	196110	0	0.5	151
	chrI	196110	1	0.5	149
	chrI	196127	0	1.0	57
	chrI	196135	0	0.5	151
	chrI	196141	1	0.5	151
	chrI	196143	0	1.0	151
	chrI	196146	0	0.5	151
	chrI	196147	1	1.5	91
	chrI	196154	1	0.5	151
	chrI	196159	1	0.5	96
	chrI	196161	1	0.5	123
	chrI	196168	0	0.5	151
	chrI	196172	1	0.5	70
	chrI	196175	1	0.5	138
	chrI	196176	0	0.5	151
	chrI	196185	1	1.0	57
	chrI	196193	1	0.5	151
	chrI	196204	1	0.5	151
	chrI	196214	1	0.5	151
	chrI	196217	1	0.5	112
	chrI	196218	0	0.5	73
	chrI	196218	1	0.5	151
	chrI	196229	1	0.5	151
	chrI	196230	0	0.5	151
	chrI	196244	0	0.5	94
	chrI	196249	0	0.5	101
	chrI	196257	0	0.5	122
	chrI	196266	1	0.5	151
	chrI	196279	0	0.5	146
	chrI	196279	0	1.0	151
	chrI	196282	0	0.5	151
	chrI	196283	0	1.0	151
	chrI	196291	0	0.5	61
	chrI	196293	1	0.5	73
	chrI	196294	1	0.5	151
	chrI	196312	0	0.5	133
	chrI	196320	1	1.0	151
	chrI	196323	1	0.5	151
	chrI	196331	0	0.5	97
	chrI	196335	1	0.5	151
	chrI	196340	1	0.5	94
	chrI	196342	0	0.5	151
	chrI	196342	0	0.5	66
	chrI	196352	1	0.5	61
	chrI	196353	1	0.5	101
	chrI	196358	0	0.5	151
	chrI	196360	0	0.5	151
	chrI	196376	0	0.5	42
	chrI	196380	1	0.5	122
	chrI	196382	0	0.5	151
	chrI	196385	1	0.5	151
	chrI	196404	1	0.5	151
	chrI	196409	1	0.5	66
	chrI	196410	0	0.5	151
	chrI	196415	0	0.5	93
	chrI	196419	1	0.5	42
	chrI	196424	0	0.5	151
	chrI	196424	1	0.5	146
	chrI	196427	0	1.0	127
	chrI	196430	1	0.5	151
	chrI	196430	1	0.5	97
	chrI	196432	1	0.5	151
	chrI	196440	1	1.0	151
	chrI	196444	1	0.5	133
	chrI	196444	1	0.5	151
	chrI	196445	0	0.5	151
	chrI	196451	0	0.5	104
	chrI	196451	1	0.5	151
	chrI	196465	0	0.5	149
	chrI	196479	0	0.5	134
	chrI	196500	0	0.5	87
	chrI	196505	1	0.5	147
	chrI	196508	1	0.5	92
	chrI	196527	1	0.5	147
	chrI	196538	0	0.5	104
	chrI	196551	1	0.5	125
	chrI	196552	1	0.5	151
	chrI	196553	0	0.5	114
	chrI	196553	1	0.5	127
	chrI	196554	1	0.5	104
	chrI	196556	0	0.5	151
	chrI	196557	0	1.0	145
	chrI	196562	0	0.5	59
	chrI	196562	0	0.5	109
	chrI	196562	1	0.5	148
	chrI	196566	0	0.5	151
	chrI	196574	0	0.5	135
	chrI	196589	1	0.5	87
	chrI	196593	1	0.5	151
	chrI	196594	0	0.5	151
	chrI	196594	0	1.0	59
	chrI	196597	0	0.5	151
	chrI	196597	0	0.5	60
	chrI	196612	0	0.5	148
	chrI	196612	0	1.0	151
	chrI	196612	1	0.5	134
	chrI	196613	1	0.5	149
	chrI	196622	1	0.5	59
	chrI	196633	1	0.5	151
	chrI	196642	1	0.5	104
	chrI	196643	0	0.5	124
	chrI	196648	0	0.5	100
	chrI	196651	0	0.5	151
	chrI	196657	1	1.0	59
	chrI	196661	1	0.5	60
	chrI	196668	1	0.5	114
	chrI	196672	1	0.5	109
	chrI	196673	0	0.5	81
	chrI	196673	0	0.5	82
	chrI	196674	0	0.5	89
	chrI	196685	1	0.5	151
	chrI	196688	0	0.5	151
	chrI	196695	0	0.5	151
	chrI	196695	0	0.5	114
	chrI	196696	0	0.5	151
	chrI	196701	1	1.0	145
	chrI	196706	0	0.5	151
	chrI	196708	0	0.5	57
	chrI	196708	1	0.5	135
	chrI	196715	0	0.5	51
	chrI	196718	1	0.5	151
	chrI	196749	1	0.5	100
	chrI	196755	1	0.5	151
	chrI	196755	1	0.5	81
	chrI	196755	1	0.5	82
	chrI	196757	1	0.5	151
	chrI	196759	1	0.5	148
	chrI	196760	0	0.5	151
	chrI	196762	0	0.5	151
	chrI	196765	1	0.5	151
	chrI	196765	1	0.5	57
	chrI	196765	1	0.5	89
	chrI	196767	1	0.5	124
	chrI	196768	1	1.0	151
	chrI	196768	1	0.5	51
	chrI	196769	0	1.0	151
	chrI	196771	0	0.5	146
	chrI	196810	1	0.5	114
	chrI	196831	0	1.0	151
	chrI	196847	0	0.5	148
	chrI	196852	1	0.5	151
	chrI	196856	0	1.0	151
	chrI	196866	1	0.5	151
	chrI	196899	1	0.5	151
	chrI	196903	1	0.5	151
	chrI	196909	0	0.5	151
	chrI	196916	1	0.5	146
	chrI	196920	0	1.0	151
	chrI	196922	1	2.0	151
	chrI	196924	0	1.5	151
	chrI	196926	0	0.5	151
	chrI	196935	0	0.5	151
	chrI	196963	0	0.5	71
	chrI	196976	0	0.5	71
	chrI	196977	0	0.5	128
	chrI	196983	0	0.5	151
	chrI	196985	0	1.0	151
	chrI	196994	1	0.5	148
	chrI	196994	1	0.5	151
	chrI	197000	0	0.5	105
	chrI	197014	0	1.0	60
	chrI	197018	1	0.5	151
	chrI	197022	1	1.0	151
	chrI	197028	0	1.0	123
	chrI	197036	1	0.5	71
	chrI	197048	1	0.5	71
	chrI	197052	0	0.5	139
	chrI	197071	0	1.0	78
	chrI	197071	1	0.5	151
	chrI	197074	0	0.5	122
	chrI	197077	1	1.0	60
	chrI	197079	0	0.5	121
	chrI	197091	0	0.5	51
	chrI	197098	1	1.0	151
	chrI	197099	0	0.5	125
	chrI	197100	1	0.5	151
	chrI	197101	1	0.5	151
	chrI	197103	0	0.5	44
	chrI	197106	1	0.5	128
	chrI	197106	1	1.0	151
	chrI	197106	1	0.5	105
	chrI	197108	0	0.5	43
	chrI	197119	1	0.5	151
	chrI	197120	0	0.5	57
	chrI	197143	1	0.5	51
	chrI	197149	1	0.5	45
	chrI	197151	1	1.0	78
	chrI	197152	1	1.0	151
	chrI	197152	1	1.0	123
	chrI	197153	1	0.5	44
	chrI	197167	0	1.0	132
	chrI	197178	1	0.5	57
	chrI	197190	1	0.5	139
	chrI	197198	1	0.5	151
	chrI	197198	1	0.5	122
	chrI	197200	0	1.0	151
	chrI	197201	1	0.5	121
	chrI	197214	0	0.5	121
	chrI	197223	1	0.5	125
	chrI	197289	0	0.5	151
	chrI	197290	0	1.0	151
	chrI	197298	0	1.5	141
	chrI	197298	1	1.0	132
	chrI	197299	0	2.0	151
	chrI	197317	1	0.5	151
	chrI	197334	1	0.5	120
	chrI	197336	0	0.5	78
	chrI	197395	0	0.5	148
	chrI	197395	1	1.0	151
	chrI	197397	0	0.5	98
	chrI	197415	1	0.5	78
	chrI	197438	0	0.5	71
	chrI	197438	1	1.5	141
	chrI	197448	0	0.5	151
	chrI	197454	0	0.5	119
	chrI	197454	0	0.5	120
	chrI	197457	0	0.5	115
	chrI	197465	1	3.0	151
	chrI	197466	1	0.5	151
	chrI	197468	0	0.5	107
	chrI	197474	0	0.5	149
	chrI	197487	0	1.0	151
	chrI	197497	1	0.5	98
	chrI	197507	0	0.5	52
	chrI	197510	0	0.5	151
	chrI	197510	1	0.5	71
	chrI	197513	0	0.5	151
	chrI	197531	0	0.5	82
	chrI	197538	0	0.5	45
	chrI	197542	1	0.5	148
	chrI	197555	0	0.5	151
	chrI	197560	1	0.5	52
	chrI	197562	0	1.0	135
	chrI	197572	1	0.5	115
	chrI	197575	1	0.5	119
	chrI	197575	1	0.5	120
	chrI	197576	1	0.5	107
	chrI	197584	0	1.5	145
	chrI	197584	1	0.5	45
	chrI	197589	0	1.0	151
	chrI	197592	0	0.5	151
	chrI	197603	0	1.5	93
	chrI	197607	1	0.5	151
	chrI	197613	0	0.5	138
	chrI	197614	1	0.5	82
	chrI	197620	0	0.5	151
	chrI	197622	1	0.5	149
	chrI	197643	0	2.0	148
	chrI	197647	0	0.5	144
	chrI	197647	0	0.5	151
	chrI	197651	0	1.0	121
	chrI	197664	0	0.5	79
	chrI	197664	0	0.5	82
	chrI	197670	0	0.5	151
	chrI	197696	1	1.0	135
	chrI	197697	1	1.5	93
	chrI	197709	1	0.5	151
	chrI	197711	1	0.5	151
	chrI	197728	1	1.5	145
	chrI	197729	1	0.5	151
	chrI	197745	1	0.5	79
	chrI	197745	1	0.5	82
	chrI	197747	1	1.0	151
	chrI	197749	0	1.5	151
	chrI	197750	1	0.5	138
	chrI	197753	0	0.5	151
	chrI	197753	0	0.5	67
	chrI	197759	0	1.0	151
	chrI	197767	1	0.5	151
	chrI	197768	0	0.5	151
	chrI	197771	0	1.0	149
	chrI	197774	1	1.0	121
	chrI	197777	0	0.5	151
	chrI	197788	1	1.0	151
	chrI	197790	1	0.5	144
	chrI	197790	1	2.0	148
	chrI	197790	1	0.5	151
	chrI	197791	0	0.5	151
	chrI	197792	0	0.5	151
	chrI	197798	0	1.0	134
	chrI	197808	1	0.5	151
	chrI	197815	0	0.5	151
	chrI	197815	0	0.5	94
	chrI	197817	0	0.5	151
	chrI	197821	1	0.5	67
	chrI	197828	0	0.5	140
	chrI	197841	0	0.5	151
	chrI	197858	0	0.5	133
	chrI	197862	0	0.5	151
	chrI	197882	0	0.5	63
	chrI	197886	0	0.5	66
	chrI	197905	0	0.5	128
	chrI	197905	0	0.5	130
	chrI	197908	0	0.5	60
	chrI	197909	1	0.5	150
	chrI	197910	1	0.5	151
	chrI	197910	1	0.5	94
	chrI	197919	1	1.0	149
	chrI	197923	0	0.5	151
	chrI	197927	1	1.5	151
	chrI	197931	1	1.0	134
	chrI	197941	1	1.0	151
	chrI	197942	1	0.5	151
	chrI	197946	1	0.5	63
	chrI	197951	1	0.5	151
	chrI	197953	1	0.5	151
	chrI	197956	1	0.5	66
	chrI	197958	1	0.5	151
	chrI	197959	0	0.5	151
	chrI	197961	0	0.5	151
	chrI	197962	0	1.0	134
	chrI	197962	0	0.5	140
	chrI	197962	0	0.5	151
	chrI	197967	1	0.5	140
	chrI	197969	0	0.5	115
	chrI	197970	1	0.5	60
	chrI	197973	0	1.0	133
	chrI	197977	1	0.5	151
	chrI	197983	0	0.5	84
	chrI	197990	1	0.5	133
	chrI	197991	1	0.5	151
	chrI	197999	0	0.5	141
	chrI	197999	0	0.5	113
	chrI	198023	1	0.5	151
	chrI	198024	1	0.5	151
	chrI	198034	0	0.5	67
	chrI	198034	1	0.5	128
	chrI	198034	1	0.5	130
	chrI	198039	0	0.5	123
	chrI	198040	0	1.0	151
	chrI	198069	1	0.5	84
	chrI	198084	1	0.5	151
	chrI	198085	1	0.5	115
	chrI	198088	0	0.5	151
	chrI	198095	1	1.0	134
	chrI	198100	0	0.5	151
	chrI	198101	1	0.5	140
	chrI	198101	1	0.5	67
	chrI	198102	0	0.5	151
	chrI	198103	0	0.5	151
	chrI	198104	0	0.5	151
	chrI	198105	1	1.0	133
	chrI	198113	1	0.5	113
	chrI	198119	0	0.5	151
	chrI	198127	0	0.5	151
	chrI	198138	0	0.5	150
	chrI	198139	1	0.5	141
	chrI	198139	1	0.5	151
	chrI	198140	1	1.0	151
	chrI	198144	0	0.5	151
	chrI	198156	0	0.5	71
	chrI	198163	1	0.5	123
	chrI	198178	0	0.5	67
	chrI	198191	0	1.0	151
	chrI	198197	0	0.5	128
	chrI	198203	0	0.5	114
	chrI	198224	0	0.5	88
	chrI	198226	0	1.0	79
	chrI	198227	1	0.5	71
	chrI	198228	0	1.0	151
	chrI	198240	1	1.0	151
	chrI	198247	1	0.5	67
	chrI	198257	0	0.5	68
	chrI	198266	1	0.5	151
	chrI	198267	0	0.5	55
	chrI	198288	0	0.5	95
	chrI	198296	1	0.5	151
	chrI	198297	0	1.0	90
	chrI	198299	1	0.5	151
	chrI	198300	1	0.5	151
	chrI	198305	0	0.5	148
	chrI	198305	0	2.0	151
	chrI	198305	1	0.5	151
	chrI	198306	0	0.5	151
	chrI	198306	1	1.0	79
	chrI	198313	1	0.5	151
	chrI	198313	1	0.5	88
	chrI	198314	0	0.5	103
	chrI	198314	0	0.5	104
	chrI	198318	1	0.5	114
	chrI	198319	0	1.0	151
	chrI	198323	1	0.5	55
	chrI	198326	1	0.5	128
	chrI	198326	1	1.0	151
	chrI	198326	1	0.5	68
	chrI	198338	0	0.5	151
	chrI	198363	0	0.5	97
	chrI	198380	0	0.5	108
	chrI	198380	0	0.5	109
	chrI	198384	0	0.5	114
	chrI	198384	1	1.0	151
	chrI	198385	1	0.5	95
	chrI	198388	0	1.5	151
	chrI	198388	1	1.0	90
	chrI	198406	1	1.0	151
	chrI	198418	1	0.5	103
	chrI	198418	1	0.5	104
	chrI	198443	0	1.5	53
	chrI	198452	1	0.5	148
	chrI	198453	0	0.5	71
	chrI	198454	0	0.5	68
	chrI	198456	0	0.5	101
	chrI	198459	0	0.5	151
	chrI	198459	1	2.0	151
	chrI	198460	1	0.5	97
	chrI	198475	0	0.5	151
	chrI	198489	1	0.5	108
	chrI	198489	1	0.5	109
	chrI	198497	0	0.5	114
	chrI	198497	0	0.5	117
	chrI	198498	1	0.5	151
	chrI	198498	1	1.5	53
	chrI	198499	1	1.0	151
	chrI	198500	1	0.5	114
	chrI	198524	1	0.5	151
	chrI	198524	1	0.5	68
	chrI	198525	0	0.5	151
	chrI	198525	0	0.5	51
	chrI	198525	1	0.5	71
	chrI	198549	1	1.5	151
	chrI	198557	1	0.5	101
	chrI	198578	1	0.5	51
	chrI	198584	0	0.5	151
	chrI	198599	0	0.5	99
	chrI	198614	1	0.5	114
	chrI	198614	1	0.5	117
	chrI	198616	0	1.5	125
	chrI	198624	0	0.5	104
	chrI	198631	1	0.5	151
	chrI	198634	0	0.5	100
	chrI	198638	1	0.5	151
	chrI	198664	0	1.0	51
	chrI	198665	0	0.5	77
	chrI	198683	1	0.5	151
	chrI	198692	1	0.5	151
	chrI	198700	1	0.5	99
	chrI	198703	0	0.5	151
	chrI	198705	0	1.5	95
	chrI	198705	0	0.5	96
	chrI	198706	0	0.5	40
	chrI	198706	0	0.5	111
	chrI	198713	0	0.5	56
	chrI	198717	0	0.5	77
	chrI	198717	1	1.0	51
	chrI	198723	0	0.5	114
	chrI	198730	1	0.5	104
	chrI	198731	0	0.5	151
	chrI	198736	1	0.5	100
	chrI	198741	1	1.5	125
	chrI	198743	1	0.5	77
	chrI	198746	1	0.5	40
	chrI	198747	0	0.5	121
	chrI	198770	1	0.5	56
	chrI	198778	0	0.5	151
	chrI	198778	0	0.5	112
	chrI	198785	0	1.0	109
	chrI	198785	0	0.5	111
	chrI	198787	0	0.5	135
	chrI	198790	1	0.5	151
	chrI	198795	1	0.5	77
	chrI	198799	0	0.5	151
	chrI	198801	1	1.5	95
	chrI	198801	1	0.5	96
	chrI	198809	0	0.5	134
	chrI	198817	1	0.5	111
	chrI	198839	1	0.5	114
	chrI	198854	0	0.5	151
	chrI	198857	0	0.5	92
	chrI	198860	0	0.5	151
	chrI	198867	1	0.5	121
	chrI	198871	0	0.5	143
	chrI	198882	0	0.5	57
	chrI	198883	0	0.5	151
	chrI	198890	1	0.5	151
	chrI	198890	1	0.5	112
	chrI	198893	0	0.5	85
	chrI	198894	0	1.0	151
	chrI	198895	0	0.5	148
	chrI	198896	1	1.0	109
	chrI	198896	1	0.5	111
	chrI	198901	0	0.5	151
	chrI	198903	0	0.5	151
	chrI	198903	0	0.5	110
	chrI	198905	0	0.5	100
	chrI	198921	1	0.5	135
	chrI	198926	0	0.5	134
	chrI	198930	0	0.5	138
	chrI	198931	0	1.0	73
	chrI	198942	1	0.5	134
	chrI	198943	1	0.5	57
	chrI	198944	1	0.5	151
	chrI	198948	1	0.5	92
	chrI	198952	0	0.5	51
	chrI	198957	1	0.5	151
	chrI	198961	0	0.5	85
	chrI	198971	0	0.5	95
	chrI	198974	1	0.5	151
	chrI	198977	1	0.5	85
	chrI	198996	0	0.5	151
	chrI	199005	1	0.5	51
	chrI	199006	1	1.0	73
	chrI	199008	1	0.5	100
	chrI	199015	1	0.5	145
	chrI	199015	1	0.5	110
	chrI	199023	0	1.0	151
	chrI	199036	1	0.5	151
	chrI	199038	1	1.0	151
	chrI	199039	0	1.0	151
	chrI	199042	1	0.5	148
	chrI	199044	0	0.5	113
	chrI	199045	0	0.5	140
	chrI	199046	0	0.5	151
	chrI	199048	1	0.5	85
	chrI	199049	0	0.5	151
	chrI	199053	1	0.5	151
	chrI	199059	1	0.5	134
	chrI	199060	0	0.5	151
	chrI	199061	0	0.5	151
	chrI	199062	0	1.5	151
	chrI	199062	1	1.0	151
	chrI	199063	0	1.0	140
	chrI	199064	0	0.5	132
	chrI	199067	1	0.5	138
	chrI	199067	1	0.5	95
	chrI	199069	0	0.5	151
	chrI	199070	0	1.0	151
	chrI	199070	0	0.5	116
	chrI	199093	0	1.0	145
	chrI	199093	0	1.0	151
	chrI	199093	0	0.5	103
	chrI	199108	0	0.5	68
	chrI	199116	0	0.5	62
	chrI	199146	1	0.5	151
	chrI	199157	1	0.5	113
	chrI	199166	0	0.5	151
	chrI	199178	0	0.5	87
	chrI	199178	0	0.5	88
	chrI	199178	0	0.5	90
	chrI	199178	1	0.5	151
	chrI	199178	1	0.5	68
	chrI	199179	1	0.5	62
	chrI	199189	1	0.5	116
	chrI	199192	1	0.5	151
	chrI	199195	1	0.5	132
	chrI	199196	0	0.5	85
	chrI	199198	1	0.5	103
	chrI	199199	0	0.5	125
	chrI	199212	1	1.0	151
	chrI	199216	1	1.5	151
	chrI	199220	1	0.5	151
	chrI	199221	1	0.5	151
	chrI	199228	1	0.5	151
	chrI	199230	1	1.5	140
	chrI	199231	1	1.0	151
	chrI	199237	1	1.0	145
	chrI	199248	1	0.5	151
	chrI	199255	1	0.5	151
	chrI	199260	0	1.0	146
	chrI	199266	0	0.5	64
	chrI	199267	1	0.5	87
	chrI	199267	1	0.5	88
	chrI	199267	1	0.5	90
	chrI	199274	1	0.5	151
	chrI	199277	0	1.5	107
	chrI	199282	1	0.5	85
	chrI	199286	0	0.5	151
	chrI	199304	0	0.5	97
	chrI	199306	0	0.5	142
	chrI	199322	1	0.5	151
	chrI	199325	1	0.5	125
	chrI	199330	1	0.5	64
	chrI	199333	1	0.5	151
	chrI	199335	0	0.5	128
	chrI	199337	0	0.5	76
	chrI	199345	0	1.0	90
	chrI	199354	0	0.5	151
	chrI	199385	1	1.5	107
	chrI	199386	0	0.5	151
	chrI	199390	0	0.5	119
	chrI	199397	0	0.5	104
	chrI	199404	1	0.5	97
	chrI	199405	1	1.0	146
	chrI	199415	1	0.5	76
	chrI	199426	0	1.0	151
	chrI	199435	1	1.0	90
	chrI	199445	1	0.5	151
	chrI	199447	1	0.5	142
	chrI	199450	0	2.5	151
	chrI	199451	0	0.5	66
	chrI	199459	0	0.5	72
	chrI	199465	1	0.5	128
	chrI	199475	0	0.5	42
	chrI	199488	0	0.5	59
	chrI	199488	0	0.5	109
	chrI	199489	0	1.5	151
	chrI	199496	1	0.5	151
	chrI	199497	0	0.5	127
	chrI	199503	1	0.5	104
	chrI	199509	1	0.5	119
	chrI	199518	0	0.5	98
	chrI	199519	1	0.5	151
	chrI	199519	1	0.5	42
	chrI	199519	1	0.5	66
	chrI	199521	0	0.5	151
	chrI	199532	1	0.5	72
	chrI	199543	0	1.0	90
	chrI	199543	1	0.5	151
	chrI	199544	0	0.5	136
	chrI	199548	1	0.5	59
	chrI	199577	0	0.5	151
	chrI	199578	0	1.0	151
	chrI	199589	0	0.5	58
	chrI	199591	0	0.5	151
	chrI	199596	1	1.0	151
	chrI	199598	1	0.5	109
	chrI	199611	0	0.5	151
	chrI	199617	1	0.5	98
	chrI	199618	1	0.5	151
	chrI	199619	0	0.5	60
	chrI	199619	1	0.5	151
	chrI	199620	0	0.5	133
	chrI	199624	0	1.0	92
	chrI	199624	1	1.5	151
	chrI	199625	0	1.0	151
	chrI	199625	1	0.5	127
	chrI	199638	1	1.0	90
	chrI	199648	1	0.5	58
	chrI	199656	1	1.5	151
	chrI	199657	0	0.5	151
	chrI	199679	0	0.5	128
	chrI	199679	1	0.5	136
	chrI	199680	1	0.5	60
	chrI	199681	0	0.5	58
	chrI	199684	0	0.5	137
	chrI	199684	0	0.5	37
	chrI	199715	1	0.5	151
	chrI	199718	1	1.0	92
	chrI	199721	1	0.5	37
	chrI	199722	0	0.5	151
	chrI	199738	1	0.5	58
	chrI	199744	1	1.0	151
	chrI	199751	1	0.5	151
	chrI	199752	1	0.5	133
	chrI	199752	1	0.5	151
	chrI	199763	0	0.5	151
	chrI	199765	0	0.5	64
	chrI	199766	0	0.5	151
	chrI	199773	0	0.5	151
	chrI	199779	0	2.5	151
	chrI	199803	1	1.0	151
	chrI	199809	1	0.5	128
	chrI	199814	0	0.5	151
	chrI	199820	1	0.5	137
	chrI	199824	0	1.0	151
	chrI	199827	1	0.5	151
	chrI	199832	0	0.5	66
	chrI	199832	0	0.5	118
	chrI	199832	1	0.5	64
	chrI	199885	0	0.5	90
	chrI	199885	1	0.5	151
	chrI	199899	1	0.5	66
	chrI	199925	1	0.5	137
	chrI	199934	1	0.5	148
	chrI	199937	1	0.5	145
	chrI	199939	1	0.5	149
	chrI	199940	1	0.5	151
	chrI	199941	1	0.5	142
	chrI	199942	0	0.5	151
	chrI	199942	0	0.5	48
	chrI	199944	0	0.5	151
	chrI	199949	1	0.5	118
	chrI	199950	0	0.5	58
	chrI	199953	0	0.5	133
	chrI	199960	0	0.5	96
	chrI	199961	0	0.5	151
	chrI	199967	1	0.5	58
	chrI	199968	0	0.5	151
	chrI	199974	1	1.0	151
	chrI	199974	1	0.5	90
	chrI	199981	0	0.5	151
	chrI	199982	0	0.5	74
	chrI	199982	1	0.5	151
	chrI	199983	0	1.0	151
	chrI	199983	0	0.5	72
	chrI	199983	0	0.5	73
	chrI	199986	0	1.5	151
	chrI	199986	0	0.5	87
	chrI	199986	0	1.0	115
	chrI	199987	0	1.0	151
	chrI	199990	1	0.5	150
	chrI	199991	1	0.5	48
	chrI	199998	0	0.5	99
	chrI	199999	0	0.5	56
	chrI	200008	0	0.5	76
	chrI	200009	1	0.5	58
	chrI	200016	0	0.5	68
	chrI	200026	0	0.5	151
	chrI	200030	0	0.5	151
	chrI	200046	0	0.5	141
	chrI	200053	0	0.5	108
	chrI	200057	1	0.5	56
	chrI	200057	1	0.5	72
	chrI	200057	1	0.5	73
	chrI	200057	1	0.5	74
	chrI	200057	1	0.5	96
	chrI	200069	0	0.5	88
	chrI	200072	0	0.5	151
	chrI	200074	1	0.5	87
	chrI	200083	0	1.0	142
	chrI	200085	1	0.5	133
	chrI	200085	1	0.5	68
	chrI	200085	1	0.5	76
	chrI	200087	0	0.5	74
	chrI	200098	1	0.5	99
	chrI	200102	1	1.0	115
	chrI	200115	1	1.0	151
	chrI	200129	1	0.5	151
	chrI	200138	1	0.5	151
	chrI	200139	0	1.0	151
	chrI	200144	1	1.0	151
	chrI	200145	1	0.5	151
	chrI	200147	0	0.5	139
	chrI	200149	1	1.0	151
	chrI	200153	1	0.5	151
	chrI	200154	0	0.5	133
	chrI	200154	1	1.0	151
	chrI	200158	1	0.5	88
	chrI	200160	0	0.5	128
	chrI	200163	1	0.5	74
	chrI	200163	1	0.5	108
	chrI	200168	0	0.5	151
	chrI	200183	0	0.5	151
	chrI	200186	1	0.5	141
	chrI	200196	1	0.5	151
	chrI	200201	1	0.5	151
	chrI	200214	1	0.5	151
	chrI	200224	1	1.0	142
	chrI	200225	1	0.5	151
	chrI	200226	0	1.5	151
	chrI	200237	0	0.5	95
	chrI	200245	0	0.5	138
	chrI	200285	1	0.5	139
	chrI	200286	1	0.5	133
	chrI	200288	1	0.5	128
	chrI	200299	0	0.5	151
	chrI	200300	0	0.5	121
	chrI	200302	0	0.5	140
	chrI	200302	0	1.0	151
	chrI	200303	0	0.5	151
	chrI	200318	1	0.5	151
	chrI	200320	0	0.5	151
	chrI	200329	0	0.5	109
	chrI	200332	1	0.5	95
	chrI	200336	1	1.0	151
	chrI	200348	0	0.5	151
	chrI	200367	1	0.5	151
	chrI	200382	1	0.5	138
	chrI	200390	1	1.5	151
	chrI	200392	0	0.5	124
	chrI	200392	0	0.5	126
	chrI	200400	0	1.5	91
	chrI	200402	0	0.5	48
	chrI	200421	1	0.5	121
	chrI	200438	1	0.5	109
	chrI	200441	1	0.5	140
	chrI	200442	0	0.5	95
	chrI	200448	0	0.5	84
	chrI	200449	1	0.5	151
	chrI	200451	0	0.5	151
	chrI	200451	1	0.5	48
	chrI	200455	0	1.0	151
	chrI	200456	0	0.5	132
	chrI	200456	0	1.0	151
	chrI	200462	1	1.5	151
	chrI	200464	0	0.5	67
	chrI	200464	0	1.0	103
	chrI	200464	0	0.5	104
	chrI	200465	0	0.5	122
	chrI	200466	0	0.5	66
	chrI	200466	0	0.5	112
	chrI	200471	1	0.5	151
	chrI	200472	0	1.0	109
	chrI	200473	0	0.5	89
	chrI	200473	0	0.5	124
	chrI	200493	1	1.5	91
	chrI	200499	0	1.5	151
	chrI	200506	1	0.5	151
	chrI	200514	0	0.5	139
	chrI	200517	1	0.5	124
	chrI	200517	1	0.5	126
	chrI	200533	1	0.5	66
	chrI	200533	1	0.5	67
	chrI	200535	1	0.5	84
	chrI	200537	0	1.0	151
	chrI	200537	0	1.0	77
	chrI	200537	1	0.5	95
	chrI	200538	0	0.5	151
	chrI	200538	0	0.5	76
	chrI	200541	0	0.5	150
	chrI	200541	0	0.5	151
	chrI	200546	0	1.0	90
	chrI	200551	0	1.0	151
	chrI	200558	0	0.5	151
	chrI	200565	1	0.5	89
	chrI	200568	0	0.5	61
	chrI	200568	1	1.0	103
	chrI	200568	1	0.5	104
	chrI	200579	1	0.5	112
	chrI	200584	1	1.0	109
	chrI	200587	1	0.5	132
	chrI	200589	0	0.5	150
	chrI	200589	1	0.5	122
	chrI	200599	1	0.5	124
	chrI	200600	0	0.5	117
	chrI	200608	0	1.0	146
	chrI	200615	1	1.5	151
	chrI	200617	1	0.5	151
	chrI	200617	1	0.5	76
	chrI	200617	1	1.0	77
	chrI	200618	0	0.5	108
	chrI	200619	0	1.0	116
	chrI	200622	0	0.5	147
	chrI	200622	0	0.5	100
	chrI	200633	1	0.5	61
	chrI	200636	1	1.0	90
	chrI	200638	0	1.0	96
	chrI	200652	1	0.5	139
	chrI	200669	0	0.5	151
	chrI	200670	1	0.5	151
	chrI	200671	0	1.5	151
	chrI	200671	0	0.5	56
	chrI	200677	1	1.5	151
	chrI	200700	1	1.0	151
	chrI	200718	1	0.5	117
	chrI	200719	0	0.5	70
	chrI	200721	0	0.5	90
	chrI	200722	1	0.5	100
	chrI	200728	1	0.5	56
	chrI	200728	1	0.5	108
	chrI	200729	1	1.5	151
	chrI	200731	0	0.5	129
	chrI	200731	0	0.5	151
	chrI	200732	0	0.5	40
	chrI	200735	0	0.5	150
	chrI	200736	0	0.5	151
	chrI	200736	1	1.0	116
	chrI	200737	1	1.0	96
	chrI	200738	1	0.5	150
	chrI	200739	0	0.5	151
	chrI	200741	0	0.5	117
	chrI	200747	0	0.5	151
	chrI	200753	1	1.0	146
	chrI	200755	0	0.5	51
	chrI	200762	0	0.5	111
	chrI	200767	0	1.0	150
	chrI	200768	1	0.5	147
	chrI	200773	1	0.5	40
	chrI	200789	1	0.5	70
	chrI	200794	0	0.5	73
	chrI	200807	1	0.5	51
	chrI	200813	1	0.5	90
	chrI	200815	1	1.0	151
	chrI	200854	1	0.5	151
	chrI	200859	1	0.5	129
	chrI	200859	1	0.5	117
	chrI	200864	1	1.5	151
	chrI	200867	1	0.5	73
	chrI	200870	0	0.5	151
	chrI	200873	1	0.5	111
	chrI	200884	1	0.5	150
	chrI	200884	1	0.5	151
	chrI	200889	0	0.5	37
	chrI	200890	1	0.5	151
	chrI	200892	0	1.0	151
	chrI	200893	0	1.5	151
	chrI	200897	1	0.5	151
	chrI	200898	1	0.5	151
	chrI	200910	0	1.0	65
	chrI	200911	0	0.5	66
	chrI	200913	0	0.5	151
	chrI	200915	1	0.5	151
	chrI	200916	1	1.0	150
	chrI	200926	0	0.5	128
	chrI	200931	1	0.5	37
	chrI	200957	0	0.5	151
	chrI	200958	0	0.5	151
	chrI	200965	0	0.5	45
	chrI	200965	0	0.5	48
	chrI	200965	0	1.0	106
	chrI	200976	1	1.0	65
	chrI	200979	1	0.5	66
	chrI	201004	0	1.0	151
	chrI	201005	0	1.0	151
	chrI	201013	1	0.5	45
	chrI	201013	1	0.5	48
	chrI	201031	1	0.5	151
	chrI	201033	0	0.5	151
	chrI	201037	0	0.5	151
	chrI	201050	1	1.5	151
	chrI	201054	0	1.0	141
	chrI	201056	1	0.5	128
	chrI	201062	0	0.5	151
	chrI	201066	1	0.5	151
	chrI	201069	1	0.5	151
	chrI	201072	1	1.0	106
	chrI	201077	0	1.0	151
	chrI	201089	0	0.5	60
	chrI	201096	0	0.5	70
	chrI	201104	1	0.5	151
	chrI	201125	1	0.5	151
	chrI	201129	0	0.5	151
	chrI	201150	0	1.0	151
	chrI	201151	1	0.5	60
	chrI	201167	1	0.5	70
	chrI	201194	1	1.0	141
	chrI	201194	1	0.5	151
	chrI	201199	0	0.5	137
	chrI	201201	1	1.0	151
	chrI	201213	1	0.5	151
	chrI	201215	1	0.5	151
	chrI	201218	0	1.0	151
	chrI	201219	0	0.5	139
	chrI	201220	0	0.5	151
	chrI	201221	0	1.5	146
	chrI	201221	0	0.5	151
	chrI	201233	0	0.5	151
	chrI	201235	1	1.0	151
	chrI	201241	0	1.0	141
	chrI	201247	0	0.5	151
	chrI	201255	0	0.5	95
	chrI	201263	0	0.5	146
	chrI	201263	0	0.5	148
	chrI	201263	0	0.5	114
	chrI	201267	0	0.5	149
	chrI	201271	0	0.5	113
	chrI	201274	0	1.0	119
	chrI	201274	0	1.0	121
	chrI	201281	0	0.5	99
	chrI	201298	1	0.5	151
	chrI	201334	0	0.5	106
	chrI	201335	1	0.5	137
	chrI	201351	1	0.5	95
	chrI	201357	1	0.5	139
	chrI	201366	1	1.5	146
	chrI	201369	1	0.5	151
	chrI	201370	1	0.5	151
	chrI	201377	1	0.5	151
	chrI	201378	1	0.5	114
	chrI	201379	0	0.5	151
	chrI	201381	0	0.5	151
	chrI	201381	1	1.0	141
	chrI	201382	0	1.0	151
	chrI	201385	1	0.5	99
	chrI	201385	1	0.5	113
	chrI	201392	0	0.5	151
	chrI	201392	0	1.5	70
	chrI	201392	1	0.5	151
	chrI	201395	1	1.0	119
	chrI	201396	0	0.5	127
	chrI	201397	1	0.5	120
	chrI	201398	1	0.5	121
	chrI	201405	1	0.5	151
	chrI	201407	1	0.5	151
	chrI	201410	1	1.0	148
	chrI	201410	1	1.0	151
	chrI	201415	1	0.5	149
	chrI	201415	1	0.5	151
	chrI	201416	0	1.0	151
	chrI	201441	1	0.5	106
	chrI	201447	0	0.5	151
	chrI	201462	1	1.5	70
	chrI	201471	0	1.0	108
	chrI	201477	0	1.0	91
	chrI	201477	0	0.5	94
	chrI	201484	0	0.5	151
	chrI	201506	0	0.5	116
	chrI	201506	0	1.0	117
	chrI	201526	1	0.5	127
	chrI	201547	1	0.5	151
	chrI	201549	0	1.0	151
	chrI	201550	1	1.0	151
	chrI	201552	1	0.5	151
	chrI	201571	1	1.0	91
	chrI	201571	1	0.5	94
	chrI	201572	0	0.5	78
	chrI	201572	0	0.5	80
	chrI	201572	1	0.5	151
	chrI	201573	1	1.0	151
	chrI	201579	1	1.0	151
	chrI	201581	1	1.0	108
	chrI	201606	1	0.5	150
	chrI	201608	0	0.5	151
	chrI	201609	0	0.5	148
	chrI	201610	0	1.0	151
	chrI	201625	1	0.5	116
	chrI	201625	1	1.0	117
	chrI	201652	1	0.5	78
	chrI	201652	1	0.5	80
	chrI	201654	1	0.5	151
	chrI	201695	0	0.5	151
	chrI	201702	0	0.5	151
	chrI	201707	0	0.5	151
	chrI	201707	1	1.0	151
	chrI	201717	0	1.0	151
	chrI	201741	0	0.5	151
	chrI	201756	1	0.5	148
	chrI	201757	0	0.5	28
	chrI	201757	0	0.5	58
	chrI	201763	0	1.0	151
	chrI	201763	1	1.5	151
	chrI	201789	1	0.5	28
	chrI	201796	0	0.5	57
	chrI	201802	0	1.0	82
	chrI	201818	1	0.5	58
	chrI	201833	0	1.0	151
	chrI	201854	1	0.5	57
	chrI	201857	1	0.5	151
	chrI	201869	1	0.5	150
	chrI	201873	1	0.5	151
	chrI	201874	0	0.5	84
	chrI	201876	0	0.5	140
	chrI	201880	1	1.0	151
	chrI	201887	1	1.0	82
	chrI	201896	0	1.0	151
	chrI	201898	0	0.5	151
	chrI	201908	0	0.5	151
	chrI	201918	0	0.5	151
	chrI	201921	0	0.5	70
	chrI	201934	0	0.5	123
	chrI	201934	0	0.5	124
	chrI	201945	1	0.5	151
	chrI	201960	1	0.5	84
	chrI	201987	1	1.0	151
	chrI	201993	1	0.5	70
	chrI	202006	0	0.5	38
	chrI	202013	0	1.0	90
	chrI	202015	1	0.5	140
	chrI	202015	1	1.0	151
	chrI	202025	0	0.5	151
	chrI	202025	0	0.5	45
	chrI	202035	0	0.5	134
	chrI	202037	0	0.5	150
	chrI	202037	0	1.0	110
	chrI	202037	0	0.5	114
	chrI	202047	1	0.5	38
	chrI	202056	0	1.0	151
	chrI	202059	1	0.5	123
	chrI	202059	1	0.5	124
	chrI	202060	0	0.5	78
	chrI	202065	1	0.5	151
	chrI	202071	1	0.5	45
	chrI	202077	0	0.5	85
	chrI	202077	1	1.0	151
	chrI	202100	0	0.5	64
	chrI	202104	1	1.0	90
	chrI	202108	0	0.5	151
	chrI	202110	1	0.5	151
	chrI	202138	1	0.5	78
	chrI	202139	0	0.5	151
	chrI	202150	1	1.0	110
	chrI	202150	1	0.5	114
	chrI	202156	0	1.0	72
	chrI	202165	1	0.5	64
	chrI	202165	1	0.5	85
	chrI	202168	0	1.0	151
	chrI	202168	1	0.5	134
	chrI	202176	0	0.5	50
	chrI	202178	0	0.5	148
	chrI	202186	1	0.5	150
	chrI	202186	1	0.5	151
	chrI	202189	0	0.5	151
	chrI	202208	0	0.5	80
	chrI	202208	0	0.5	98
	chrI	202210	1	1.0	151
	chrI	202214	0	0.5	80
	chrI	202226	0	0.5	100
	chrI	202226	1	0.5	50
	chrI	202227	0	1.0	127
	chrI	202227	1	0.5	70
	chrI	202228	0	1.0	151
	chrI	202229	1	0.5	72
	chrI	202232	0	0.5	151
	chrI	202235	0	0.5	151
	chrI	202246	0	1.5	151
	chrI	202260	0	0.5	151
	chrI	202266	0	0.5	125
	chrI	202271	1	0.5	151
	chrI	202284	0	0.5	149
	chrI	202284	0	0.5	151
	chrI	202285	0	0.5	151
	chrI	202286	0	0.5	69
	chrI	202289	1	0.5	80
	chrI	202294	1	0.5	80
	chrI	202306	1	0.5	151
	chrI	202307	1	0.5	151
	chrI	202308	1	0.5	98
	chrI	202319	0	0.5	95
	chrI	202325	0	0.5	44
	chrI	202325	1	0.5	148
	chrI	202327	0	0.5	89
	chrI	202329	1	0.5	100
	chrI	202333	1	1.0	151
	chrI	202334	0	0.5	96
	chrI	202355	1	1.0	127
	chrI	202356	1	0.5	69
	chrI	202357	0	0.5	102
	chrI	202364	1	0.5	151
	chrI	202365	0	0.5	59
	chrI	202370	1	0.5	44
	chrI	202382	0	0.5	82
	chrI	202392	0	1.0	151
	chrI	202392	1	1.0	151
	chrI	202392	1	0.5	125
	chrI	202403	1	0.5	151
	chrI	202414	1	0.5	94
	chrI	202417	1	1.5	151
	chrI	202418	1	0.5	89
	chrI	202420	0	0.5	151
	chrI	202420	1	0.5	151
	chrI	202421	0	0.5	151
	chrI	202421	0	0.5	97
	chrI	202421	0	0.5	127
	chrI	202426	0	1.0	151
	chrI	202426	1	0.5	59
	chrI	202432	1	0.5	149
	chrI	202432	1	0.5	96
	chrI	202438	1	1.5	151
	chrI	202444	0	1.0	139
	chrI	202458	0	0.5	89
	chrI	202459	1	0.5	102
	chrI	202461	0	0.5	142
	chrI	202462	0	0.5	106
	chrI	202463	0	0.5	151
	chrI	202463	0	0.5	108
	chrI	202465	1	0.5	82
	chrI	202487	0	0.5	125
	chrI	202505	0	1.0	151
	chrI	202509	0	0.5	150
	chrI	202518	0	0.5	151
	chrI	202520	1	0.5	97
	chrI	202523	0	0.5	109
	chrI	202543	0	0.5	113
	chrI	202547	1	0.5	89
	chrI	202549	1	0.5	127
	chrI	202550	0	0.5	136
	chrI	202550	0	0.5	151
	chrI	202552	0	0.5	107
	chrI	202555	0	1.0	121
	chrI	202556	0	1.0	124
	chrI	202567	1	0.5	106
	chrI	202569	0	1.0	69
	chrI	202570	1	0.5	108
	chrI	202571	0	1.0	143
	chrI	202571	0	0.5	144
	chrI	202571	0	1.0	84
	chrI	202571	1	0.5	151
	chrI	202574	0	0.5	140
	chrI	202582	1	1.0	139
	chrI	202583	0	0.5	128
	chrI	202583	1	1.0	151
	chrI	202596	1	0.5	151
	chrI	202600	0	0.5	122
	chrI	202602	1	0.5	142
	chrI	202602	1	0.5	151
	chrI	202603	0	1.0	72
	chrI	202615	1	0.5	125
	chrI	202617	1	0.5	151
	chrI	202618	0	2.0	93
	chrI	202620	0	0.5	151
	chrI	202627	0	0.5	89
	chrI	202633	1	0.5	109
	chrI	202638	1	1.0	69
	chrI	202640	1	0.5	151
	chrI	202643	0	0.5	105
	chrI	202656	1	0.5	113
	chrI	202658	1	0.5	150
	chrI	202659	1	1.0	84
	chrI	202659	1	0.5	107
	chrI	202660	0	0.5	151
	chrI	202663	1	0.5	151
	chrI	202676	1	1.0	72
	chrI	202677	1	1.0	121
	chrI	202679	0	0.5	117
	chrI	202679	1	0.5	151
	chrI	202680	0	0.5	99
	chrI	202683	1	1.0	124
	chrI	202685	1	0.5	136
	chrI	202689	0	0.5	70
	chrI	202697	0	1.5	151
	chrI	202713	1	0.5	128
	chrI	202713	1	0.5	140
	chrI	202713	1	1.0	143
	chrI	202713	1	2.0	93
	chrI	202714	1	0.5	144
	chrI	202714	1	0.5	151
	chrI	202716	1	0.5	89
	chrI	202718	0	0.5	151
	chrI	202723	1	0.5	122
	chrI	202734	0	0.5	77
	chrI	202735	0	0.5	150
	chrI	202741	0	0.5	131
	chrI	202741	0	2.0	151
	chrI	202741	0	0.5	93
	chrI	202742	0	0.5	138
	chrI	202742	0	0.5	151
	chrI	202742	0	1.0	54
	chrI	202747	0	0.5	151
	chrI	202749	1	0.5	105
	chrI	202750	0	0.5	141
	chrI	202754	0	0.5	133
	chrI	202759	0	0.5	111
	chrI	202762	1	0.5	70
	chrI	202780	1	0.5	99
	chrI	202791	0	0.5	87
	chrI	202796	1	0.5	151
	chrI	202796	1	1.0	54
	chrI	202797	1	0.5	117
	chrI	202798	0	0.5	150
	chrI	202798	0	0.5	151
	chrI	202810	1	0.5	151
	chrI	202811	1	0.5	77
	chrI	202813	0	1.0	140
	chrI	202835	1	0.5	93
	chrI	202861	1	1.5	151
	chrI	202862	1	0.5	151
	chrI	202871	1	0.5	131
	chrI	202871	1	0.5	111
	chrI	202876	0	0.5	127
	chrI	202879	1	0.5	138
	chrI	202879	1	0.5	87
	chrI	202884	1	0.5	150
	chrI	202886	1	0.5	133
	chrI	202886	1	0.5	151
	chrI	202890	1	0.5	141
	chrI	202906	1	2.0	151
	chrI	202908	1	0.5	151
	chrI	202912	0	0.5	151
	chrI	202919	1	0.5	151
	chrI	202952	1	1.0	140
	chrI	202955	0	0.5	151
	chrI	202958	0	0.5	151
	chrI	202960	1	1.0	151
	chrI	202989	0	0.5	151
	chrI	202999	0	0.5	64
	chrI	203004	1	0.5	127
	chrI	203007	0	0.5	100
	chrI	203043	0	0.5	148
	chrI	203053	0	0.5	151
	chrI	203055	0	1.5	151
	chrI	203056	0	0.5	151
	chrI	203060	0	0.5	151
	chrI	203065	1	0.5	64
	chrI	203071	0	1.0	151
	chrI	203083	0	0.5	151
	chrI	203083	1	0.5	151
	chrI	203084	0	0.5	151
	chrI	203087	0	1.0	151
	chrI	203095	0	0.5	137
	chrI	203108	1	0.5	100
	chrI	203137	0	1.0	110
	chrI	203162	1	0.5	150
	chrI	203163	1	0.5	151
	chrI	203170	1	0.5	151
	chrI	203180	0	1.0	139
	chrI	203181	0	1.0	136
	chrI	203190	1	0.5	148
	chrI	203193	0	0.5	98
	chrI	203200	0	0.5	95
	chrI	203200	0	0.5	97
	chrI	203212	0	0.5	49
	chrI	203212	0	1.5	103
	chrI	203217	0	0.5	151
	chrI	203217	1	0.5	151
	chrI	203220	0	0.5	72
	chrI	203220	1	0.5	151
	chrI	203221	0	0.5	151
	chrI	203221	1	0.5	151
	chrI	203228	0	1.5	151
	chrI	203231	0	0.5	133
	chrI	203231	1	0.5	137
	chrI	203239	1	1.5	151
	chrI	203241	0	0.5	80
	chrI	203244	1	1.5	151
	chrI	203245	0	1.0	151
	chrI	203247	1	1.0	110
	chrI	203257	0	0.5	151
	chrI	203263	1	0.5	151
	chrI	203263	1	0.5	49
	chrI	203264	0	1.0	151
	chrI	203272	0	0.5	151
	chrI	203274	0	0.5	151
	chrI	203279	0	1.0	151
	chrI	203287	0	1.0	151
	chrI	203292	1	0.5	72
	chrI	203292	1	0.5	98
	chrI	203296	1	0.5	95
	chrI	203296	1	0.5	97
	chrI	203300	0	1.5	141
	chrI	203309	0	0.5	133
	chrI	203309	0	0.5	151
	chrI	203310	0	0.5	151
	chrI	203315	0	0.5	151
	chrI	203315	1	1.5	103
	chrI	203316	1	1.0	136
	chrI	203318	1	1.0	139
	chrI	203318	1	1.0	151
	chrI	203320	0	0.5	65
	chrI	203321	1	0.5	80
	chrI	203345	0	0.5	151
	chrI	203363	1	0.5	133
	chrI	203369	0	0.5	151
	chrI	203385	1	0.5	151
	chrI	203386	0	1.5	151
	chrI	203386	1	0.5	151
	chrI	203386	1	0.5	65
	chrI	203390	0	1.0	151
	chrI	203405	1	0.5	151
	chrI	203416	1	0.5	151
	chrI	203421	1	1.0	151
	chrI	203422	0	0.5	151
	chrI	203423	0	1.0	151
	chrI	203423	1	1.0	151
	chrI	203429	1	0.5	151
	chrI	203440	1	1.5	141
	chrI	203441	1	0.5	133
	chrI	203441	1	2.0	151
	chrI	203443	1	1.0	151
	chrI	203456	0	0.5	135
	chrI	203463	1	0.5	151
	chrI	203469	1	0.5	151
	chrI	203480	0	0.5	143
	chrI	203503	0	0.5	151
	chrI	203521	1	0.5	151
	chrI	203523	1	0.5	151
	chrI	203538	1	0.5	151
	chrI	203539	0	0.5	107
	chrI	203542	0	1.0	110
	chrI	203547	1	0.5	151
	chrI	203548	0	0.5	84
	chrI	203548	1	1.5	151
	chrI	203549	0	0.5	151
	chrI	203552	1	0.5	151
	chrI	203554	0	1.5	151
	chrI	203577	1	1.0	151
	chrI	203578	1	0.5	151
	chrI	203579	0	0.5	151
	chrI	203581	0	0.5	135
	chrI	203584	0	1.0	106
	chrI	203585	1	0.5	151
	chrI	203587	0	1.0	133
	chrI	203587	0	0.5	151
	chrI	203589	0	0.5	116
	chrI	203590	1	0.5	135
	chrI	203593	0	0.5	151
	chrI	203601	0	1.0	151
	chrI	203608	0	0.5	137
	chrI	203622	1	0.5	143
	chrI	203625	0	0.5	115
	chrI	203632	1	0.5	84
	chrI	203638	0	0.5	137
	chrI	203640	0	0.5	119
	chrI	203645	0	1.0	151
	chrI	203647	1	0.5	107
	chrI	203654	1	1.0	110
	chrI	203661	1	0.5	151
	chrI	203691	1	1.0	106
	chrI	203707	1	0.5	151
	chrI	203715	1	0.5	135
	chrI	203718	1	0.5	126
	chrI	203719	1	1.0	133
	chrI	203738	1	0.5	151
	chrI	203742	1	0.5	115
	chrI	203744	1	0.5	137
	chrI	203746	1	0.5	151
	chrI	203759	1	0.5	119
	chrI	203772	1	1.0	151
	chrI	203774	1	0.5	137
	chrI	203783	0	0.5	83
	chrI	203790	1	0.5	151
	chrI	203811	0	0.5	151
	chrI	203813	1	1.0	151
	chrI	203820	0	0.5	148
	chrI	203825	0	0.5	112
	chrI	203843	0	0.5	151
	chrI	203849	1	1.5	151
	chrI	203854	0	0.5	145
	chrI	203863	0	1.0	96
	chrI	203867	1	0.5	83
	chrI	203870	0	0.5	139
	chrI	203870	0	1.0	151
	chrI	203882	0	0.5	136
	chrI	203882	0	1.0	142
	chrI	203893	0	0.5	151
	chrI	203894	0	0.5	125
	chrI	203898	0	0.5	149
	chrI	203898	0	0.5	126
	chrI	203900	0	0.5	151
	chrI	203902	0	1.0	144
	chrI	203907	0	0.5	52
	chrI	203938	1	0.5	112
	chrI	203945	0	1.0	73
	chrI	203948	0	0.5	79
	chrI	203960	1	1.0	96
	chrI	203964	1	0.5	151
	chrI	203964	1	0.5	52
	chrI	203967	1	0.5	148
	chrI	203998	1	0.5	145
	chrI	204008	1	0.5	139
	chrI	204008	1	0.5	151
	chrI	204013	0	0.5	144
	chrI	204017	1	0.5	136
	chrI	204018	1	1.0	73
	chrI	204019	1	0.5	125
	chrI	204023	1	1.0	142
	chrI	204027	0	0.5	125
	chrI	204027	1	0.5	126
	chrI	204028	1	0.5	79
	chrI	204031	0	0.5	151
	chrI	204038	0	0.5	120
	chrI	204045	1	1.0	144
	chrI	204045	1	1.5	151
	chrI	204046	1	0.5	149
	chrI	204055	0	0.5	77
	chrI	204062	0	1.0	96
	chrI	204065	1	0.5	151
	chrI	204067	0	0.5	88
	chrI	204101	0	1.5	149
	chrI	204119	0	0.5	151
	chrI	204124	0	0.5	151
	chrI	204132	0	0.5	138
	chrI	204132	1	0.5	77
	chrI	204153	1	0.5	125
	chrI	204156	1	0.5	144
	chrI	204156	1	0.5	88
	chrI	204159	1	1.0	96
	chrI	204160	1	0.5	120
	chrI	204191	1	0.5	151
	chrI	204192	0	0.5	151
	chrI	204207	0	0.5	151
	chrI	204209	0	0.5	150
	chrI	204213	0	0.5	151
	chrI	204225	0	0.5	89
	chrI	204226	0	0.5	151
	chrI	204249	1	1.5	149
	chrI	204269	1	0.5	138
	chrI	204275	1	0.5	151
	chrI	204292	1	0.5	151
	chrI	204293	0	0.5	79
	chrI	204314	1	0.5	89
	chrI	204339	0	0.5	151
	chrI	204358	1	0.5	150
	chrI	204366	1	0.5	151
	chrI	204367	1	1.0	151
	chrI	204374	1	0.5	79
	chrI	204401	1	0.5	151
	chrI	204424	0	0.5	38
	chrI	204424	0	1.0	39
	chrI	204464	1	0.5	38
	chrI	204464	1	1.0	39
	chrI	204470	0	0.5	89
	chrI	204507	0	0.5	151
	chrI	204528	1	0.5	151
	chrI	204544	0	0.5	109
	chrI	204560	1	0.5	89
	chrI	204563	0	0.5	151
	chrI	204566	0	0.5	151
	chrI	204629	1	0.5	151
	chrI	204657	1	0.5	151
	chrI	204666	1	0.5	151
	chrI	204789	1	0.5	109
	chrI	204803	0	0.5	151
	chrI	204844	0	0.5	64
	chrI	204955	1	0.5	151
	chrI	205042	1	0.5	64
	chrI	205054	0	0.5	151
	chrI	205059	0	0.5	151
	chrI	205065	0	0.5	105
	chrI	205078	0	0.5	71
	chrI	205085	0	0.5	53
	chrI	205129	0	0.5	41
	chrI	205216	1	0.5	147
	chrI	205217	0	0.5	53
	chrI	205248	0	0.5	132
	chrI	205248	1	0.5	151
	chrI	205271	1	0.5	53
	chrI	205285	1	0.5	71
	chrI	205306	1	0.5	41
	chrI	205329	0	1.0	151
	chrI	205329	0	0.5	110
	chrI	205335	0	0.5	106
	chrI	205342	0	0.5	64
	chrI	205343	0	0.5	133
	chrI	205407	1	0.5	64
	chrI	205410	1	0.5	53
	chrI	205440	1	0.5	110
	chrI	205442	1	0.5	105
	chrI	205442	1	0.5	106
	chrI	205475	1	0.5	133
	chrI	205495	1	1.0	151
	chrI	205514	1	0.5	132
	chrI	205617	0	0.5	151
	chrI	205682	0	0.5	151
	chrI	205701	0	0.5	151
	chrI	205755	0	0.5	141
	chrI	205763	0	1.0	151
	chrI	205787	1	0.5	151
	chrI	205788	0	1.0	147
	chrI	205808	0	0.5	143
	chrI	205822	0	0.5	151
	chrI	205829	0	0.5	119
	chrI	205833	0	0.5	149
	chrI	205838	0	0.5	43
	chrI	205849	1	0.5	151
	chrI	205853	0	0.5	148
	chrI	205880	1	0.5	43
	chrI	205888	0	0.5	60
	chrI	205889	0	1.0	151
	chrI	205889	1	0.5	151
	chrI	205895	1	0.5	141
	chrI	205906	0	0.5	122
	chrI	205916	1	1.0	151
	chrI	205933	0	0.5	132
	chrI	205934	1	1.0	147
	chrI	205945	0	0.5	151
	chrI	205947	0	0.5	151
	chrI	205947	0	0.5	98
	chrI	205950	1	0.5	143
	chrI	205950	1	0.5	60
	chrI	205950	1	0.5	119
	chrI	205952	0	0.5	134
	chrI	205952	0	0.5	150
	chrI	205981	1	0.5	149
	chrI	205982	1	0.5	151
	chrI	206000	1	0.5	148
	chrI	206014	0	0.5	55
	chrI	206014	0	0.5	56
	chrI	206018	0	0.5	83
	chrI	206030	1	0.5	122
	chrI	206045	1	0.5	98
	chrI	206058	1	1.0	151
	chrI	206064	1	0.5	132
	chrI	206070	1	0.5	55
	chrI	206070	1	0.5	56
	chrI	206085	1	0.5	134
	chrI	206102	1	0.5	83
	chrI	206105	1	0.5	151
	chrI	206125	1	0.5	146
	chrI	206185	0	0.5	151
	chrI	206203	0	0.5	108
	chrI	206206	0	0.5	151
	chrI	206211	0	1.0	151
	chrI	206218	0	0.5	151
	chrI	206254	0	1.5	151
	chrI	206256	0	1.0	151
	chrI	206266	0	0.5	127
	chrI	206283	0	1.0	151
	chrI	206290	0	0.5	88
	chrI	206291	0	0.5	151
	chrI	206298	0	0.5	151
	chrI	206312	1	0.5	108
	chrI	206324	0	0.5	89
	chrI	206357	0	0.5	145
	chrI	206369	0	0.5	151
	chrI	206370	0	0.5	151
	chrI	206372	1	1.0	151
	chrI	206379	1	0.5	88
	chrI	206380	1	0.5	151
	chrI	206387	0	0.5	151
	chrI	206394	1	0.5	127
	chrI	206399	0	0.5	60
	chrI	206403	1	0.5	151
	chrI	206408	1	1.5	151
	chrI	206414	1	0.5	89
	chrI	206421	0	1.0	151
	chrI	206425	0	0.5	151
	chrI	206435	1	1.0	151
	chrI	206436	0	0.5	151
	chrI	206460	1	0.5	60
	chrI	206463	0	0.5	62
	chrI	206463	1	0.5	151
	chrI	206480	1	0.5	151
	chrI	206492	0	0.5	56
	chrI	206501	0	0.5	150
	chrI	206501	1	0.5	145
	chrI	206513	0	0.5	52
	chrI	206514	1	0.5	151
	chrI	206520	1	0.5	151
	chrI	206526	1	0.5	62
	chrI	206538	1	0.5	151
	chrI	206541	1	0.5	151
	chrI	206548	1	0.5	56
	chrI	206551	0	0.5	56
	chrI	206555	0	0.5	43
	chrI	206559	0	0.5	151
	chrI	206567	1	0.5	52
	chrI	206575	1	1.0	151
	chrI	206578	0	0.5	151
	chrI	206583	0	0.5	135
	chrI	206583	0	0.5	151
	chrI	206588	0	0.5	72
	chrI	206591	1	0.5	151
	chrI	206592	1	1.0	151
	chrI	206598	1	0.5	43
	chrI	206599	0	1.0	140
	chrI	206599	0	0.5	151
	chrI	206607	1	0.5	56
	chrI	206623	1	0.5	151
	chrI	206632	0	0.5	151
	chrI	206650	1	0.5	150
	chrI	206661	0	0.5	69
	chrI	206662	1	0.5	72
	chrI	206683	0	0.5	151
	chrI	206699	0	0.5	151
	chrI	206700	0	1.0	151
	chrI	206717	1	0.5	135
	chrI	206723	0	1.0	139
	chrI	206724	0	0.5	151
	chrI	206730	0	0.5	69
	chrI	206733	1	0.5	151
	chrI	206733	1	0.5	69
	chrI	206738	1	1.0	140
	chrI	206738	1	1.0	151
	chrI	206743	0	0.5	141
	chrI	206750	1	0.5	151
	chrI	206781	0	0.5	83
	chrI	206781	0	0.5	86
	chrI	206797	1	0.5	151
	chrI	206799	1	0.5	69
	chrI	206821	0	0.5	97
	chrI	206828	0	1.0	151
	chrI	206837	1	0.5	151
	chrI	206847	0	0.5	98
	chrI	206858	1	0.5	151
	chrI	206861	1	1.0	139
	chrI	206861	1	0.5	151
	chrI	206867	1	0.5	83
	chrI	206867	1	0.5	86
	chrI	206879	1	0.5	151
	chrI	206880	0	0.5	96
	chrI	206883	1	0.5	141
	chrI	206903	0	0.5	95
	chrI	206903	1	0.5	151
	chrI	206917	1	0.5	96
	chrI	206929	1	0.5	151
	chrI	206947	1	0.5	98
	chrI	206950	0	0.5	151
	chrI	206980	1	0.5	96
	chrI	206999	1	0.5	95
	chrI	207004	1	1.0	151
	chrI	207014	0	0.5	105
	chrI	207016	0	0.5	151
	chrI	207022	0	0.5	77
	chrI	207040	0	0.5	151
	chrI	207042	0	0.5	151
	chrI	207064	0	0.5	151
	chrI	207069	0	0.5	151
	chrI	207076	0	0.5	89
	chrI	207087	0	1.5	151
	chrI	207093	0	0.5	151
	chrI	207099	1	0.5	77
	chrI	207120	1	0.5	105
	chrI	207130	0	0.5	96
	chrI	207149	0	0.5	74
	chrI	207150	0	0.5	104
	chrI	207167	1	0.5	89
	chrI	207173	0	1.0	151
	chrI	207185	0	0.5	92
	chrI	207200	1	0.5	151
	chrI	207209	0	1.0	130
	chrI	207224	1	2.0	151
	chrI	207225	1	0.5	74
	chrI	207227	1	0.5	96
	chrI	207230	1	0.5	151
	chrI	207231	0	0.5	128
	chrI	207231	0	0.5	151
	chrI	207234	0	0.5	151
	chrI	207249	1	0.5	151
	chrI	207251	0	1.0	151
	chrI	207255	1	1.5	151
	chrI	207255	1	0.5	104
	chrI	207265	0	0.5	109
	chrI	207270	0	0.5	77
	chrI	207274	0	1.0	101
	chrI	207278	1	0.5	92
	chrI	207318	0	0.5	146
	chrI	207331	1	1.0	151
	chrI	207338	1	1.0	130
	chrI	207345	0	0.5	151
	chrI	207350	1	0.5	77
	chrI	207361	1	0.5	128
	chrI	207376	1	0.5	109
	chrI	207377	1	1.0	101
	chrI	207383	0	0.5	151
	chrI	207392	1	0.5	151
	chrI	207396	0	0.5	151
	chrI	207396	0	0.5	112
	chrI	207396	1	0.5	149
	chrI	207410	1	1.0	151
	chrI	207411	0	1.0	151
	chrI	207463	1	0.5	146
	chrI	207467	0	0.5	137
	chrI	207471	0	1.0	144
	chrI	207477	0	2.0	151
	chrI	207489	0	0.5	151
	chrI	207508	1	0.5	112
	chrI	207537	1	1.0	151
	chrI	207545	0	0.5	151
	chrI	207549	0	0.5	151
	chrI	207560	1	0.5	151
	chrI	207564	0	0.5	86
	chrI	207565	0	0.5	104
	chrI	207565	0	0.5	105
	chrI	207578	0	0.5	151
	chrI	207582	0	0.5	151
	chrI	207583	0	0.5	117
	chrI	207592	1	1.0	151
	chrI	207603	0	0.5	151
	chrI	207603	1	0.5	137
	chrI	207614	1	1.0	144
	chrI	207636	1	2.0	151
	chrI	207651	1	0.5	86
	chrI	207664	0	0.5	53
	chrI	207671	1	0.5	104
	chrI	207671	1	0.5	105
	chrI	207693	0	0.5	150
	chrI	207701	1	0.5	117
	chrI	207716	1	0.5	151
	chrI	207719	1	0.5	53
	chrI	207722	0	0.5	92
	chrI	207728	1	0.5	151
	chrI	207743	0	0.5	115
	chrI	207745	0	0.5	151
	chrI	207748	0	0.5	150
	chrI	207754	0	0.5	151
	chrI	207755	0	0.5	82
	chrI	207768	1	0.5	151
	chrI	207771	0	1.0	90
	chrI	207771	0	0.5	92
	chrI	207779	0	0.5	39
	chrI	207781	1	0.5	151
	chrI	207783	0	0.5	118
	chrI	207785	0	0.5	151
	chrI	207788	0	0.5	151
	chrI	207798	0	0.5	151
	chrI	207798	0	0.5	114
	chrI	207800	1	0.5	151
	chrI	207813	0	0.5	145
	chrI	207816	1	0.5	92
	chrI	207818	1	0.5	39
	chrI	207838	1	0.5	82
	chrI	207842	1	0.5	150
	chrI	207852	0	0.5	151
	chrI	207860	1	0.5	115
	chrI	207863	1	1.0	90
	chrI	207863	1	0.5	92
	chrI	207890	0	0.5	119
	chrI	207902	1	0.5	118
	chrI	207905	0	0.5	99
	chrI	207905	1	0.5	151
	chrI	207908	0	0.5	151
	chrI	207908	1	0.5	151
	chrI	207911	0	0.5	151
	chrI	207914	1	0.5	114
	chrI	207916	1	0.5	151
	chrI	207917	1	0.5	151
	chrI	207922	0	1.0	95
	chrI	207923	0	1.0	143
	chrI	207930	0	0.5	151
	chrI	207937	0	0.5	151
	chrI	207938	0	0.5	151
	chrI	207957	1	0.5	145
	chrI	207961	0	2.5	145
	chrI	207974	1	0.5	151
	chrI	207977	0	1.0	104
	chrI	207977	1	0.5	151
	chrI	207997	0	0.5	149
	chrI	207997	0	0.5	151
	chrI	208007	1	0.5	99
	chrI	208010	1	0.5	119
	chrI	208015	0	0.5	151
	chrI	208017	0	0.5	87
	chrI	208018	1	1.0	95
	chrI	208027	1	0.5	151
	chrI	208033	0	1.0	151
	chrI	208037	0	0.5	44
	chrI	208043	1	0.5	151
	chrI	208049	0	0.5	131
	chrI	208054	0	1.0	64
	chrI	208058	0	0.5	69
	chrI	208062	0	0.5	105
	chrI	208063	1	0.5	151
	chrI	208065	1	1.0	143
	chrI	208066	0	0.5	99
	chrI	208066	0	1.0	101
	chrI	208066	0	0.5	102
	chrI	208067	0	0.5	40
	chrI	208068	0	0.5	151
	chrI	208068	0	0.5	102
	chrI	208072	0	0.5	56
	chrI	208072	0	0.5	91
	chrI	208076	1	0.5	151
	chrI	208080	0	1.0	151
	chrI	208082	1	1.0	104
	chrI	208083	1	0.5	44
	chrI	208085	0	1.0	84
	chrI	208085	0	0.5	95
	chrI	208088	0	0.5	60
	chrI	208090	0	0.5	85
	chrI	208105	1	2.5	145
	chrI	208106	1	0.5	87
	chrI	208109	1	0.5	40
	chrI	208120	1	1.0	64
	chrI	208122	1	0.5	151
	chrI	208125	0	0.5	140
	chrI	208125	0	0.5	66
	chrI	208129	1	0.5	69
	chrI	208130	1	0.5	56
	chrI	208133	0	1.0	151
	chrI	208133	0	0.5	116
	chrI	208136	0	0.5	123
	chrI	208140	0	0.5	133
	chrI	208140	0	0.5	151
	chrI	208151	1	0.5	60
	chrI	208157	1	0.5	151
	chrI	208162	0	0.5	51
	chrI	208165	1	0.5	91
	chrI	208166	1	0.5	99
	chrI	208168	1	0.5	151
	chrI	208168	1	0.5	105
	chrI	208169	0	0.5	110
	chrI	208169	1	0.5	151
	chrI	208169	1	1.0	84
	chrI	208169	1	1.0	101
	chrI	208169	1	0.5	102
	chrI	208170	1	0.5	102
	chrI	208171	0	0.5	96
	chrI	208176	1	0.5	151
	chrI	208176	1	0.5	85
	chrI	208177	0	0.5	93
	chrI	208179	1	0.5	131
	chrI	208179	1	0.5	95
	chrI	208181	1	0.5	151
	chrI	208182	0	0.5	151
	chrI	208189	0	0.5	71
	chrI	208193	1	0.5	66
	chrI	208198	0	0.5	150
	chrI	208198	0	1.0	151
	chrI	208200	0	0.5	151
	chrI	208202	0	0.5	66
	chrI	208214	1	0.5	51
	chrI	208222	0	0.5	66
	chrI	208235	0	0.5	98
	chrI	208251	1	1.0	151
	chrI	208252	1	0.5	116
	chrI	208259	1	0.5	71
	chrI	208261	1	0.5	123
	chrI	208262	0	0.5	132
	chrI	208262	0	0.5	74
	chrI	208264	1	0.5	140
	chrI	208268	1	0.5	66
	chrI	208268	1	0.5	96
	chrI	208272	1	0.5	133
	chrI	208273	1	0.5	94
	chrI	208275	0	1.0	151
	chrI	208275	0	0.5	50
	chrI	208278	1	0.5	110
	chrI	208290	1	0.5	66
	chrI	208296	1	0.5	151
	chrI	208297	1	0.5	151
	chrI	208303	0	0.5	151
	chrI	208319	1	0.5	40
	chrI	208325	1	0.5	50
	chrI	208327	0	0.5	151
	chrI	208332	1	0.5	98
	chrI	208338	0	0.5	151
	chrI	208339	0	0.5	142
	chrI	208339	0	0.5	151
	chrI	208342	1	0.5	151
	chrI	208344	0	0.5	151
	chrI	208351	0	1.0	116
	chrI	208354	1	0.5	149
	chrI	208354	1	0.5	151
	chrI	208355	0	1.0	151
	chrI	208359	0	1.0	117
	chrI	208362	0	0.5	90
	chrI	208368	1	0.5	151
	chrI	208384	1	1.0	151
	chrI	208393	1	1.0	132
	chrI	208396	0	0.5	70
	chrI	208453	1	1.0	151
	chrI	208453	1	0.5	90
	chrI	208469	1	0.5	70
	chrI	208469	1	1.0	116
	chrI	208477	1	0.5	150
	chrI	208478	1	0.5	151
	chrI	208479	1	1.0	117
	chrI	208480	1	0.5	142
	chrI	208481	0	0.5	128
	chrI	208481	0	0.5	151
	chrI	208486	1	0.5	151
	chrI	208489	0	0.5	139
	chrI	208489	0	0.5	109
	chrI	208499	1	0.5	151
	chrI	208500	0	1.5	151
	chrI	208500	0	0.5	110
	chrI	208500	1	0.5	151
	chrI	208501	0	1.0	144
	chrI	208501	0	1.0	151
	chrI	208501	1	0.5	151
	chrI	208508	1	0.5	151
	chrI	208516	0	0.5	151
	chrI	208518	1	1.0	151
	chrI	208522	0	0.5	38
	chrI	208532	0	0.5	151
	chrI	208561	1	0.5	38
	chrI	208562	0	0.5	91
	chrI	208577	0	0.5	72
	chrI	208580	0	0.5	96
	chrI	208593	0	0.5	151
	chrI	208597	0	1.0	151
	chrI	208600	1	0.5	109
	chrI	208611	1	0.5	128
	chrI	208611	1	0.5	110
	chrI	208618	0	1.5	122
	chrI	208627	1	0.5	139
	chrI	208638	0	0.5	128
	chrI	208638	0	0.5	130
	chrI	208644	1	1.0	144
	chrI	208646	1	0.5	151
	chrI	208649	0	1.5	47
	chrI	208650	1	0.5	72
	chrI	208654	1	0.5	91
	chrI	208662	1	1.0	151
	chrI	208674	1	0.5	151
	chrI	208677	1	0.5	96
	chrI	208679	1	0.5	151
	chrI	208681	0	0.5	60
	chrI	208688	0	0.5	146
	chrI	208698	1	1.5	47
	chrI	208703	0	0.5	151
	chrI	208704	0	0.5	151
	chrI	208713	1	0.5	151
	chrI	208740	1	1.5	122
	chrI	208742	1	0.5	60
	chrI	208745	1	0.5	149
	chrI	208747	1	0.5	151
	chrI	208766	0	2.0	104
	chrI	208767	1	0.5	128
	chrI	208767	1	0.5	130
	chrI	208781	1	0.5	151
	chrI	208820	1	0.5	150
	chrI	208821	1	0.5	151
	chrI	208833	1	0.5	146
	chrI	208838	0	0.5	104
	chrI	208850	0	0.5	151
	chrI	208851	0	0.5	151
	chrI	208870	1	0.5	151
	chrI	208871	0	0.5	150
	chrI	208871	1	2.0	104
	chrI	208876	1	0.5	151
	chrI	208877	0	1.0	151
	chrI	208878	0	0.5	151
	chrI	208889	0	0.5	117
	chrI	208892	0	1.0	124
	chrI	208898	0	1.0	151
	chrI	208899	0	0.5	140
	chrI	208922	0	0.5	151
	chrI	208937	0	0.5	151
	chrI	208942	1	0.5	104
	chrI	208971	0	0.5	150
	chrI	208978	0	1.0	135
	chrI	209007	1	0.5	151
	chrI	209007	1	0.5	117
	chrI	209008	0	0.5	133
	chrI	209008	0	1.0	151
	chrI	209008	1	0.5	151
	chrI	209018	1	1.0	124
	chrI	209020	1	0.5	150
	chrI	209026	0	1.0	151
	chrI	209038	1	0.5	140
	chrI	209046	1	0.5	151
	chrI	209047	0	0.5	131
	chrI	209048	0	0.5	138
	chrI	209050	0	0.5	116
	chrI	209063	1	0.5	151
	chrI	209066	1	1.0	151
	chrI	209067	1	0.5	151
	chrI	209092	1	0.5	151
	chrI	209108	1	0.5	151
	chrI	209112	1	1.0	135
	chrI	209115	0	0.5	123
	chrI	209115	0	0.5	124
	chrI	209128	1	0.5	151
	chrI	209135	0	0.5	151
	chrI	209140	1	0.5	133
	chrI	209145	0	0.5	132
	chrI	209152	0	0.5	151
	chrI	209166	1	0.5	116
	chrI	209169	0	0.5	120
	chrI	209169	0	0.5	125
	chrI	209172	1	0.5	151
	chrI	209177	1	0.5	131
	chrI	209178	0	0.5	95
	chrI	209178	0	0.5	96
	chrI	209179	0	0.5	132
	chrI	209179	0	0.5	145
	chrI	209185	1	0.5	138
	chrI	209186	0	0.5	92
	chrI	209187	1	0.5	151
	chrI	209188	0	1.0	151
	chrI	209198	0	1.5	151
	chrI	209198	1	0.5	151
	chrI	209200	0	0.5	36
	chrI	209208	0	0.5	114
	chrI	209208	1	0.5	151
	chrI	209209	0	1.0	139
	chrI	209217	0	0.5	122
	chrI	209237	1	0.5	36
	chrI	209240	1	0.5	123
	chrI	209240	1	0.5	124
	chrI	209247	0	0.5	151
	chrI	209248	0	0.5	58
	chrI	209258	0	0.5	110
	chrI	209274	0	0.5	151
	chrI	209275	1	0.5	95
	chrI	209275	1	0.5	96
	chrI	209276	1	0.5	132
	chrI	209277	0	0.5	62
	chrI	209281	1	0.5	92
	chrI	209294	1	0.5	120
	chrI	209294	1	0.5	125
	chrI	209300	0	0.5	151
	chrI	209305	1	0.5	151
	chrI	209308	1	0.5	58
	chrI	209310	1	0.5	132
	chrI	209316	0	1.0	151
	chrI	209322	1	0.5	114
	chrI	209334	0	0.5	151
	chrI	209340	1	0.5	62
	chrI	209342	1	0.5	122
	chrI	209343	1	0.5	151
	chrI	209344	0	2.5	151
	chrI	209347	1	1.0	139
	chrI	209350	1	0.5	151
	chrI	209351	0	0.5	151
	chrI	209351	1	0.5	151
	chrI	209356	1	0.5	151
	chrI	209360	1	0.5	151
	chrI	209366	0	0.5	61
	chrI	209369	0	1.0	151
	chrI	209369	0	1.0	82
	chrI	209369	1	0.5	110
	chrI	209389	0	0.5	151
	chrI	209392	0	0.5	151
	chrI	209392	0	0.5	124
	chrI	209394	0	1.0	91
	chrI	209427	1	0.5	151
	chrI	209428	1	0.5	61
	chrI	209432	1	0.5	151
	chrI	209444	0	0.5	60
	chrI	209452	1	1.0	82
	chrI	209464	1	0.5	151
	chrI	209487	1	1.0	91
	chrI	209489	0	0.5	114
	chrI	209494	0	0.5	136
	chrI	209494	1	1.0	151
	chrI	209504	1	0.5	151
	chrI	209505	1	1.0	151
	chrI	209505	1	0.5	60
	chrI	209509	0	0.5	151
	chrI	209511	1	0.5	151
	chrI	209512	1	0.5	151
	chrI	209517	1	0.5	151
	chrI	209517	1	0.5	124
	chrI	209519	0	0.5	151
	chrI	209526	0	1.0	151
	chrI	209530	0	0.5	151
	chrI	209532	1	0.5	151
	chrI	209533	0	0.5	107
	chrI	209536	0	1.5	151
	chrI	209545	1	0.5	151
	chrI	209546	1	1.0	151
	chrI	209547	1	1.0	151
	chrI	209548	0	1.5	151
	chrI	209548	0	0.5	69
	chrI	209562	0	0.5	151
	chrI	209580	0	1.0	94
	chrI	209580	0	1.0	109
	chrI	209581	0	0.5	101
	chrI	209604	1	0.5	114
	chrI	209614	0	0.5	60
	chrI	209617	0	0.5	65
	chrI	209617	0	0.5	102
	chrI	209619	1	0.5	69
	chrI	209625	0	0.5	58
	chrI	209629	1	0.5	136
	chrI	209641	1	0.5	107
	chrI	209660	1	0.5	151
	chrI	209675	1	0.5	60
	chrI	209675	1	1.0	94
	chrI	209676	0	1.0	151
	chrI	209676	0	0.5	56
	chrI	209676	0	0.5	93
	chrI	209676	0	1.5	94
	chrI	209682	1	1.0	151
	chrI	209683	1	0.5	65
	chrI	209683	1	0.5	101
	chrI	209686	1	0.5	58
	chrI	209691	1	1.0	109
	chrI	209707	0	0.5	111
	chrI	209710	1	1.0	151
	chrI	209712	1	0.5	151
	chrI	209717	1	1.5	151
	chrI	209718	1	0.5	151
	chrI	209719	1	0.5	151
	chrI	209720	1	0.5	151
	chrI	209720	1	0.5	102
	chrI	209723	0	1.0	147
	chrI	209726	0	0.5	143
	chrI	209727	0	0.5	151
	chrI	209729	0	1.0	151
	chrI	209733	1	0.5	56
	chrI	209738	0	0.5	148
	chrI	209738	0	0.5	151
	chrI	209739	0	0.5	131
	chrI	209739	0	0.5	98
	chrI	209739	0	0.5	124
	chrI	209745	0	2.5	143
	chrI	209745	0	0.5	124
	chrI	209749	1	0.5	151
	chrI	209771	1	0.5	93
	chrI	209771	1	1.5	94
	chrI	209792	0	0.5	127
	chrI	209806	0	0.5	99
	chrI	209809	0	0.5	117
	chrI	209819	1	0.5	111
	chrI	209837	0	0.5	90
	chrI	209839	1	1.0	151
	chrI	209839	1	0.5	98
	chrI	209841	0	0.5	151
	chrI	209843	0	0.5	151
	chrI	209855	0	0.5	151
	chrI	209860	0	0.5	151
	chrI	209865	1	0.5	124
	chrI	209867	1	0.5	145
	chrI	209868	1	0.5	143
	chrI	209869	0	0.5	151
	chrI	209869	1	0.5	131
	chrI	209869	1	0.5	147
	chrI	209871	0	0.5	151
	chrI	209871	1	0.5	124
	chrI	209874	0	1.0	151
	chrI	209875	0	0.5	151
	chrI	209885	1	0.5	148
	chrI	209887	1	2.5	143
	chrI	209894	0	0.5	151
	chrI	209897	1	1.0	151
	chrI	209906	1	0.5	99
	chrI	209909	1	1.0	151
	chrI	209915	0	0.5	140
	chrI	209918	1	0.5	127
	chrI	209927	1	0.5	90
	chrI	209927	1	0.5	117
	chrI	209934	0	1.0	151
	chrI	209940	0	0.5	142
	chrI	209946	0	0.5	55
	chrI	209957	0	1.0	151
	chrI	209959	0	0.5	42
	chrI	209962	0	0.5	82
	chrI	209968	0	0.5	62
	chrI	209980	0	0.5	151
	chrI	210002	1	0.5	151
	chrI	210002	1	0.5	42
	chrI	210002	1	0.5	55
	chrI	210003	0	0.5	151
	chrI	210003	0	1.0	46
	chrI	210008	0	0.5	151
	chrI	210013	0	0.5	123
	chrI	210014	1	0.5	151
	chrI	210026	1	0.5	151
	chrI	210032	1	0.5	64
	chrI	210036	1	0.5	151
	chrI	210039	0	0.5	151
	chrI	210044	1	0.5	82
	chrI	210050	1	1.0	46
	chrI	210054	1	0.5	140
	chrI	210056	0	0.5	117
	chrI	210058	1	0.5	151
	chrI	210061	1	0.5	151
	chrI	210063	0	0.5	95
	chrI	210063	1	0.5	151
	chrI	210066	0	0.5	151
	chrI	210067	0	0.5	111
	chrI	210080	0	0.5	131
	chrI	210081	1	0.5	142
	chrI	210082	0	0.5	67
	chrI	210082	0	0.5	123
	chrI	210084	0	0.5	55
	chrI	210084	1	0.5	151
	chrI	210090	0	0.5	151
	chrI	210113	0	0.5	32
	chrI	210114	0	1.0	95
	chrI	210129	0	0.5	102
	chrI	210131	1	1.0	151
	chrI	210137	0	0.5	38
	chrI	210138	1	0.5	123
	chrI	210144	1	0.5	55
	chrI	210146	1	0.5	32
	chrI	210150	1	0.5	67
	chrI	210156	1	0.5	151
	chrI	210159	1	0.5	95
	chrI	210160	0	1.0	134
	chrI	210160	0	0.5	151
	chrI	210161	0	0.5	38
	chrI	210164	1	1.0	151
	chrI	210168	1	0.5	151
	chrI	210174	1	0.5	117
	chrI	210176	1	0.5	38
	chrI	210177	0	1.0	102
	chrI	210178	0	0.5	151
	chrI	210178	1	0.5	111
	chrI	210179	0	1.0	146
	chrI	210187	0	0.5	83
	chrI	210193	0	0.5	151
	chrI	210200	1	0.5	38
	chrI	210201	1	0.5	151
	chrI	210207	1	0.5	123
	chrI	210209	1	0.5	151
	chrI	210210	0	1.5	151
	chrI	210210	1	0.5	131
	chrI	210210	1	1.0	95
	chrI	210218	0	0.5	151
	chrI	210225	0	1.0	151
	chrI	210225	1	0.5	151
	chrI	210228	0	0.5	151
	chrI	210232	1	0.5	102
	chrI	210239	0	0.5	151
	chrI	210242	0	0.5	102
	chrI	210245	1	0.5	151
	chrI	210248	0	0.5	151
	chrI	210270	1	0.5	83
	chrI	210281	1	1.0	102
	chrI	210293	0	0.5	151
	chrI	210293	1	1.0	134
	chrI	210297	0	0.5	143
	chrI	210308	1	0.5	151
	chrI	210324	1	1.0	146
	chrI	210332	1	0.5	151
	chrI	210335	0	1.0	45
	chrI	210335	0	0.5	118
	chrI	210345	1	0.5	102
	chrI	210364	1	0.5	151
	chrI	210367	0	0.5	151
	chrI	210371	0	1.0	135
	chrI	210381	1	2.5	151
	chrI	210381	1	1.0	45
	chrI	210383	0	1.0	151
	chrI	210385	1	0.5	151
	chrI	210394	0	0.5	151
	chrI	210398	1	0.5	12
	chrI	210399	0	0.5	151
	chrI	210401	1	0.5	151
	chrI	210402	0	0.5	151
	chrI	210406	0	1.0	120
	chrI	210409	0	1.0	151
	chrI	210420	0	0.5	52
	chrI	210420	1	0.5	151
	chrI	210421	0	0.5	128
	chrI	210421	0	1.0	151
	chrI	210422	0	0.5	151
	chrI	210430	0	0.5	81
	chrI	210439	0	0.5	93
	chrI	210439	1	0.5	143
	chrI	210442	0	0.5	133
	chrI	210452	0	0.5	151
	chrI	210454	1	0.5	151
	chrI	210454	1	0.5	118
	chrI	210473	0	0.5	151
	chrI	210473	1	0.5	52
	chrI	210492	0	0.5	115
	chrI	210493	1	1.0	149
	chrI	210503	0	0.5	90
	chrI	210505	1	1.0	135
	chrI	210511	1	0.5	81
	chrI	210514	0	0.5	66
	chrI	210527	0	0.5	118
	chrI	210527	1	1.0	120
	chrI	210533	1	0.5	93
	chrI	210544	1	0.5	151
	chrI	210547	1	1.0	151
	chrI	210551	1	0.5	128
	chrI	210551	1	0.5	151
	chrI	210552	0	0.5	151
	chrI	210552	0	0.5	58
	chrI	210553	0	0.5	151
	chrI	210557	0	0.5	151
	chrI	210559	0	0.5	149
	chrI	210565	1	0.5	151
	chrI	210566	1	0.5	151
	chrI	210567	0	0.5	151
	chrI	210570	0	0.5	151
	chrI	210571	0	1.0	151
	chrI	210574	1	0.5	133
	chrI	210577	0	0.5	147
	chrI	210579	1	1.0	151
	chrI	210580	1	0.5	151
	chrI	210583	1	0.5	66
	chrI	210594	1	0.5	90
	chrI	210601	1	1.0	151
	chrI	210604	0	1.0	137
	chrI	210604	0	1.0	151
	chrI	210610	0	1.5	151
	chrI	210611	1	0.5	151
	chrI	210611	1	0.5	58
	chrI	210611	1	0.5	115
	chrI	210612	0	1.5	151
	chrI	210618	0	1.0	151
	chrI	210625	0	0.5	151
	chrI	210643	0	0.5	140
	chrI	210646	1	0.5	118
	chrI	210652	0	0.5	77
	chrI	210661	0	0.5	151
	chrI	210668	0	1.0	93
	chrI	210694	1	0.5	151
	chrI	210707	1	0.5	149
	chrI	210712	1	0.5	151
	chrI	210720	0	0.5	144
	chrI	210723	1	0.5	147
	chrI	210723	1	0.5	151
	chrI	210729	0	0.5	151
	chrI	210730	1	0.5	77
	chrI	210735	0	0.5	151
	chrI	210736	1	0.5	151
	chrI	210740	1	1.0	137
	chrI	210740	1	1.0	151
	chrI	210751	0	1.0	63
	chrI	210752	0	0.5	79
	chrI	210763	1	1.0	93
	chrI	210765	0	0.5	149
	chrI	210765	0	0.5	151
	chrI	210768	0	0.5	151
	chrI	210777	1	1.0	151
	chrI	210782	1	0.5	140
	chrI	210782	1	3.0	151
	chrI	210784	0	0.5	151
	chrI	210784	0	0.5	100
	chrI	210799	1	1.0	151
	chrI	210801	0	0.5	126
	chrI	210801	1	1.5	151
	chrI	210806	0	0.5	151
	chrI	210814	1	1.0	63
	chrI	210815	0	0.5	73
	chrI	210818	0	1.0	39
	chrI	210828	0	0.5	142
	chrI	210833	0	0.5	127
	chrI	210833	1	0.5	79
	chrI	210857	0	0.5	151
	chrI	210858	1	0.5	151
	chrI	210859	1	1.0	40
	chrI	210863	1	0.5	144
	chrI	210866	0	0.5	106
	chrI	210868	0	0.5	138
	chrI	210882	0	0.5	110
	chrI	210884	0	0.5	92
	chrI	210885	1	0.5	70
	chrI	210886	1	0.5	100
	chrI	210887	0	0.5	48
	chrI	210887	0	0.5	60
	chrI	210888	0	0.5	59
	chrI	210906	0	0.5	151
	chrI	210913	1	0.5	149
	chrI	210919	1	0.5	151
	chrI	210920	1	0.5	151
	chrI	210926	1	0.5	126
	chrI	210931	0	0.5	63
	chrI	210935	1	0.5	48
	chrI	210944	0	0.5	86
	chrI	210946	1	0.5	151
	chrI	210947	0	0.5	105
	chrI	210948	0	0.5	147
	chrI	210948	1	0.5	59
	chrI	210948	1	0.5	60
	chrI	210952	1	0.5	151
	chrI	210961	1	0.5	127
	chrI	210969	1	0.5	142
	chrI	210975	1	0.5	106
	chrI	210976	1	0.5	151
	chrI	210977	1	0.5	92
	chrI	210979	0	0.5	60
	chrI	210993	1	0.5	63
	chrI	210993	1	0.5	110
	chrI	210996	0	0.5	151
	chrI	210996	0	0.5	48
	chrI	211005	1	0.5	138
	chrI	211015	0	1.5	151
	chrI	211020	0	0.5	127
	chrI	211031	1	0.5	86
	chrI	211034	0	0.5	63
	chrI	211036	1	0.5	151
	chrI	211039	0	0.5	52
	chrI	211040	1	0.5	60
	chrI	211045	1	0.5	48
	chrI	211048	0	0.5	151
	chrI	211054	1	0.5	105
	chrI	211064	0	0.5	85
	chrI	211092	0	0.5	96
	chrI	211094	1	0.5	147
	chrI	211094	1	0.5	52
	chrI	211095	0	1.0	138
	chrI	211095	0	0.5	64
	chrI	211095	0	0.5	99
	chrI	211095	0	0.5	109
	chrI	211097	1	0.5	63
	chrI	211107	0	0.5	151
	chrI	211107	0	0.5	88
	chrI	211110	0	0.5	151
	chrI	211115	0	0.5	51
	chrI	211124	0	0.5	61
	chrI	211126	0	0.5	71
	chrI	211130	1	0.5	151
	chrI	211133	0	1.0	151
	chrI	211139	0	0.5	68
	chrI	211139	0	0.5	69
	chrI	211140	0	0.5	104
	chrI	211149	1	0.5	127
	chrI	211150	1	0.5	85
	chrI	211160	0	0.5	151
	chrI	211163	1	0.5	64
	chrI	211165	0	1.0	151
	chrI	211165	0	0.5	114
	chrI	211165	1	0.5	51
	chrI	211177	0	0.5	54
	chrI	211177	1	0.5	151
	chrI	211187	1	0.5	61
	chrI	211188	1	0.5	96
	chrI	211190	1	1.5	151
	chrI	211192	1	0.5	151
	chrI	211196	0	0.5	151
	chrI	211196	1	0.5	88
	chrI	211198	0	0.5	135
	chrI	211198	1	0.5	99
	chrI	211199	0	1.0	151
	chrI	211199	1	0.5	71
	chrI	211201	1	0.5	151
	chrI	211205	0	0.5	148
	chrI	211208	0	0.5	57
	chrI	211208	1	0.5	68
	chrI	211208	1	0.5	69
	chrI	211208	1	0.5	109
	chrI	211210	0	0.5	151
	chrI	211211	0	1.0	150
	chrI	211213	0	1.0	142
	chrI	211232	0	0.5	151
	chrI	211232	1	1.0	138
	chrI	211232	1	0.5	54
	chrI	211239	0	0.5	137
	chrI	211244	1	0.5	104
	chrI	211245	0	1.0	114
	chrI	211249	0	0.5	70
	chrI	211267	1	0.5	57
	chrI	211273	0	0.5	99
	chrI	211276	1	0.5	151
	chrI	211281	1	0.5	114
	chrI	211319	1	0.5	70
	chrI	211326	1	0.5	151
	chrI	211327	1	1.5	151
	chrI	211328	0	0.5	151
	chrI	211332	1	0.5	135
	chrI	211333	1	0.5	151
	chrI	211334	0	0.5	148
	chrI	211340	0	0.5	148
	chrI	211352	1	0.5	148
	chrI	211352	1	0.5	151
	chrI	211354	1	1.0	142
	chrI	211357	1	0.5	151
	chrI	211359	0	0.5	86
	chrI	211360	1	1.0	150
	chrI	211360	1	1.0	151
	chrI	211360	1	1.0	114
	chrI	211361	0	0.5	56
	chrI	211372	0	0.5	46
	chrI	211373	1	0.5	151
	chrI	211373	1	0.5	99
	chrI	211375	1	0.5	137
	chrI	211377	0	0.5	151
	chrI	211379	0	0.5	130
	chrI	211379	0	0.5	151
	chrI	211379	0	0.5	107
	chrI	211395	1	0.5	151
	chrI	211416	0	0.5	122
	chrI	211419	0	0.5	151
	chrI	211419	1	0.5	46
	chrI	211419	1	0.5	56
	chrI	211422	0	0.5	68
	chrI	211447	1	0.5	86
	chrI	211481	1	0.5	148
	chrI	211482	0	0.5	151
	chrI	211487	1	0.5	148
	chrI	211487	1	0.5	107
	chrI	211491	1	0.5	68
	chrI	211496	1	0.5	151
	chrI	211508	1	0.5	130
	chrI	211525	0	0.5	124
	chrI	211538	1	0.5	122
	chrI	211553	1	0.5	151
	chrI	211557	0	1.0	117
	chrI	211560	0	0.5	66
	chrI	211562	1	0.5	151
	chrI	211564	0	0.5	151
	chrI	211564	0	0.5	84
	chrI	211564	0	0.5	85
	chrI	211588	0	0.5	57
	chrI	211608	0	1.0	128
	chrI	211608	0	0.5	151
	chrI	211615	0	0.5	71
	chrI	211626	1	0.5	66
	chrI	211635	0	0.5	151
	chrI	211642	0	0.5	151
	chrI	211645	1	0.5	57
	chrI	211650	1	0.5	84
	chrI	211650	1	0.5	85
	chrI	211650	1	0.5	124
	chrI	211660	0	0.5	134
	chrI	211660	0	0.5	151
	chrI	211674	0	0.5	151
	chrI	211676	1	1.0	117
	chrI	211682	1	0.5	151
	chrI	211683	0	1.0	151
	chrI	211684	0	0.5	151
	chrI	211687	1	0.5	71
	chrI	211691	0	1.5	151
	chrI	211695	0	0.5	151
	chrI	211702	0	0.5	147
	chrI	211704	0	0.5	76
	chrI	211704	1	0.5	151
	chrI	211717	0	0.5	107
	chrI	211718	0	0.5	151
	chrI	211729	0	0.5	151
	chrI	211736	1	1.0	128
	chrI	211753	0	1.0	130
	chrI	211758	1	0.5	151
	chrI	211771	1	0.5	151
	chrI	211782	1	0.5	76
	chrI	211789	1	0.5	151
	chrI	211793	0	0.5	151
	chrI	211793	1	0.5	134
	chrI	211803	1	0.5	151
	chrI	211816	1	0.5	151
	chrI	211824	1	0.5	107
	chrI	211831	0	0.5	151
	chrI	211843	0	0.5	151
	chrI	211844	0	0.5	151
	chrI	211847	1	0.5	151
	chrI	211848	1	0.5	147
	chrI	211862	0	0.5	151
	chrI	211865	1	0.5	151
	chrI	211866	0	0.5	124
	chrI	211869	1	2.5	151
	chrI	211872	0	0.5	151
	chrI	211882	1	1.0	130
	chrI	211887	1	0.5	151
	chrI	211889	0	1.5	151
	chrI	211916	0	0.5	151
	chrI	211916	0	0.5	47
	chrI	211937	0	0.5	126
	chrI	211966	1	0.5	47
	chrI	211970	1	0.5	151
	chrI	211991	1	0.5	151
	chrI	211991	1	0.5	124
	chrI	211994	1	0.5	151
	chrI	211999	1	0.5	151
	chrI	212034	1	0.5	151
	chrI	212045	1	0.5	151
	chrI	212059	1	0.5	151
	chrI	212065	1	0.5	151
	chrI	212067	1	0.5	126
	chrI	212073	1	1.5	151
	chrI	212105	0	1.5	151
	chrI	212114	0	0.5	151
	chrI	212123	0	0.5	126
	chrI	212126	0	1.0	144
	chrI	212126	0	0.5	84
	chrI	212132	0	0.5	34
	chrI	212133	0	0.5	145
	chrI	212160	0	0.5	129
	chrI	212160	0	0.5	133
	chrI	212169	1	0.5	34
	chrI	212195	0	0.5	94
	chrI	212203	0	0.5	149
	chrI	212211	1	0.5	84
	chrI	212226	0	0.5	151
	chrI	212246	0	0.5	151
	chrI	212252	1	0.5	126
	chrI	212256	0	1.0	151
	chrI	212261	0	0.5	151
	chrI	212262	0	0.5	150
	chrI	212269	1	1.0	144
	chrI	212276	1	2.5	151
	chrI	212277	1	0.5	145
	chrI	212289	1	0.5	94
	chrI	212292	1	1.0	133
	chrI	212302	0	0.5	104
	chrI	212342	0	0.5	73
	chrI	212342	0	0.5	102
	chrI	212344	0	0.5	93
	chrI	212351	1	0.5	149
	chrI	212379	1	0.5	151
	chrI	212384	0	0.5	121
	chrI	212407	1	0.5	104
	chrI	212411	1	0.5	150
	chrI	212414	1	0.5	151
	chrI	212415	1	0.5	151
	chrI	212417	1	0.5	73
	chrI	212421	0	1.0	122
	chrI	212425	0	1.5	151
	chrI	212425	1	0.5	151
	chrI	212427	0	0.5	135
	chrI	212427	0	1.0	151
	chrI	212434	0	1.0	151
	chrI	212440	1	0.5	151
	chrI	212440	1	0.5	93
	chrI	212442	0	1.0	151
	chrI	212442	0	0.5	42
	chrI	212447	1	0.5	102
	chrI	212448	0	0.5	151
	chrI	212450	0	0.5	151
	chrI	212470	0	0.5	151
	chrI	212483	0	0.5	149
	chrI	212483	0	0.5	151
	chrI	212483	0	0.5	81
	chrI	212486	1	0.5	42
	chrI	212508	1	0.5	121
	chrI	212537	0	0.5	71
	chrI	212543	1	1.0	122
	chrI	212561	1	0.5	135
	chrI	212563	0	0.5	151
	chrI	212568	1	0.5	81
	chrI	212569	0	1.0	151
	chrI	212574	0	0.5	151
	chrI	212574	0	0.5	56
	chrI	212575	0	0.5	42
	chrI	212584	1	0.5	151
	chrI	212585	0	0.5	151
	chrI	212588	0	0.5	127
	chrI	212589	1	1.0	151
	chrI	212590	1	1.5	151
	chrI	212597	0	0.5	151
	chrI	212600	1	1.0	151
	chrI	212602	0	0.5	90
	chrI	212604	0	1.0	151
	chrI	212606	1	0.5	151
	chrI	212609	1	0.5	71
	chrI	212616	0	0.5	151
	chrI	212616	0	0.5	114
	chrI	212618	1	0.5	42
	chrI	212623	0	0.5	127
	chrI	212624	0	0.5	151
	chrI	212631	1	0.5	149
	chrI	212631	1	0.5	151
	chrI	212631	1	0.5	56
	chrI	212632	1	0.5	151
	chrI	212633	1	0.5	151
	chrI	212634	0	1.0	151
	chrI	212635	0	1.0	151
	chrI	212636	0	0.5	150
	chrI	212648	0	0.5	151
	chrI	212657	1	0.5	151
	chrI	212660	0	0.5	111
	chrI	212660	0	0.5	117
	chrI	212661	0	0.5	134
	chrI	212677	0	0.5	151
	chrI	212692	0	0.5	103
	chrI	212695	1	0.5	90
	chrI	212717	1	0.5	127
	chrI	212731	1	0.5	151
	chrI	212731	1	0.5	114
	chrI	212737	0	1.0	151
	chrI	212747	0	0.5	151
	chrI	212750	0	0.5	151
	chrI	212750	1	1.0	151
	chrI	212752	1	0.5	127
	chrI	212761	1	0.5	151
	chrI	212762	0	0.5	151
	chrI	212776	0	0.5	151
	chrI	212776	1	0.5	111
	chrI	212776	1	0.5	117
	chrI	212784	1	0.5	151
	chrI	212785	1	0.5	150
	chrI	212785	1	0.5	151
	chrI	212786	0	0.5	54
	chrI	212789	1	0.5	151
	chrI	212790	1	0.5	151
	chrI	212791	0	0.5	151
	chrI	212793	1	0.5	151
	chrI	212794	1	0.5	134
	chrI	212794	1	0.5	151
	chrI	212795	0	2.0	139
	chrI	212795	0	0.5	141
	chrI	212795	0	0.5	151
	chrI	212795	0	0.5	67
	chrI	212795	1	0.5	151
	chrI	212795	1	0.5	103
	chrI	212796	1	0.5	151
	chrI	212797	0	0.5	150
	chrI	212799	0	0.5	151
	chrI	212799	0	0.5	80
	chrI	212804	1	1.0	151
	chrI	212809	0	1.5	150
	chrI	212829	1	0.5	151
	chrI	212843	1	0.5	54
	chrI	212854	0	0.5	79
	chrI	212864	1	0.5	67
	chrI	212865	0	0.5	89
	chrI	212866	0	0.5	78
	chrI	212871	0	0.5	93
	chrI	212881	1	0.5	80
	chrI	212894	0	0.5	126
	chrI	212896	1	0.5	151
	chrI	212900	0	0.5	151
	chrI	212908	1	0.5	151
	chrI	212910	0	0.5	151
	chrI	212911	0	0.5	66
	chrI	212916	0	0.5	107
	chrI	212917	1	0.5	151
	chrI	212918	1	0.5	151
	chrI	212919	0	1.0	97
	chrI	212924	1	0.5	151
	chrI	212933	1	2.0	139
	chrI	212935	1	0.5	141
	chrI	212935	1	0.5	151
	chrI	212935	1	0.5	79
	chrI	212936	0	0.5	82
	chrI	212936	1	0.5	151
	chrI	212938	0	1.0	151
	chrI	212943	0	1.0	151
	chrI	212946	1	0.5	150
	chrI	212946	1	0.5	151
	chrI	212946	1	0.5	78
	chrI	212947	0	0.5	78
	chrI	212948	0	0.5	85
	chrI	212950	0	0.5	151
	chrI	212950	0	0.5	78
	chrI	212951	0	0.5	74
	chrI	212955	0	0.5	69
	chrI	212956	1	0.5	89
	chrI	212958	1	1.5	150
	chrI	212961	0	0.5	151
	chrI	212964	1	0.5	151
	chrI	212964	1	0.5	93
	chrI	212966	0	1.0	59
	chrI	212967	0	0.5	132
	chrI	212971	1	0.5	151
	chrI	212977	1	0.5	66
	chrI	212980	0	0.5	108
	chrI	212983	0	0.5	151
	chrI	213019	1	0.5	82
	chrI	213019	1	1.0	97
	chrI	213022	1	0.5	126
	chrI	213025	1	1.0	59
	chrI	213025	1	0.5	69
	chrI	213025	1	0.5	107
	chrI	213026	1	0.5	74
	chrI	213026	1	0.5	78
	chrI	213029	0	0.5	151
	chrI	213029	1	0.5	78
	chrI	213032	0	0.5	142
	chrI	213034	0	0.5	151
	chrI	213034	1	0.5	85
	chrI	213037	0	0.5	150
	chrI	213043	0	0.5	124
	chrI	213061	0	0.5	151
	chrI	213062	0	0.5	117
	chrI	213068	1	0.5	151
	chrI	213070	1	0.5	151
	chrI	213071	0	0.5	52
	chrI	213082	0	0.5	119
	chrI	213090	1	0.5	108
	chrI	213098	1	0.5	132
	chrI	213103	0	0.5	80
	chrI	213111	1	1.0	151
	chrI	213114	1	1.0	151
	chrI	213124	1	0.5	52
	chrI	213126	0	0.5	151
	chrI	213126	0	0.5	54
	chrI	213131	0	0.5	139
	chrI	213147	1	0.5	151
	chrI	213150	1	0.5	151
	chrI	213151	1	0.5	151
	chrI	213156	0	1.0	133
	chrI	213168	1	0.5	124
	chrI	213170	0	1.0	151
	chrI	213171	0	0.5	151
	chrI	213173	1	0.5	142
	chrI	213177	0	1.0	151
	chrI	213179	1	0.5	117
	chrI	213182	1	0.5	54
	chrI	213186	1	0.5	150
	chrI	213186	1	0.5	80
	chrI	213188	1	0.5	151
	chrI	213194	1	0.5	151
	chrI	213200	0	0.5	151
	chrI	213200	0	0.5	91
	chrI	213202	1	0.5	119
	chrI	213203	0	0.5	77
	chrI	213217	0	0.5	73
	chrI	213219	0	1.0	151
	chrI	213222	0	0.5	151
	chrI	213227	0	0.5	106
	chrI	213231	1	0.5	151
	chrI	213232	0	0.5	87
	chrI	213232	0	0.5	88
	chrI	213269	1	0.5	139
	chrI	213271	0	1.0	100
	chrI	213281	1	0.5	77
	chrI	213288	0	1.0	62
	chrI	213288	1	1.0	133
	chrI	213290	1	0.5	91
	chrI	213291	1	0.5	73
	chrI	213308	0	0.5	151
	chrI	213317	0	1.0	151
	chrI	213321	1	0.5	151
	chrI	213322	0	0.5	148
	chrI	213322	0	1.0	151
	chrI	213323	1	0.5	87
	chrI	213323	1	0.5	88
	chrI	213329	0	0.5	45
	chrI	213329	1	1.0	151
	chrI	213335	1	0.5	106
	chrI	213336	0	0.5	139
	chrI	213336	0	0.5	127
	chrI	213336	1	1.5	151
	chrI	213337	0	0.5	130
	chrI	213337	0	0.5	138
	chrI	213337	0	0.5	142
	chrI	213337	0	0.5	143
	chrI	213338	0	0.5	36
	chrI	213351	1	1.0	62
	chrI	213358	0	0.5	71
	chrI	213373	1	0.5	151
	chrI	213373	1	1.0	100
	chrI	213375	1	0.5	151
	chrI	213375	1	0.5	45
	chrI	213376	1	0.5	36
	chrI	213378	0	0.5	147
	chrI	213378	0	0.5	94
	chrI	213385	1	1.0	151
	chrI	213397	0	0.5	74
	chrI	213399	0	0.5	119
	chrI	213431	0	0.5	151
	chrI	213431	1	0.5	71
	chrI	213436	0	0.5	151
	chrI	213452	0	0.5	69
	chrI	213458	0	0.5	101
	chrI	213464	0	0.5	151
	chrI	213466	1	0.5	130
	chrI	213466	1	0.5	127
	chrI	213469	1	0.5	148
	chrI	213470	0	0.5	151
	chrI	213473	1	0.5	151
	chrI	213473	1	0.5	74
	chrI	213473	1	0.5	94
	chrI	213474	1	0.5	138
	chrI	213474	1	0.5	139
	chrI	213475	0	1.0	96
	chrI	213475	0	0.5	97
	chrI	213475	0	0.5	98
	chrI	213478	0	1.0	134
	chrI	213478	1	0.5	142
	chrI	213478	1	0.5	151
	chrI	213479	0	0.5	127
	chrI	213479	1	0.5	143
	chrI	213479	1	0.5	151
	chrI	213480	0	0.5	134
	chrI	213480	0	1.0	151
	chrI	213483	0	0.5	71
	chrI	213483	1	0.5	151
	chrI	213486	0	0.5	151
	chrI	213512	1	0.5	151
	chrI	213520	1	0.5	119
	chrI	213523	1	0.5	69
	chrI	213524	1	0.5	147
	chrI	213530	0	0.5	118
	chrI	213555	1	0.5	71
	chrI	213563	0	0.5	81
	chrI	213563	1	0.5	101
	chrI	213573	1	1.0	96
	chrI	213573	1	0.5	97
	chrI	213573	1	0.5	98
	chrI	213607	1	0.5	127
	chrI	213611	1	1.0	134
	chrI	213613	1	0.5	134
	chrI	213620	1	0.5	151
	chrI	213621	1	0.5	151
	chrI	213622	0	0.5	151
	chrI	213627	0	0.5	151
	chrI	213643	0	0.5	151
	chrI	213645	1	0.5	81
	chrI	213650	1	0.5	151
	chrI	213650	1	0.5	118
	chrI	213664	0	0.5	110
	chrI	213664	1	0.5	151
	chrI	213670	1	1.0	151
	chrI	213680	0	0.5	151
	chrI	213692	0	0.5	151
	chrI	213695	1	0.5	151
	chrI	213709	0	0.5	151
	chrI	213766	0	0.5	141
	chrI	213775	1	0.5	110
	chrI	213795	0	0.5	139
	chrI	213797	0	0.5	151
	chrI	213797	1	1.0	151
	chrI	213799	0	0.5	151
	chrI	213800	0	2.5	151
	chrI	213806	1	0.5	151
	chrI	213810	0	0.5	120
	chrI	213811	0	0.5	136
	chrI	213812	0	0.5	149
	chrI	213812	0	0.5	151
	chrI	213816	0	1.0	151
	chrI	213834	0	0.5	151
	chrI	213835	0	0.5	101
	chrI	213851	0	0.5	81
	chrI	213853	0	0.5	127
	chrI	213871	1	0.5	151
	chrI	213875	1	0.5	151
	chrI	213889	0	0.5	114
	chrI	213899	1	0.5	151
	chrI	213906	1	0.5	141
	chrI	213927	0	0.5	98
	chrI	213932	1	0.5	120
	chrI	213933	1	0.5	139
	chrI	213934	0	0.5	103
	chrI	213934	1	0.5	81
	chrI	213937	1	0.5	101
	chrI	213943	0	0.5	64
	chrI	213943	0	0.5	66
	chrI	213946	1	0.5	136
	chrI	213947	0	0.5	74
	chrI	213957	0	0.5	91
	chrI	213960	1	0.5	149
	chrI	213960	1	2.0	151
	chrI	213961	1	1.0	151
	chrI	213967	1	1.0	151
	chrI	213968	1	0.5	151
	chrI	213970	1	0.5	151
	chrI	213982	1	0.5	127
	chrI	214006	1	0.5	114
	chrI	214008	1	0.5	64
	chrI	214008	1	0.5	66
	chrI	214022	1	0.5	74
	chrI	214027	1	0.5	98
	chrI	214038	1	0.5	103
	chrI	214049	1	0.5	91
	chrI	214100	0	0.5	69
	chrI	214102	0	0.5	64
	chrI	214103	0	0.5	151
	chrI	214105	0	0.5	140
	chrI	214118	0	0.5	71
	chrI	214125	0	0.5	77
	chrI	214126	0	0.5	62
	chrI	214144	0	1.5	151
	chrI	214144	0	0.5	113
	chrI	214148	0	0.5	59
	chrI	214150	0	0.5	150
	chrI	214150	0	0.5	151
	chrI	214153	0	0.5	151
	chrI	214164	0	0.5	151
	chrI	214168	1	0.5	64
	chrI	214171	1	0.5	69
	chrI	214174	0	0.5	47
	chrI	214186	0	0.5	64
	chrI	214186	0	0.5	118
	chrI	214189	1	0.5	62
	chrI	214191	1	0.5	71
	chrI	214197	0	0.5	127
	chrI	214202	0	0.5	133
	chrI	214203	1	0.5	77
	chrI	214207	0	0.5	151
	chrI	214207	1	0.5	59
	chrI	214217	0	0.5	150
	chrI	214217	0	1.0	151
	chrI	214223	1	0.5	47
	chrI	214224	0	1.0	89
	chrI	214244	1	0.5	140
	chrI	214247	0	1.0	151
	chrI	214251	1	0.5	64
	chrI	214259	1	0.5	113
	chrI	214264	0	1.0	151
	chrI	214273	1	0.5	151
	chrI	214279	0	1.0	151
	chrI	214296	0	0.5	151
	chrI	214296	0	0.5	73
	chrI	214296	1	0.5	151
	chrI	214297	0	0.5	76
	chrI	214299	0	0.5	121
	chrI	214305	1	0.5	118
	chrI	214308	1	0.5	151
	chrI	214313	1	1.0	89
	chrI	214315	1	2.0	151
	chrI	214316	0	1.0	151
	chrI	214316	1	0.5	151
	chrI	214325	1	0.5	127
	chrI	214334	1	0.5	133
	chrI	214336	1	0.5	151
	chrI	214360	1	0.5	151
	chrI	214371	1	0.5	73
	chrI	214373	1	1.5	151
	chrI	214373	1	0.5	76
	chrI	214377	0	0.5	151
	chrI	214378	0	0.5	118
	chrI	214378	0	0.5	120
	chrI	214389	0	0.5	151
	chrI	214390	0	0.5	151
	chrI	214403	1	1.0	151
	chrI	214407	0	0.5	151
	chrI	214415	1	1.0	151
	chrI	214423	1	0.5	121
	chrI	214444	1	1.0	151
	chrI	214456	0	0.5	82
	chrI	214459	0	0.5	151
	chrI	214461	0	0.5	133
	chrI	214461	0	1.0	134
	chrI	214470	0	0.5	68
	chrI	214478	1	1.0	151
	chrI	214479	0	0.5	112
	chrI	214479	1	0.5	151
	chrI	214481	0	0.5	117
	chrI	214491	0	0.5	151
	chrI	214491	0	0.5	88
	chrI	214492	0	0.5	137
	chrI	214499	1	0.5	118
	chrI	214501	1	0.5	120
	chrI	214523	0	0.5	151
	chrI	214539	1	0.5	68
	chrI	214540	1	0.5	82
	chrI	214545	0	0.5	151
	chrI	214550	1	0.5	151
	chrI	214580	0	0.5	91
	chrI	214582	1	0.5	88
	chrI	214584	0	0.5	62
	chrI	214591	0	0.5	73
	chrI	214593	1	0.5	133
	chrI	214593	1	0.5	112
	chrI	214594	1	1.0	134
	chrI	214597	0	0.5	151
	chrI	214597	1	0.5	151
	chrI	214600	1	0.5	117
	chrI	214611	1	0.5	151
	chrI	214616	0	0.5	148
	chrI	214627	1	0.5	151
	chrI	214628	1	0.5	137
	chrI	214630	0	0.5	151
	chrI	214646	0	0.5	110
	chrI	214646	1	0.5	62
	chrI	214653	0	0.5	110
	chrI	214656	1	0.5	151
	chrI	214660	0	0.5	151
	chrI	214660	0	0.5	112
	chrI	214664	1	0.5	73
	chrI	214667	0	0.5	108
	chrI	214672	0	0.5	146
	chrI	214673	0	0.5	109
	chrI	214673	0	0.5	112
	chrI	214673	1	0.5	91
	chrI	214676	1	0.5	151
	chrI	214699	1	0.5	151
	chrI	214705	1	0.5	151
	chrI	214735	0	0.5	151
	chrI	214742	0	1.0	151
	chrI	214746	0	0.5	113
	chrI	214746	0	0.5	120
	chrI	214748	0	0.5	118
	chrI	214758	1	0.5	110
	chrI	214763	1	0.5	148
	chrI	214763	1	0.5	110
	chrI	214772	1	0.5	151
	chrI	214773	1	0.5	112
	chrI	214774	0	0.5	46
	chrI	214775	1	0.5	108
	chrI	214782	1	0.5	151
	chrI	214784	0	0.5	133
	chrI	214784	1	0.5	109
	chrI	214784	1	0.5	112
	chrI	214791	0	0.5	151
	chrI	214798	0	1.0	151
	chrI	214810	0	0.5	151
	chrI	214815	0	0.5	115
	chrI	214817	0	0.5	151
	chrI	214817	1	0.5	146
	chrI	214818	0	0.5	151
	chrI	214821	1	0.5	46
	chrI	214823	0	0.5	116
	chrI	214824	0	0.5	151
	chrI	214826	0	1.0	151
	chrI	214828	0	0.5	149
	chrI	214830	1	0.5	151
	chrI	214847	0	0.5	98
	chrI	214853	0	0.5	123
	chrI	214855	0	0.5	121
	chrI	214859	1	0.5	113
	chrI	214865	1	0.5	120
	chrI	214866	0	0.5	151
	chrI	214867	1	0.5	118
	chrI	214868	0	0.5	106
	chrI	214870	0	0.5	102
	chrI	214870	0	0.5	124
	chrI	214880	0	0.5	94
	chrI	214880	0	0.5	107
	chrI	214885	0	1.0	146
	chrI	214885	1	0.5	151
	chrI	214916	1	0.5	133
	chrI	214918	0	0.5	76
	chrI	214919	0	0.5	151
	chrI	214927	0	0.5	58
	chrI	214930	1	0.5	115
	chrI	214936	0	0.5	87
	chrI	214940	1	0.5	116
	chrI	214948	0	0.5	133
	chrI	214950	1	0.5	98
	chrI	214951	0	0.5	138
	chrI	214951	0	1.0	42
	chrI	214963	0	0.5	151
	chrI	214974	1	0.5	102
	chrI	214976	0	0.5	117
	chrI	214976	1	2.0	151
	chrI	214976	1	0.5	94
	chrI	214976	1	0.5	106
	chrI	214976	1	0.5	121
	chrI	214977	0	1.0	110
	chrI	214977	1	0.5	123
	chrI	214978	0	0.5	151
	chrI	214979	0	0.5	108
	chrI	214985	1	0.5	58
	chrI	214986	1	1.0	151
	chrI	214986	1	0.5	107
	chrI	214987	0	0.5	78
	chrI	214988	0	0.5	101
	chrI	214992	1	1.0	151
	chrI	214995	1	1.5	151
	chrI	214996	1	0.5	76
	chrI	214996	1	0.5	124
	chrI	214997	0	1.0	89
	chrI	214997	0	0.5	90
	chrI	214997	1	1.0	42
	chrI	215000	0	0.5	142
	chrI	215000	0	0.5	90
	chrI	215005	0	0.5	82
	chrI	215007	0	0.5	79
	chrI	215008	0	0.5	71
	chrI	215008	0	0.5	100
	chrI	215011	0	0.5	75
	chrI	215024	1	0.5	87
	chrI	215028	0	0.5	66
	chrI	215030	1	1.0	146
	chrI	215031	1	0.5	151
	chrI	215044	0	0.5	67
	chrI	215047	0	0.5	151
	chrI	215049	0	0.5	40
	chrI	215051	0	0.5	89
	chrI	215053	0	1.0	128
	chrI	215053	0	0.5	151
	chrI	215057	0	0.5	54
	chrI	215066	1	0.5	78
	chrI	215077	0	0.5	47
	chrI	215080	1	0.5	133
	chrI	215080	1	0.5	71
	chrI	215081	0	0.5	151
	chrI	215083	0	0.5	136
	chrI	215083	0	0.5	151
	chrI	215087	1	0.5	75
	chrI	215087	1	0.5	79
	chrI	215087	1	1.0	89
	chrI	215088	1	0.5	138
	chrI	215088	1	0.5	82
	chrI	215089	1	0.5	90
	chrI	215089	1	0.5	101
	chrI	215089	1	0.5	108
	chrI	215089	1	1.0	110
	chrI	215090	0	1.5	151
	chrI	215090	1	0.5	40
	chrI	215091	0	0.5	124
	chrI	215092	0	0.5	95
	chrI	215092	1	0.5	151
	chrI	215092	1	0.5	90
	chrI	215093	0	1.5	151
	chrI	215095	1	0.5	66
	chrI	215095	1	0.5	117
	chrI	215096	0	0.5	151
	chrI	215096	0	0.5	89
	chrI	215096	0	0.5	90
	chrI	215099	0	0.5	85
	chrI	215106	0	0.5	151
	chrI	215109	1	0.5	100
	chrI	215110	0	0.5	151
	chrI	215111	0	0.5	138
	chrI	215111	1	0.5	54
	chrI	215112	1	0.5	67
	chrI	215113	0	0.5	151
	chrI	215123	0	0.5	66
	chrI	215125	1	0.5	47
	chrI	215126	0	0.5	57
	chrI	215141	0	0.5	75
	chrI	215141	1	0.5	142
	chrI	215141	1	0.5	89
	chrI	215151	0	0.5	115
	chrI	215151	1	0.5	151
	chrI	215154	0	0.5	151
	chrI	215156	0	0.5	96
	chrI	215160	1	0.5	151
	chrI	215161	1	0.5	151
	chrI	215166	0	0.5	151
	chrI	215182	0	0.5	117
	chrI	215182	1	1.0	128
	chrI	215185	1	0.5	85
	chrI	215186	1	0.5	57
	chrI	215187	1	0.5	89
	chrI	215187	1	0.5	90
	chrI	215188	1	0.5	95
	chrI	215189	1	0.5	66
	chrI	215191	0	1.0	151
	chrI	215203	0	0.5	151
	chrI	215217	1	0.5	124
	chrI	215218	1	0.5	136
	chrI	215218	1	0.5	75
	chrI	215222	1	0.5	151
	chrI	215224	0	0.5	137
	chrI	215243	1	0.5	151
	chrI	215245	0	0.5	55
	chrI	215248	1	0.5	138
	chrI	215248	1	1.5	151
	chrI	215252	1	0.5	151
	chrI	215253	1	0.5	151
	chrI	215254	1	0.5	96
	chrI	215266	1	2.0	151
	chrI	215267	0	1.0	151
	chrI	215267	0	0.5	68
	chrI	215267	1	0.5	115
	chrI	215269	0	0.5	132
	chrI	215269	0	0.5	151
	chrI	215273	1	0.5	151
	chrI	215277	0	0.5	151
	chrI	215293	0	0.5	151
	chrI	215300	1	0.5	117
	chrI	215302	1	1.0	151
	chrI	215302	1	0.5	55
	chrI	215307	0	0.5	120
	chrI	215308	1	0.5	151
	chrI	215316	0	0.5	57
	chrI	215330	1	0.5	151
	chrI	215337	1	0.5	68
	chrI	215338	0	0.5	151
	chrI	215356	0	0.5	91
	chrI	215360	1	0.5	137
	chrI	215366	0	0.5	102
	chrI	215375	1	0.5	57
	chrI	215392	1	1.0	151
	chrI	215400	1	0.5	132
	chrI	215401	0	0.5	62
	chrI	215407	0	0.5	117
	chrI	215415	0	0.5	138
	chrI	215415	0	0.5	52
	chrI	215427	0	1.0	151
	chrI	215429	1	0.5	120
	chrI	215430	0	1.0	151
	chrI	215431	0	1.0	151
	chrI	215432	0	1.0	151
	chrI	215432	0	0.5	122
	chrI	215434	1	0.5	151
	chrI	215439	0	0.5	151
	chrI	215447	1	0.5	91
	chrI	215461	1	0.5	151
	chrI	215464	1	0.5	151
	chrI	215464	1	0.5	62
	chrI	215467	1	0.5	52
	chrI	215470	0	0.5	151
	chrI	215470	1	0.5	102
	chrI	215474	1	1.0	151
	chrI	215475	0	1.5	151
	chrI	215475	0	0.5	60
	chrI	215500	0	0.5	151
	chrI	215525	1	0.5	117
	chrI	215526	1	0.5	151
	chrI	215535	0	0.5	126
	chrI	215536	0	0.5	124
	chrI	215537	1	0.5	60
	chrI	215555	1	0.5	122
	chrI	215556	1	0.5	142
	chrI	215569	0	0.5	151
	chrI	215577	0	0.5	151
	chrI	215581	0	0.5	148
	chrI	215589	1	0.5	151
	chrI	215592	1	1.0	151
	chrI	215594	0	0.5	151
	chrI	215604	0	0.5	99
	chrI	215605	1	1.0	151
	chrI	215610	1	1.0	151
	chrI	215611	0	1.0	151
	chrI	215612	0	1.5	151
	chrI	215612	0	0.5	66
	chrI	215618	0	1.0	107
	chrI	215618	1	1.0	151
	chrI	215622	1	0.5	151
	chrI	215623	0	0.5	151
	chrI	215624	0	1.0	141
	chrI	215624	0	0.5	151
	chrI	215626	1	1.0	151
	chrI	215632	0	0.5	142
	chrI	215633	0	1.0	128
	chrI	215633	0	0.5	130
	chrI	215649	1	0.5	151
	chrI	215653	1	0.5	151
	chrI	215654	1	0.5	150
	chrI	215660	1	0.5	124
	chrI	215660	1	0.5	126
	chrI	215680	1	0.5	66
	chrI	215705	0	0.5	112
	chrI	215705	1	0.5	99
	chrI	215719	0	1.0	151
	chrI	215727	1	1.0	107
	chrI	215728	1	0.5	148
	chrI	215729	0	0.5	92
	chrI	215742	1	0.5	151
	chrI	215749	1	0.5	151
	chrI	215751	0	0.5	151
	chrI	215751	1	0.5	151
	chrI	215752	0	0.5	151
	chrI	215755	0	1.0	118
	chrI	215763	1	1.0	128
	chrI	215763	1	0.5	131
	chrI	215764	0	0.5	136
	chrI	215764	0	0.5	151
	chrI	215764	1	1.0	141
	chrI	215767	0	0.5	133
	chrI	215773	1	0.5	142
	chrI	215778	0	0.5	119
	chrI	215780	0	0.5	83
	chrI	215784	1	0.5	151
	chrI	215785	1	1.5	151
	chrI	215792	0	0.5	151
	chrI	215792	0	1.0	113
	chrI	215793	0	1.5	151
	chrI	215800	1	0.5	151
	chrI	215802	0	0.5	151
	chrI	215803	0	0.5	151
	chrI	215804	0	1.0	151
	chrI	215808	0	0.5	108
	chrI	215812	0	0.5	151
	chrI	215812	0	1.0	106
	chrI	215813	0	0.5	146
	chrI	215813	0	0.5	151
	chrI	215818	1	0.5	112
	chrI	215822	1	0.5	92
	chrI	215824	1	0.5	151
	chrI	215828	0	1.0	143
	chrI	215834	0	0.5	46
	chrI	215845	0	0.5	151
	chrI	215846	0	0.5	151
	chrI	215850	0	0.5	134
	chrI	215864	0	1.0	127
	chrI	215864	1	0.5	83
	chrI	215867	0	0.5	89
	chrI	215870	0	0.5	151
	chrI	215876	1	1.0	118
	chrI	215878	0	0.5	151
	chrI	215878	1	1.0	151
	chrI	215879	0	0.5	54
	chrI	215881	1	0.5	46
	chrI	215887	0	0.5	151
	chrI	215891	0	0.5	151
	chrI	215899	1	0.5	133
	chrI	215899	1	0.5	136
	chrI	215899	1	0.5	119
	chrI	215906	1	1.0	113
	chrI	215910	1	1.0	151
	chrI	215913	0	0.5	151
	chrI	215914	0	0.5	44
	chrI	215916	1	0.5	108
	chrI	215919	1	0.5	149
	chrI	215921	1	1.0	106
	chrI	215930	1	0.5	151
	chrI	215934	0	0.5	140
	chrI	215934	1	0.5	54
	chrI	215946	0	0.5	97
	chrI	215955	0	0.5	151
	chrI	215957	1	0.5	89
	chrI	215958	1	0.5	146
	chrI	215958	1	0.5	151
	chrI	215959	1	0.5	44
	chrI	215961	0	0.5	105
	chrI	215962	0	0.5	85
	chrI	215963	0	1.0	151
	chrI	215963	1	1.0	151
	chrI	215970	1	1.0	143
	chrI	215971	1	1.0	151
	chrI	215975	0	0.5	151
	chrI	215981	1	0.5	151
	chrI	215982	1	0.5	151
	chrI	215983	1	0.5	134
	chrI	215984	0	0.5	147
	chrI	215985	1	0.5	151
	chrI	215988	0	1.5	151
	chrI	215989	0	0.5	151
	chrI	215991	0	0.5	151
	chrI	215991	0	0.5	72
	chrI	215994	1	0.5	151
	chrI	215994	1	1.0	127
	chrI	215995	0	0.5	151
	chrI	215995	1	0.5	151
	chrI	216013	1	0.5	151
	chrI	216031	0	0.5	146
	chrI	216038	1	0.5	151
	chrI	216039	0	0.5	126
	chrI	216044	1	0.5	97
	chrI	216045	1	0.5	151
	chrI	216046	0	0.5	151
	chrI	216049	1	0.5	85
	chrI	216050	1	0.5	151
	chrI	216053	0	0.5	149
	chrI	216061	0	0.5	151
	chrI	216062	0	0.5	151
	chrI	216064	1	0.5	72
	chrI	216068	1	0.5	151
	chrI	216068	1	0.5	105
	chrI	216073	0	0.5	107
	chrI	216073	1	0.5	140
	chrI	216078	1	0.5	151
	chrI	216083	0	0.5	144
	chrI	216084	0	0.5	151
	chrI	216097	0	0.5	151
	chrI	216111	1	0.5	151
	chrI	216116	1	0.5	151
	chrI	216130	1	0.5	147
	chrI	216135	1	0.5	151
	chrI	216138	1	0.5	151
	chrI	216144	1	0.5	151
	chrI	216145	1	0.5	151
	chrI	216150	1	0.5	151
	chrI	216151	0	0.5	151
	chrI	216164	0	0.5	72
	chrI	216166	1	0.5	126
	chrI	216168	0	0.5	151
	chrI	216169	1	1.5	151
	chrI	216171	0	0.5	151
	chrI	216176	1	0.5	146
	chrI	216178	0	0.5	151
	chrI	216181	1	0.5	107
	chrI	216201	1	0.5	149
	chrI	216212	1	0.5	151
	chrI	216226	1	0.5	144
	chrI	216227	0	0.5	139
	chrI	216230	1	0.5	151
	chrI	216234	1	0.5	151
	chrI	216236	1	0.5	151
	chrI	216236	1	0.5	72
	chrI	216250	0	0.5	134
	chrI	216252	1	0.5	151
	chrI	216264	1	0.5	151
	chrI	216285	0	0.5	151
	chrI	216302	0	0.5	92
	chrI	216306	0	0.5	151
	chrI	216307	0	0.5	76
	chrI	216311	1	0.5	151
	chrI	216327	0	0.5	145
	chrI	216332	1	0.5	151
	chrI	216365	1	0.5	139
	chrI	216367	1	0.5	151
	chrI	216383	1	0.5	134
	chrI	216386	1	0.5	76
	chrI	216397	0	0.5	68
	chrI	216397	1	0.5	92
	chrI	216399	0	0.5	122
	chrI	216438	0	0.5	146
	chrI	216439	0	0.5	76
	chrI	216445	0	0.5	151
	chrI	216448	0	0.5	81
	chrI	216458	0	0.5	151
	chrI	216458	0	0.5	72
	chrI	216466	1	0.5	68
	chrI	216471	1	0.5	151
	chrI	216474	0	0.5	140
	chrI	216474	0	0.5	150
	chrI	216474	0	0.5	151
	chrI	216479	1	0.5	151
	chrI	216490	0	0.5	151
	chrI	216492	1	0.5	151
	chrI	216499	0	1.0	151
	chrI	216507	0	1.0	141
	chrI	216507	0	0.5	110
	chrI	216515	1	0.5	76
	chrI	216523	1	0.5	122
	chrI	216524	0	1.0	127
	chrI	216529	1	0.5	81
	chrI	216533	1	0.5	151
	chrI	216533	1	0.5	72
	chrI	216536	0	0.5	71
	chrI	216541	0	0.5	151
	chrI	216582	0	1.0	151
	chrI	216583	1	0.5	146
	chrI	216601	1	0.5	151
	chrI	216608	1	0.5	71
	chrI	216613	1	0.5	140
	chrI	216618	0	0.5	134
	chrI	216618	1	0.5	110
	chrI	216619	0	0.5	151
	chrI	216626	0	1.0	144
	chrI	216629	1	0.5	151
	chrI	216630	0	1.5	151
	chrI	216630	1	0.5	151
	chrI	216631	0	0.5	150
	chrI	216647	1	1.0	141
	chrI	216647	1	0.5	151
	chrI	216653	1	1.0	151
	chrI	216654	1	1.0	127
	chrI	216658	1	0.5	150
	chrI	216676	0	0.5	151
	chrI	216688	0	0.5	151
	chrI	216693	0	0.5	147
	chrI	216694	0	0.5	83
	chrI	216708	0	0.5	151
	chrI	216708	0	0.5	87
	chrI	216711	0	0.5	151
	chrI	216712	0	0.5	116
	chrI	216730	1	0.5	151
	chrI	216751	1	0.5	134
	chrI	216751	1	1.0	151
	chrI	216768	0	0.5	151
	chrI	216769	1	1.0	144
	chrI	216774	0	0.5	97
	chrI	216778	1	0.5	83
	chrI	216780	1	0.5	150
	chrI	216780	1	1.0	151
	chrI	216793	0	0.5	151
	chrI	216797	1	0.5	87
	chrI	216800	0	0.5	144
	chrI	216803	1	1.0	151
	chrI	216805	0	1.0	151
	chrI	216807	0	0.5	144
	chrI	216809	0	0.5	147
	chrI	216809	0	0.5	88
	chrI	216811	0	0.5	151
	chrI	216828	1	0.5	116
	chrI	216831	0	0.5	151
	chrI	216839	1	0.5	147
	chrI	216839	1	1.0	151
	chrI	216842	0	2.5	151
	chrI	216862	1	0.5	151
	chrI	216872	1	0.5	97
	chrI	216877	0	0.5	88
	chrI	216889	0	1.5	151
	chrI	216891	0	0.5	151
	chrI	216893	0	1.0	106
	chrI	216895	1	0.5	151
	chrI	216898	0	1.0	151
	chrI	216898	1	0.5	88
	chrI	216903	0	0.5	59
	chrI	216905	0	1.0	151
	chrI	216914	0	0.5	150
	chrI	216933	1	0.5	151
	chrI	216943	1	0.5	144
	chrI	216946	1	0.5	151
	chrI	216950	1	0.5	144
	chrI	216954	0	0.5	106
	chrI	216955	1	0.5	147
	chrI	216964	1	0.5	59
	chrI	216966	1	0.5	88
	chrI	216967	1	0.5	151
	chrI	216968	0	0.5	150
	chrI	216971	1	0.5	151
	chrI	216986	1	0.5	151
	chrI	216996	1	0.5	151
	chrI	217001	1	0.5	151
	chrI	217002	0	0.5	101
	chrI	217002	1	1.0	106
	chrI	217005	1	1.0	151
	chrI	217007	0	0.5	135
	chrI	217007	0	0.5	151
	chrI	217007	1	0.5	151
	chrI	217008	0	0.5	151
	chrI	217012	0	0.5	151
	chrI	217023	0	0.5	83
	chrI	217030	0	0.5	151
	chrI	217044	1	1.0	151
	chrI	217048	0	1.0	151
	chrI	217051	1	0.5	151
	chrI	217058	1	0.5	151
	chrI	217061	1	0.5	106
	chrI	217062	0	0.5	151
	chrI	217062	1	0.5	151
	chrI	217068	1	0.5	151
	chrI	217071	1	0.5	151
	chrI	217076	0	0.5	127
	chrI	217091	1	0.5	151
	chrI	217093	1	0.5	151
	chrI	217104	1	0.5	101
	chrI	217108	1	0.5	83
	chrI	217117	1	0.5	150
	chrI	217141	1	0.5	135
	chrI	217162	0	0.5	151
	chrI	217162	0	0.5	109
	chrI	217167	0	0.5	78
	chrI	217169	1	0.5	151
	chrI	217171	0	0.5	151
	chrI	217174	0	0.5	147
	chrI	217180	1	1.0	151
	chrI	217185	0	0.5	139
	chrI	217185	0	0.5	151
	chrI	217188	0	0.5	151
	chrI	217198	0	0.5	151
	chrI	217202	0	0.5	151
	chrI	217204	1	0.5	150
	chrI	217205	0	0.5	103
	chrI	217205	1	0.5	151
	chrI	217205	1	0.5	127
	chrI	217221	0	0.5	151
	chrI	217221	1	0.5	151
	chrI	217226	0	0.5	109
	chrI	217234	0	0.5	88
	chrI	217248	1	0.5	78
	chrI	217249	0	1.0	115
	chrI	217256	0	0.5	136
	chrI	217256	0	0.5	151
	chrI	217258	0	0.5	102
	chrI	217262	0	0.5	103
	chrI	217265	0	1.5	149
	chrI	217270	1	0.5	109
	chrI	217276	0	0.5	48
	chrI	217276	0	1.0	49
	chrI	217289	1	0.5	151
	chrI	217309	1	0.5	103
	chrI	217320	1	0.5	147
	chrI	217322	1	0.5	151
	chrI	217323	1	0.5	139
	chrI	217324	1	0.5	88
	chrI	217325	1	0.5	48
	chrI	217325	1	1.0	49
	chrI	217331	0	0.5	151
	chrI	217337	1	0.5	109
	chrI	217347	1	0.5	151
	chrI	217352	1	0.5	151
	chrI	217353	1	0.5	151
	chrI	217358	0	0.5	72
	chrI	217358	0	1.0	119
	chrI	217358	0	0.5	126
	chrI	217361	1	0.5	102
	chrI	217364	1	1.0	115
	chrI	217369	1	0.5	103
	chrI	217378	1	0.5	151
	chrI	217381	0	0.5	115
	chrI	217391	1	0.5	136
	chrI	217395	0	0.5	113
	chrI	217400	0	0.5	93
	chrI	217401	0	0.5	136
	chrI	217401	1	0.5	151
	chrI	217413	1	1.5	149
	chrI	217416	1	0.5	147
	chrI	217431	1	0.5	72
	chrI	217432	0	0.5	53
	chrI	217445	1	0.5	151
	chrI	217459	0	0.5	135
	chrI	217472	1	0.5	151
	chrI	217478	1	1.0	119
	chrI	217485	1	0.5	53
	chrI	217485	1	0.5	126
	chrI	217486	0	0.5	83
	chrI	217496	1	0.5	93
	chrI	217497	1	0.5	115
	chrI	217504	0	0.5	151
	chrI	217509	1	0.5	113
	chrI	217517	1	0.5	151
	chrI	217536	0	0.5	151
	chrI	217536	1	0.5	136
	chrI	217538	0	0.5	151
	chrI	217538	0	0.5	95
	chrI	217544	0	0.5	151
	chrI	217546	0	0.5	151
	chrI	217546	0	0.5	43
	chrI	217569	1	0.5	83
	chrI	217583	0	0.5	85
	chrI	217590	1	0.5	43
	chrI	217593	1	0.5	135
	chrI	217605	0	0.5	146
	chrI	217613	0	0.5	151
	chrI	217633	0	0.5	151
	chrI	217636	1	0.5	95
	chrI	217638	0	0.5	151
	chrI	217639	0	0.5	151
	chrI	217645	0	1.0	132
	chrI	217663	0	0.5	60
	chrI	217664	0	0.5	149
	chrI	217666	0	0.5	151
	chrI	217670	1	0.5	85
	chrI	217676	0	0.5	76
	chrI	217694	1	0.5	151
	chrI	217695	0	0.5	151
	chrI	217699	1	0.5	151
	chrI	217707	1	0.5	151
	chrI	217709	1	0.5	151
	chrI	217713	1	0.5	151
	chrI	217714	0	0.5	122
	chrI	217720	0	0.5	151
	chrI	217723	1	0.5	60
	chrI	217727	0	0.5	151
	chrI	217729	0	1.0	151
	chrI	217740	0	0.5	141
	chrI	217750	1	0.5	146
	chrI	217753	1	0.5	76
	chrI	217760	0	0.5	59
	chrI	217773	0	0.5	151
	chrI	217776	1	1.0	132
	chrI	217795	0	0.5	151
	chrI	217809	1	0.5	151
	chrI	217812	1	0.5	149
	chrI	217812	1	0.5	151
	chrI	217821	1	0.5	59
	chrI	217839	1	0.5	122
	chrI	217846	1	0.5	151
	chrI	217849	1	0.5	151
	chrI	217866	0	0.5	36
	chrI	217872	1	0.5	151
	chrI	217880	1	0.5	141
	chrI	217886	0	0.5	151
	chrI	217890	1	1.0	151
	chrI	217903	1	0.5	36
	chrI	217907	0	0.5	105
	chrI	217907	1	0.5	151
	chrI	217912	1	0.5	151
	chrI	217931	1	0.5	151
	chrI	217934	0	0.5	151
	chrI	217934	0	0.5	87
	chrI	217941	0	0.5	151
	chrI	217946	0	0.5	151
	chrI	217956	0	0.5	103
	chrI	217966	0	0.5	83
	chrI	217967	0	0.5	151
	chrI	217973	1	0.5	151
	chrI	217986	0	0.5	151
	chrI	218005	0	0.5	119
	chrI	218015	0	0.5	53
	chrI	218020	1	0.5	109
	chrI	218021	1	0.5	87
	chrI	218030	0	0.5	122
	chrI	218038	1	0.5	151
	chrI	218050	1	0.5	83
	chrI	218051	0	2.0	151
	chrI	218059	1	0.5	103
	chrI	218073	1	0.5	53
	chrI	218081	1	0.5	151
	chrI	218088	0	1.0	151
	chrI	218088	1	0.5	151
	chrI	218108	0	0.5	151
	chrI	218120	0	0.5	101
	chrI	218125	1	0.5	119
	chrI	218126	0	0.5	151
	chrI	218137	0	0.5	123
	chrI	218137	1	0.5	151
	chrI	218152	1	1.0	151
	chrI	218153	0	0.5	102
	chrI	218154	1	0.5	122
	chrI	218156	1	0.5	151
	chrI	218169	0	0.5	121
	chrI	218206	0	0.5	138
	chrI	218213	1	1.5	151
	chrI	218222	1	0.5	101
	chrI	218257	1	0.5	102
	chrI	218259	1	0.5	123
	chrI	218266	1	1.0	151
	chrI	218268	0	0.5	119
	chrI	218270	0	1.0	70
	chrI	218272	1	0.5	151
	chrI	218274	1	0.5	151
	chrI	218277	0	0.5	135
	chrI	218287	0	0.5	107
	chrI	218290	1	0.5	121
	chrI	218293	1	0.5	151
	chrI	218341	1	1.0	70
	chrI	218343	1	0.5	138
	chrI	218373	0	0.5	151
	chrI	218378	0	0.5	104
	chrI	218382	0	0.5	151
	chrI	218390	1	0.5	119
	chrI	218391	0	0.5	151
	chrI	218393	0	0.5	151
	chrI	218393	0	0.5	126
	chrI	218396	1	0.5	107
	chrI	218405	0	0.5	107
	chrI	218411	1	0.5	135
	chrI	218475	0	0.5	150
	chrI	218478	0	0.5	122
	chrI	218483	1	0.5	104
	chrI	218488	0	0.5	151
	chrI	218499	0	0.5	151
	chrI	218506	0	0.5	151
	chrI	218513	0	0.5	151
	chrI	218514	1	0.5	107
	chrI	218520	1	0.5	126
	chrI	218530	0	0.5	135
	chrI	218541	1	0.5	151
	chrI	218543	1	0.5	150
	chrI	218550	0	0.5	151
	chrI	218559	0	0.5	151
	chrI	218574	1	0.5	151
	chrI	218602	1	0.5	122
	chrI	218604	0	1.5	151
	chrI	218609	1	0.5	151
	chrI	218624	1	0.5	150
	chrI	218630	0	0.5	151
	chrI	218639	0	0.5	133
	chrI	218639	0	0.5	108
	chrI	218652	1	0.5	151
	chrI	218658	0	1.0	115
	chrI	218664	1	0.5	135
	chrI	218666	0	0.5	67
	chrI	218681	1	0.5	151
	chrI	218698	0	1.0	90
	chrI	218698	1	0.5	151
	chrI	218703	0	0.5	151
	chrI	218707	0	0.5	50
	chrI	218710	0	0.5	150
	chrI	218710	0	0.5	151
	chrI	218714	1	0.5	151
	chrI	218716	1	0.5	151
	chrI	218717	0	0.5	138
	chrI	218722	0	0.5	151
	chrI	218724	0	1.0	151
	chrI	218735	1	0.5	67
	chrI	218739	0	0.5	151
	chrI	218748	1	0.5	108
	chrI	218758	1	0.5	50
	chrI	218760	1	0.5	151
	chrI	218761	0	1.0	151
	chrI	218771	1	0.5	133
	chrI	218773	1	1.0	115
	chrI	218786	1	0.5	151
	chrI	218792	1	1.0	90
	chrI	218794	1	1.0	151
	chrI	218795	0	0.5	76
	chrI	218803	0	0.5	151
	chrI	218814	0	0.5	108
	chrI	218834	1	0.5	151
	chrI	218854	1	0.5	138
	chrI	218857	1	0.5	151
	chrI	218859	1	0.5	150
	chrI	218866	0	0.5	151
	chrI	218872	1	0.5	76
	chrI	218874	1	0.5	151
	chrI	218875	0	1.0	151
	chrI	218885	0	1.0	151
	chrI	218890	1	0.5	151
	chrI	218899	1	0.5	151
	chrI	218922	1	0.5	108
	chrI	218940	1	1.0	151
	chrI	218947	0	1.5	143
	chrI	218948	0	0.5	151
	chrI	218959	0	0.5	151
	chrI	218960	1	0.5	151
	chrI	218962	0	0.5	67
	chrI	218965	1	1.0	151
	chrI	218980	0	0.5	151
	chrI	218983	0	0.5	151
	chrI	218984	0	0.5	151
	chrI	218996	0	0.5	151
	chrI	219012	0	0.5	151
	chrI	219030	1	0.5	67
	chrI	219031	1	1.5	151
	chrI	219032	0	0.5	136
	chrI	219033	0	0.5	151
	chrI	219033	0	0.5	109
	chrI	219043	1	1.0	151
	chrI	219044	0	0.5	151
	chrI	219051	0	0.5	68
	chrI	219061	0	1.0	151
	chrI	219089	0	0.5	151
	chrI	219089	1	1.5	143
	chrI	219095	0	0.5	86
	chrI	219121	1	0.5	68
	chrI	219123	0	0.5	101
	chrI	219127	0	0.5	116
	chrI	219133	1	1.5	151
	chrI	219143	0	0.5	145
	chrI	219143	1	0.5	109
	chrI	219144	1	0.5	151
	chrI	219154	0	0.5	96
	chrI	219157	0	0.5	124
	chrI	219165	1	0.5	151
	chrI	219167	1	0.5	136
	chrI	219178	0	0.5	151
	chrI	219181	1	0.5	86
	chrI	219186	0	0.5	151
	chrI	219187	0	0.5	62
	chrI	219187	1	0.5	151
	chrI	219205	1	0.5	151
	chrI	219217	1	0.5	151
	chrI	219224	1	0.5	101
	chrI	219225	0	1.0	151
	chrI	219232	0	0.5	151
	chrI	219232	1	1.0	151
	chrI	219245	1	0.5	116
	chrI	219250	1	0.5	62
	chrI	219252	1	0.5	96
	chrI	219255	0	0.5	108
	chrI	219263	0	0.5	104
	chrI	219268	1	0.5	151
	chrI	219282	1	0.5	124
	chrI	219287	1	0.5	145
	chrI	219315	0	0.5	151
	chrI	219325	0	0.5	49
	chrI	219331	0	0.5	149
	chrI	219331	1	0.5	151
	chrI	219342	0	0.5	65
	chrI	219365	1	0.5	108
	chrI	219367	1	0.5	104
	chrI	219371	0	0.5	151
	chrI	219373	1	0.5	151
	chrI	219375	0	1.0	151
	chrI	219375	1	0.5	49
	chrI	219378	0	0.5	151
	chrI	219386	0	1.0	151
	chrI	219404	0	1.0	151
	chrI	219408	1	0.5	151
	chrI	219408	1	0.5	65
	chrI	219411	0	0.5	101
	chrI	219411	1	0.5	151
	chrI	219418	0	0.5	146
	chrI	219418	0	0.5	151
	chrI	219421	1	1.0	151
	chrI	219462	0	0.5	151
	chrI	219478	0	0.5	71
	chrI	219479	1	0.5	149
	chrI	219483	1	0.5	151
	chrI	219503	0	0.5	108
	chrI	219503	0	0.5	112
	chrI	219512	1	0.5	101
	chrI	219513	0	0.5	120
	chrI	219528	0	0.5	112
	chrI	219528	1	0.5	151
	chrI	219544	1	1.0	151
	chrI	219545	0	0.5	151
	chrI	219545	0	0.5	58
	chrI	219549	1	0.5	71
	chrI	219550	1	1.0	151
	chrI	219560	0	1.0	70
	chrI	219563	1	0.5	146
	chrI	219563	1	0.5	151
	chrI	219564	0	0.5	151
	chrI	219564	1	1.0	151
	chrI	219581	0	0.5	151
	chrI	219582	0	0.5	151
	chrI	219590	0	1.5	96
	chrI	219590	0	0.5	98
	chrI	219603	1	0.5	151
	chrI	219603	1	0.5	58
	chrI	219607	0	1.0	132
	chrI	219610	0	1.0	54
	chrI	219615	1	0.5	110
	chrI	219615	1	0.5	112
	chrI	219632	1	1.0	70
	chrI	219634	1	0.5	120
	chrI	219641	1	0.5	112
	chrI	219665	1	1.0	54
	chrI	219670	1	0.5	151
	chrI	219673	0	0.5	62
	chrI	219679	0	0.5	151
	chrI	219687	1	1.5	96
	chrI	219687	1	0.5	98
	chrI	219695	1	0.5	151
	chrI	219708	0	0.5	55
	chrI	219709	0	0.5	116
	chrI	219711	0	1.0	151
	chrI	219719	0	0.5	151
	chrI	219719	1	0.5	151
	chrI	219724	0	0.5	88
	chrI	219738	1	1.0	132
	chrI	219739	1	0.5	62
	chrI	219740	0	0.5	151
	chrI	219747	1	0.5	151
	chrI	219760	0	0.5	136
	chrI	219763	1	0.5	55
	chrI	219794	0	0.5	151
	chrI	219795	0	0.5	118
	chrI	219802	0	0.5	78
	chrI	219802	0	0.5	124
	chrI	219812	1	0.5	88
	chrI	219817	1	0.5	151
	chrI	219825	0	0.5	106
	chrI	219827	1	0.5	116
	chrI	219843	0	0.5	151
	chrI	219871	1	0.5	151
	chrI	219875	0	0.5	151
	chrI	219881	1	0.5	151
	chrI	219883	1	0.5	78
	chrI	219894	1	0.5	150
	chrI	219895	1	0.5	136
	chrI	219896	0	0.5	151
	chrI	219899	0	0.5	116
	chrI	219901	0	0.5	151
	chrI	219901	0	0.5	107
	chrI	219901	1	0.5	151
	chrI	219902	0	0.5	110
	chrI	219905	0	0.5	45
	chrI	219906	0	0.5	84
	chrI	219914	1	0.5	118
	chrI	219922	0	1.0	91
	chrI	219926	0	0.5	126
	chrI	219928	0	0.5	151
	chrI	219928	0	0.5	104
	chrI	219929	1	0.5	124
	chrI	219931	0	0.5	141
	chrI	219931	1	0.5	106
	chrI	219935	0	0.5	99
	chrI	219936	0	0.5	137
	chrI	219951	1	0.5	45
	chrI	219953	1	0.5	151
	chrI	219964	0	0.5	151
	chrI	219968	0	0.5	76
	chrI	219970	0	0.5	82
	chrI	219992	0	0.5	104
	chrI	219992	1	0.5	84
	chrI	220011	1	0.5	107
	chrI	220014	1	0.5	110
	chrI	220015	1	1.0	91
	chrI	220017	1	0.5	116
	chrI	220031	0	0.5	151
	chrI	220034	1	0.5	104
	chrI	220035	1	0.5	99
	chrI	220040	1	0.5	149
	chrI	220044	0	0.5	151
	chrI	220044	1	0.5	76
	chrI	220052	1	0.5	151
	chrI	220053	1	0.5	82
	chrI	220053	1	0.5	126
	chrI	220057	0	0.5	137
	chrI	220059	0	0.5	151
	chrI	220065	0	0.5	149
	chrI	220065	0	0.5	151
	chrI	220067	1	0.5	151
	chrI	220068	0	1.0	151
	chrI	220071	1	0.5	141
	chrI	220072	1	0.5	137
	chrI	220075	1	0.5	151
	chrI	220087	0	0.5	99
	chrI	220087	1	0.5	151
	chrI	220088	0	0.5	151
	chrI	220089	0	0.5	135
	chrI	220089	0	0.5	104
	chrI	220097	1	0.5	104
	chrI	220098	0	0.5	58
	chrI	220098	0	0.5	120
	chrI	220108	0	0.5	65
	chrI	220128	0	0.5	97
	chrI	220128	1	0.5	151
	chrI	220140	0	0.5	82
	chrI	220140	0	0.5	119
	chrI	220141	0	0.5	151
	chrI	220141	0	0.5	61
	chrI	220157	1	0.5	58
	chrI	220163	1	0.5	151
	chrI	220166	0	0.5	147
	chrI	220166	0	0.5	57
	chrI	220173	1	0.5	65
	chrI	220182	0	0.5	79
	chrI	220187	1	0.5	99
	chrI	220193	1	0.5	137
	chrI	220194	1	0.5	104
	chrI	220195	0	0.5	151
	chrI	220195	0	0.5	67
	chrI	220204	0	0.5	151
	chrI	220205	1	0.5	61
	chrI	220219	1	0.5	151
	chrI	220219	1	0.5	120
	chrI	220222	0	0.5	79
	chrI	220222	1	2.0	151
	chrI	220223	1	0.5	135
	chrI	220223	1	0.5	151
	chrI	220224	1	0.5	57
	chrI	220224	1	0.5	82
	chrI	220225	0	0.5	126
	chrI	220226	1	0.5	97
	chrI	220227	0	1.5	151
	chrI	220227	0	0.5	71
	chrI	220241	0	1.0	151
	chrI	220253	1	0.5	151
	chrI	220260	1	0.5	119
	chrI	220261	1	0.5	79
	chrI	220262	0	0.5	65
	chrI	220264	0	1.0	56
	chrI	220264	1	0.5	151
	chrI	220264	1	0.5	67
	chrI	220266	0	1.0	151
	chrI	220275	0	0.5	151
	chrI	220282	0	0.5	135
	chrI	220285	0	0.5	151
	chrI	220290	0	1.0	151
	chrI	220300	1	0.5	71
	chrI	220301	0	0.5	93
	chrI	220304	1	0.5	79
	chrI	220305	0	0.5	124
	chrI	220312	1	0.5	147
	chrI	220322	1	0.5	151
	chrI	220322	1	1.0	56
	chrI	220326	0	1.5	57
	chrI	220326	0	0.5	72
	chrI	220327	0	0.5	60
	chrI	220327	1	0.5	65
	chrI	220331	0	0.5	151
	chrI	220344	0	0.5	53
	chrI	220353	1	0.5	126
	chrI	220368	1	0.5	151
	chrI	220372	0	0.5	96
	chrI	220384	1	1.5	57
	chrI	220389	1	1.5	151
	chrI	220389	1	0.5	60
	chrI	220397	1	0.5	72
	chrI	220397	1	0.5	93
	chrI	220399	1	0.5	53
	chrI	220416	1	0.5	135
	chrI	220417	0	0.5	151
	chrI	220428	0	0.5	151
	chrI	220430	1	0.5	124
	chrI	220433	1	1.5	151
	chrI	220434	0	0.5	83
	chrI	220444	1	0.5	151
	chrI	220457	1	0.5	151
	chrI	220462	0	0.5	127
	chrI	220469	1	0.5	96
	chrI	220483	0	1.0	121
	chrI	220492	0	0.5	101
	chrI	220492	0	1.0	108
	chrI	220498	0	0.5	84
	chrI	220519	1	0.5	83
	chrI	220538	0	0.5	149
	chrI	220538	0	0.5	151
	chrI	220546	0	0.5	146
	chrI	220554	1	1.0	151
	chrI	220566	0	0.5	151
	chrI	220570	0	0.5	125
	chrI	220573	0	0.5	151
	chrI	220582	1	0.5	149
	chrI	220583	1	0.5	84
	chrI	220587	1	0.5	126
	chrI	220600	1	1.0	108
	chrI	220600	1	0.5	109
	chrI	220605	1	1.0	121
	chrI	220607	1	0.5	151
	chrI	220615	0	0.5	151
	chrI	220643	0	1.0	141
	chrI	220677	0	0.5	108
	chrI	220686	1	0.5	149
	chrI	220691	1	0.5	146
	chrI	220695	0	0.5	76
	chrI	220697	1	0.5	151
	chrI	220697	1	0.5	125
	chrI	220698	0	0.5	145
	chrI	220713	0	1.5	138
	chrI	220716	1	0.5	151
	chrI	220732	1	0.5	151
	chrI	220742	0	1.0	114
	chrI	220751	0	0.5	151
	chrI	220759	0	1.5	128
	chrI	220759	0	0.5	130
	chrI	220759	0	0.5	151
	chrI	220759	0	0.5	44
	chrI	220760	0	1.0	151
	chrI	220760	0	1.0	66
	chrI	220762	0	0.5	151
	chrI	220764	1	1.0	151
	chrI	220767	1	0.5	151
	chrI	220771	1	0.5	76
	chrI	220780	0	0.5	151
	chrI	220782	0	0.5	79
	chrI	220782	0	0.5	101
	chrI	220783	1	1.0	141
	chrI	220784	1	0.5	108
	chrI	220802	0	0.5	151
	chrI	220811	1	0.5	44
	chrI	220812	0	1.0	151
	chrI	220812	0	0.5	126
	chrI	220826	1	0.5	151
	chrI	220829	0	0.5	57
	chrI	220829	1	1.0	66
	chrI	220832	0	0.5	151
	chrI	220842	1	0.5	145
	chrI	220846	0	0.5	150
	chrI	220850	1	1.5	138
	chrI	220851	0	0.5	128
	chrI	220852	0	1.0	151
	chrI	220852	0	0.5	62
	chrI	220857	0	0.5	67
	chrI	220857	1	1.0	114
	chrI	220858	0	0.5	136
	chrI	220858	0	0.5	66
	chrI	220861	1	0.5	79
	chrI	220867	0	0.5	82
	chrI	220868	0	0.5	141
	chrI	220870	0	1.0	151
	chrI	220883	1	0.5	101
	chrI	220887	1	0.5	57
	chrI	220888	1	1.5	128
	chrI	220888	1	0.5	130
	chrI	220890	0	0.5	106
	chrI	220892	0	0.5	145
	chrI	220904	0	1.0	54
	chrI	220905	0	0.5	151
	chrI	220911	0	0.5	151
	chrI	220915	1	0.5	151
	chrI	220915	1	0.5	62
	chrI	220925	1	0.5	67
	chrI	220926	1	1.0	151
	chrI	220926	1	0.5	66
	chrI	220927	0	0.5	90
	chrI	220940	1	0.5	126
	chrI	220952	1	0.5	82
	chrI	220960	1	0.5	151
	chrI	220960	1	1.0	54
	chrI	220962	1	1.0	151
	chrI	220965	0	1.0	151
	chrI	220978	1	0.5	151
	chrI	220981	0	1.0	121
	chrI	220981	1	0.5	128
	chrI	220984	1	1.0	151
	chrI	220993	1	0.5	136
	chrI	220995	0	0.5	67
	chrI	220995	1	0.5	150
	chrI	220998	1	0.5	106
	chrI	221004	1	0.5	151
	chrI	221007	0	0.5	122
	chrI	221008	1	0.5	141
	chrI	221009	1	0.5	151
	chrI	221014	1	0.5	151
	chrI	221018	1	0.5	90
	chrI	221022	0	0.5	140
	chrI	221022	0	0.5	151
	chrI	221029	0	0.5	82
	chrI	221036	1	0.5	145
	chrI	221045	0	0.5	136
	chrI	221051	1	1.0	151
	chrI	221062	0	0.5	69
	chrI	221063	1	0.5	151
	chrI	221063	1	0.5	67
	chrI	221079	1	0.5	151
	chrI	221082	0	0.5	151
	chrI	221089	0	0.5	151
	chrI	221103	1	1.0	121
	chrI	221114	1	0.5	83
	chrI	221116	0	0.5	151
	chrI	221124	1	0.5	151
	chrI	221130	1	0.5	151
	chrI	221131	0	0.5	135
	chrI	221132	1	0.5	70
	chrI	221160	0	0.5	151
	chrI	221161	1	0.5	140
	chrI	221173	0	0.5	135
	chrI	221180	1	0.5	136
	chrI	221190	0	0.5	101
	chrI	221205	0	0.5	151
	chrI	221264	1	0.5	151
	chrI	221265	1	0.5	135
	chrI	221267	1	0.5	151
	chrI	221268	0	0.5	88
	chrI	221282	0	0.5	150
	chrI	221285	1	0.5	151
	chrI	221292	1	0.5	101
	chrI	221294	1	1.0	151
	chrI	221298	0	0.5	135
	chrI	221303	0	0.5	105
	chrI	221307	1	0.5	135
	chrI	221318	1	0.5	151
	chrI	221323	0	0.5	60
	chrI	221360	1	0.5	88
	chrI	221363	1	0.5	151
	chrI	221369	0	1.0	134
	chrI	221370	0	0.5	64
	chrI	221384	0	1.0	94
	chrI	221385	1	0.5	60
	chrI	221410	1	0.5	105
	chrI	221414	0	0.5	50
	chrI	221416	0	1.0	143
	chrI	221431	1	0.5	150
	chrI	221432	1	0.5	135
	chrI	221437	1	0.5	64
	chrI	221450	0	1.0	136
	chrI	221467	1	0.5	50
	chrI	221474	0	0.5	151
	chrI	221478	1	1.0	94
	chrI	221484	0	0.5	151
	chrI	221502	1	1.0	134
	chrI	221527	0	0.5	151
	chrI	221548	0	0.5	151
	chrI	221556	1	0.5	141
	chrI	221558	1	0.5	143
	chrI	221577	0	0.5	72
	chrI	221577	0	0.5	74
	chrI	221580	0	0.5	98
	chrI	221585	1	1.0	136
	chrI	221592	0	0.5	151
	chrI	221598	0	1.0	151
	chrI	221607	0	0.5	92
	chrI	221617	0	0.5	117
	chrI	221631	0	0.5	82
	chrI	221633	0	0.5	151
	chrI	221647	1	0.5	151
	chrI	221651	1	0.5	72
	chrI	221651	1	0.5	74
	chrI	221659	0	0.5	151
	chrI	221660	0	0.5	121
	chrI	221664	0	0.5	151
	chrI	221674	1	0.5	151
	chrI	221678	1	0.5	98
	chrI	221686	1	0.5	151
	chrI	221700	1	0.5	92
	chrI	221709	1	0.5	151
	chrI	221714	1	0.5	82
	chrI	221724	0	0.5	151
	chrI	221725	0	1.0	148
	chrI	221726	0	0.5	151
	chrI	221729	0	1.0	151
	chrI	221735	0	0.5	151
	chrI	221735	1	0.5	117
	chrI	221759	1	0.5	151
	chrI	221761	0	0.5	144
	chrI	221782	1	1.0	151
	chrI	221782	1	0.5	121
	chrI	221791	0	0.5	65
	chrI	221794	1	0.5	151
	chrI	221806	0	0.5	151
	chrI	221818	0	0.5	143
	chrI	221836	1	0.5	151
	chrI	221846	0	0.5	66
	chrI	221857	1	0.5	65
	chrI	221872	1	1.0	148
	chrI	221878	1	0.5	151
	chrI	221879	0	0.5	151
	chrI	221879	1	1.0	151
	chrI	221881	0	0.5	151
	chrI	221891	0	0.5	90
	chrI	221895	1	0.5	151
	chrI	221903	1	0.5	151
	chrI	221904	1	0.5	144
	chrI	221907	0	0.5	60
	chrI	221911	0	0.5	151
	chrI	221911	1	0.5	151
	chrI	221912	1	0.5	66
	chrI	221915	0	1.0	151
	chrI	221956	0	0.5	151
	chrI	221960	1	0.5	143
	chrI	221968	1	0.5	60
	chrI	221972	1	0.5	151
	chrI	221982	1	0.5	90
	chrI	222013	0	0.5	141
	chrI	222023	0	0.5	111
	chrI	222033	1	0.5	151
	chrI	222072	1	0.5	151
	chrI	222076	0	0.5	151
	chrI	222078	0	0.5	136
	chrI	222079	0	0.5	151
	chrI	222080	1	1.0	151
	chrI	222084	0	0.5	59
	chrI	222115	1	0.5	149
	chrI	222134	1	0.5	151
	chrI	222137	1	0.5	111
	chrI	222140	0	0.5	131
	chrI	222140	0	1.0	119
	chrI	222144	1	0.5	59
	chrI	222153	1	0.5	141
	chrI	222173	0	0.5	81
	chrI	222213	1	0.5	136
	chrI	222216	0	0.5	151
	chrI	222229	0	0.5	102
	chrI	222230	1	0.5	151
	chrI	222231	0	0.5	151
	chrI	222254	0	0.5	147
	chrI	222254	1	0.5	151
	chrI	222255	1	0.5	81
	chrI	222256	0	0.5	151
	chrI	222261	1	1.0	119
	chrI	222270	1	0.5	131
	chrI	222271	0	0.5	76
	chrI	222278	0	1.0	103
	chrI	222285	0	0.5	62
	chrI	222294	0	1.0	98
	chrI	222307	0	0.5	80
	chrI	222318	0	1.0	151
	chrI	222319	0	0.5	65
	chrI	222322	0	0.5	149
	chrI	222331	1	0.5	102
	chrI	222348	1	0.5	62
	chrI	222348	1	0.5	76
	chrI	222368	1	0.5	151
	chrI	222382	1	1.0	103
	chrI	222386	1	0.5	65
	chrI	222388	1	0.5	80
	chrI	222389	1	0.5	151
	chrI	222393	1	1.0	98
	chrI	222400	1	0.5	147
	chrI	222407	0	0.5	151
	chrI	222419	0	0.5	151
	chrI	222437	0	0.5	151
	chrI	222439	1	0.5	151
	chrI	222466	0	1.5	142
	chrI	222470	0	0.5	77
	chrI	222470	1	0.5	149
	chrI	222480	0	0.5	151
	chrI	222502	0	0.5	102
	chrI	222511	0	0.5	151
	chrI	222528	0	0.5	151
	chrI	222539	0	0.5	111
	chrI	222546	0	0.5	131
	chrI	222548	1	0.5	77
	chrI	222561	1	0.5	151
	chrI	222571	0	0.5	90
	chrI	222571	0	0.5	94
	chrI	222585	1	0.5	151
	chrI	222590	0	0.5	81
	chrI	222591	0	0.5	151
	chrI	222594	0	0.5	104
	chrI	222601	1	0.5	151
	chrI	222604	1	0.5	102
	chrI	222607	1	1.5	142
	chrI	222624	0	0.5	151
	chrI	222624	0	0.5	115
	chrI	222635	0	0.5	98
	chrI	222652	1	0.5	151
	chrI	222653	1	0.5	111
	chrI	222663	0	0.5	124
	chrI	222665	1	0.5	90
	chrI	222665	1	0.5	94
	chrI	222673	1	0.5	81
	chrI	222676	1	0.5	131
	chrI	222684	1	1.0	151
	chrI	222690	0	0.5	151
	chrI	222692	1	0.5	151
	chrI	222693	0	0.5	151
	chrI	222696	0	0.5	151
	chrI	222699	1	0.5	104
	chrI	222700	0	0.5	151
	chrI	222704	1	0.5	151
	chrI	222735	1	0.5	98
	chrI	222740	1	0.5	115
	chrI	222747	1	0.5	151
	chrI	222748	0	0.5	151
	chrI	222749	0	1.0	62
	chrI	222784	0	1.0	151
	chrI	222788	1	0.5	124
	chrI	222790	0	1.0	151
	chrI	222791	1	0.5	151
	chrI	222812	1	1.0	62
	chrI	222818	0	0.5	98
	chrI	222848	1	0.5	151
	chrI	222852	1	0.5	151
	chrI	222854	1	0.5	151
	chrI	222857	0	1.0	151
	chrI	222886	0	0.5	105
	chrI	222899	0	0.5	55
	chrI	222904	1	0.5	151
	chrI	222905	0	0.5	151
	chrI	222906	0	0.5	151
	chrI	222906	0	0.5	67
	chrI	222917	0	0.5	151
	chrI	222917	1	0.5	98
	chrI	222932	0	0.5	151
	chrI	222942	0	1.0	151
	chrI	222947	0	0.5	151
	chrI	222949	0	1.0	151
	chrI	222955	1	1.0	151
	chrI	222955	1	0.5	55
	chrI	222975	1	0.5	67
	chrI	222983	0	0.5	114
	chrI	222983	0	0.5	115
	chrI	222983	0	1.5	120
	chrI	222984	0	1.0	146
	chrI	222991	1	0.5	105
	chrI	222994	0	0.5	95
	chrI	222995	0	0.5	109
	chrI	223010	0	1.0	95
	chrI	223037	1	1.0	151
	chrI	223038	0	0.5	67
	chrI	223067	1	0.5	151
	chrI	223070	1	0.5	151
	chrI	223072	0	0.5	47
	chrI	223072	0	0.5	48
	chrI	223085	1	1.0	151
	chrI	223091	0	0.5	59
	chrI	223091	1	1.0	151
	chrI	223091	1	0.5	95
	chrI	223098	1	0.5	114
	chrI	223098	1	0.5	115
	chrI	223104	1	1.5	151
	chrI	223104	1	1.5	120
	chrI	223105	1	0.5	109
	chrI	223106	1	0.5	67
	chrI	223107	1	1.0	95
	chrI	223110	1	0.5	151
	chrI	223121	1	0.5	47
	chrI	223121	1	0.5	48
	chrI	223129	1	1.0	146
	chrI	223149	1	0.5	59
	chrI	223165	0	0.5	48
	chrI	223176	0	0.5	73
	chrI	223177	0	0.5	107
	chrI	223187	1	0.5	145
	chrI	223193	0	0.5	134
	chrI	223217	1	0.5	48
	chrI	223247	0	1.0	54
	chrI	223248	0	0.5	151
	chrI	223250	1	0.5	73
	chrI	223256	0	0.5	96
	chrI	223258	0	0.5	151
	chrI	223267	0	1.0	151
	chrI	223267	0	0.5	107
	chrI	223268	0	0.5	151
	chrI	223268	0	0.5	78
	chrI	223274	0	1.0	151
	chrI	223275	0	0.5	151
	chrI	223276	0	0.5	151
	chrI	223279	0	0.5	82
	chrI	223285	1	0.5	107
	chrI	223287	0	0.5	138
	chrI	223287	0	0.5	86
	chrI	223299	0	0.5	35
	chrI	223302	1	1.0	54
	chrI	223326	1	0.5	134
	chrI	223331	0	0.5	71
	chrI	223337	1	0.5	35
	chrI	223347	1	0.5	78
	chrI	223355	0	0.5	91
	chrI	223355	1	0.5	96
	chrI	223364	1	0.5	82
	chrI	223367	0	0.5	76
	chrI	223373	1	0.5	86
	chrI	223375	1	0.5	107
	chrI	223398	0	1.0	94
	chrI	223402	1	0.5	71
	chrI	223412	1	0.5	151
	chrI	223423	1	0.5	151
	chrI	223424	0	0.5	151
	chrI	223424	1	0.5	138
	chrI	223434	1	0.5	151
	chrI	223436	0	0.5	151
	chrI	223441	1	0.5	151
	chrI	223445	1	0.5	151
	chrI	223445	1	0.5	76
	chrI	223447	1	0.5	151
	chrI	223447	1	0.5	91
	chrI	223450	1	0.5	151
	chrI	223452	1	0.5	151
	chrI	223453	0	0.5	151
	chrI	223453	0	0.5	76
	chrI	223453	1	0.5	151
	chrI	223454	0	0.5	126
	chrI	223460	0	1.0	151
	chrI	223492	1	1.0	94
	chrI	223498	0	0.5	109
	chrI	223499	0	0.5	151
	chrI	223506	0	0.5	151
	chrI	223527	0	0.5	151
	chrI	223530	1	0.5	76
	chrI	223543	0	0.5	59
	chrI	223546	0	0.5	142
	chrI	223548	0	0.5	138
	chrI	223582	1	0.5	126
	chrI	223583	1	0.5	151
	chrI	223585	0	0.5	151
	chrI	223587	0	0.5	128
	chrI	223587	0	0.5	110
	chrI	223597	0	1.0	151
	chrI	223604	0	0.5	151
	chrI	223604	1	0.5	59
	chrI	223608	1	0.5	109
	chrI	223615	1	1.0	151
	chrI	223616	0	0.5	151
	chrI	223620	0	0.5	52
	chrI	223635	1	0.5	151
	chrI	223637	0	1.5	151
	chrI	223646	0	0.5	104
	chrI	223667	0	1.0	114
	chrI	223672	1	0.5	151
	chrI	223674	1	0.5	52
	chrI	223685	1	0.5	138
	chrI	223687	1	0.5	142
	chrI	223693	1	0.5	151
	chrI	223698	1	0.5	151
	chrI	223698	1	0.5	110
	chrI	223706	0	0.5	56
	chrI	223706	1	0.5	151
	chrI	223716	1	0.5	128
	chrI	223723	0	0.5	150
	chrI	223748	1	1.0	151
	chrI	223750	0	0.5	88
	chrI	223750	1	0.5	104
	chrI	223751	0	0.5	88
	chrI	223751	1	0.5	151
	chrI	223753	0	1.0	79
	chrI	223753	0	0.5	81
	chrI	223753	0	0.5	121
	chrI	223756	0	0.5	80
	chrI	223759	1	0.5	151
	chrI	223762	0	0.5	151
	chrI	223762	0	0.5	56
	chrI	223762	1	0.5	56
	chrI	223772	0	0.5	49
	chrI	223783	1	1.0	114
	chrI	223785	1	0.5	151
	chrI	223787	0	1.0	151
	chrI	223787	0	0.5	77
	chrI	223795	0	0.5	151
	chrI	223800	0	0.5	151
	chrI	223815	1	0.5	150
	chrI	223816	1	1.0	151
	chrI	223821	0	0.5	134
	chrI	223821	1	0.5	56
	chrI	223822	1	0.5	49
	chrI	223823	0	0.5	112
	chrI	223830	0	0.5	151
	chrI	223834	1	0.5	79
	chrI	223835	1	0.5	79
	chrI	223835	1	0.5	81
	chrI	223837	1	0.5	80
	chrI	223840	1	0.5	151
	chrI	223840	1	1.0	88
	chrI	223843	0	0.5	151
	chrI	223860	0	0.5	151
	chrI	223865	1	0.5	77
	chrI	223866	0	0.5	151
	chrI	223869	0	0.5	151
	chrI	223869	0	0.5	110
	chrI	223872	1	0.5	150
	chrI	223877	1	0.5	121
	chrI	223928	0	0.5	47
	chrI	223936	1	0.5	112
	chrI	223954	1	0.5	134
	chrI	223955	1	0.5	151
	chrI	223960	0	0.5	150
	chrI	223971	1	1.0	151
	chrI	223972	1	0.5	151
	chrI	223973	0	1.0	151
	chrI	223973	0	0.5	80
	chrI	223977	0	1.0	52
	chrI	223978	1	0.5	47
	chrI	223980	1	0.5	110
	chrI	223984	0	0.5	59
	chrI	223994	1	1.0	151
	chrI	223995	0	0.5	70
	chrI	223995	1	0.5	151
	chrI	223996	0	1.0	151
	chrI	223998	0	0.5	56
	chrI	224000	0	0.5	151
	chrI	224001	0	2.0	151
	chrI	224002	0	0.5	138
	chrI	224003	0	0.5	151
	chrI	224007	0	1.0	151
	chrI	224010	0	1.0	151
	chrI	224012	0	0.5	151
	chrI	224019	0	0.5	151
	chrI	224020	0	1.0	151
	chrI	224029	1	0.5	50
	chrI	224031	1	0.5	151
	chrI	224031	1	0.5	52
	chrI	224037	0	0.5	123
	chrI	224044	1	0.5	59
	chrI	224055	1	0.5	56
	chrI	224056	1	0.5	80
	chrI	224058	0	0.5	111
	chrI	224067	1	0.5	70
	chrI	224074	0	0.5	114
	chrI	224077	0	1.0	151
	chrI	224097	0	0.5	151
	chrI	224109	0	0.5	42
	chrI	224109	1	0.5	150
	chrI	224125	1	0.5	151
	chrI	224128	0	2.0	151
	chrI	224130	1	1.0	151
	chrI	224139	1	0.5	138
	chrI	224139	1	0.5	151
	chrI	224149	0	0.5	151
	chrI	224154	1	0.5	42
	chrI	224158	1	0.5	151
	chrI	224162	1	1.0	151
	chrI	224163	1	0.5	151
	chrI	224163	1	0.5	123
	chrI	224165	1	0.5	151
	chrI	224166	1	1.0	151
	chrI	224169	1	1.5	151
	chrI	224170	1	0.5	111
	chrI	224171	1	0.5	151
	chrI	224172	0	0.5	151
	chrI	224172	1	1.0	151
	chrI	224173	0	0.5	151
	chrI	224174	0	0.5	151
	chrI	224179	1	0.5	151
	chrI	224189	0	1.0	151
	chrI	224189	1	0.5	114
	chrI	224191	1	0.5	151
	chrI	224197	1	0.5	151
	chrI	224224	0	0.5	72
	chrI	224233	1	1.0	151
	chrI	224250	0	0.5	91
	chrI	224259	1	0.5	151
	chrI	224287	0	1.0	151
	chrI	224298	0	0.5	151
	chrI	224298	1	0.5	72
	chrI	224300	0	0.5	108
	chrI	224301	1	0.5	151
	chrI	224305	0	1.0	151
	chrI	224320	0	0.5	151
	chrI	224329	0	0.5	151
	chrI	224341	1	2.0	151
	chrI	224342	0	0.5	60
	chrI	224342	1	0.5	91
	chrI	224346	0	0.5	135
	chrI	224349	1	0.5	150
	chrI	224352	1	1.0	151
	chrI	224371	1	1.0	151
	chrI	224384	0	0.5	151
	chrI	224397	0	0.5	101
	chrI	224402	1	0.5	60
	chrI	224408	1	0.5	108
	chrI	224409	0	0.5	120
	chrI	224414	0	0.5	76
	chrI	224421	0	0.5	151
	chrI	224431	0	0.5	81
	chrI	224454	0	0.5	151
	chrI	224474	1	1.0	151
	chrI	224479	1	1.0	151
	chrI	224480	1	0.5	135
	chrI	224480	1	0.5	151
	chrI	224490	1	0.5	76
	chrI	224491	0	0.5	124
	chrI	224492	0	0.5	141
	chrI	224498	1	0.5	151
	chrI	224500	1	0.5	101
	chrI	224514	1	0.5	81
	chrI	224518	0	0.5	123
	chrI	224530	1	0.5	120
	chrI	224537	0	1.0	151
	chrI	224539	0	0.5	134
	chrI	224539	0	1.5	151
	chrI	224542	1	0.5	151
	chrI	224550	1	0.5	151
	chrI	224553	0	0.5	151
	chrI	224557	0	0.5	151
	chrI	224582	0	0.5	125
	chrI	224599	1	0.5	151
	chrI	224605	0	0.5	121
	chrI	224613	0	1.0	151
	chrI	224616	1	0.5	124
	chrI	224624	0	0.5	114
	chrI	224624	1	0.5	151
	chrI	224632	1	0.5	141
	chrI	224643	0	0.5	144
	chrI	224643	1	0.5	123
	chrI	224664	0	0.5	108
	chrI	224669	0	0.5	151
	chrI	224672	1	0.5	134
	chrI	224678	0	0.5	151
	chrI	224688	0	0.5	62
	chrI	224703	1	1.0	151
	chrI	224704	1	0.5	151
	chrI	224705	0	0.5	128
	chrI	224705	0	0.5	138
	chrI	224707	1	0.5	151
	chrI	224708	1	1.0	151
	chrI	224708	1	0.5	125
	chrI	224709	0	0.5	151
	chrI	224710	0	1.0	151
	chrI	224714	1	0.5	151
	chrI	224727	1	0.5	121
	chrI	224731	0	0.5	133
	chrI	224740	1	0.5	114
	chrI	224743	0	0.5	151
	chrI	224745	0	0.5	151
	chrI	224752	1	0.5	62
	chrI	224759	0	0.5	151
	chrI	224773	1	0.5	108
	chrI	224777	0	0.5	44
	chrI	224784	0	0.5	85
	chrI	224784	0	0.5	86
	chrI	224786	1	0.5	144
	chrI	224798	0	1.0	99
	chrI	224806	0	0.5	151
	chrI	224821	1	1.0	151
	chrI	224822	1	0.5	44
	chrI	224823	0	0.5	101
	chrI	224837	1	0.5	128
	chrI	224842	1	0.5	138
	chrI	224842	1	0.5	151
	chrI	224845	0	1.0	151
	chrI	224857	0	0.5	133
	chrI	224859	0	2.5	151
	chrI	224863	1	0.5	133
	chrI	224865	0	0.5	151
	chrI	224865	1	0.5	151
	chrI	224868	0	1.0	151
	chrI	224870	1	0.5	85
	chrI	224870	1	0.5	86
	chrI	224875	1	1.0	151
	chrI	224877	0	0.5	151
	chrI	224879	0	0.5	151
	chrI	224879	0	0.5	124
	chrI	224899	1	1.0	99
	chrI	224904	1	0.5	151
	chrI	224912	0	0.5	151
	chrI	224925	1	0.5	101
	chrI	224935	0	0.5	151
	chrI	224943	1	0.5	151
	chrI	224951	1	0.5	151
	chrI	224967	1	0.5	151
	chrI	224972	0	0.5	57
	chrI	224984	1	0.5	151
	chrI	224987	0	0.5	140
	chrI	224989	1	0.5	133
	chrI	225002	0	1.0	68
	chrI	225003	1	0.5	124
	chrI	225012	1	0.5	151
	chrI	225013	1	0.5	151
	chrI	225029	1	2.5	151
	chrI	225031	1	0.5	57
	chrI	225038	1	0.5	151
	chrI	225046	0	0.5	140
	chrI	225059	1	0.5	150
	chrI	225060	1	0.5	151
	chrI	225062	0	0.5	65
	chrI	225072	1	1.0	68
	chrI	225075	0	0.5	151
	chrI	225075	1	0.5	151
	chrI	225103	1	0.5	151
	chrI	225104	0	0.5	135
	chrI	225104	0	0.5	151
	chrI	225106	0	0.5	151
	chrI	225107	1	0.5	151
	chrI	225108	0	0.5	151
	chrI	225122	0	1.0	151
	chrI	225126	1	0.5	140
	chrI	225126	1	0.5	65
	chrI	225127	0	0.5	151
	chrI	225133	0	0.5	74
	chrI	225136	0	0.5	151
	chrI	225137	0	0.5	151
	chrI	225144	0	0.5	78
	chrI	225149	0	0.5	103
	chrI	225149	0	0.5	106
	chrI	225149	0	0.5	119
	chrI	225152	0	0.5	151
	chrI	225152	0	0.5	98
	chrI	225155	0	0.5	128
	chrI	225165	0	0.5	128
	chrI	225168	0	0.5	68
	chrI	225168	0	0.5	70
	chrI	225173	0	0.5	94
	chrI	225185	1	0.5	140
	chrI	225187	0	0.5	141
	chrI	225207	1	0.5	74
	chrI	225222	1	0.5	78
	chrI	225223	0	0.5	62
	chrI	225237	1	0.5	68
	chrI	225237	1	0.5	70
	chrI	225238	1	0.5	135
	chrI	225242	0	0.5	151
	chrI	225251	1	0.5	98
	chrI	225254	1	0.5	103
	chrI	225255	1	0.5	106
	chrI	225261	1	0.5	151
	chrI	225264	1	0.5	151
	chrI	225268	1	0.5	94
	chrI	225271	1	0.5	151
	chrI	225272	1	0.5	119
	chrI	225278	1	0.5	151
	chrI	225280	1	0.5	151
	chrI	225285	1	0.5	128
	chrI	225286	1	1.0	151
	chrI	225286	1	0.5	62
	chrI	225288	0	1.5	151
	chrI	225292	0	0.5	101
	chrI	225294	1	0.5	128
	chrI	225300	0	0.5	139
	chrI	225327	1	0.5	141
	chrI	225332	0	0.5	102
	chrI	225338	1	0.5	151
	chrI	225339	1	0.5	151
	chrI	225340	1	0.5	151
	chrI	225348	0	0.5	151
	chrI	225390	0	0.5	151
	chrI	225393	1	0.5	101
	chrI	225395	0	0.5	151
	chrI	225417	0	0.5	84
	chrI	225423	1	0.5	151
	chrI	225435	1	0.5	102
	chrI	225438	1	0.5	139
	chrI	225447	1	0.5	151
	chrI	225459	1	1.0	151
	chrI	225460	0	0.5	139
	chrI	225460	0	0.5	151
	chrI	225502	1	0.5	84
	chrI	225503	0	1.0	102
	chrI	225509	0	0.5	151
	chrI	225519	0	0.5	150
	chrI	225533	0	0.5	60
	chrI	225535	0	0.5	151
	chrI	225561	1	0.5	151
	chrI	225562	0	1.0	112
	chrI	225576	0	1.0	151
	chrI	225586	0	0.5	151
	chrI	225592	1	0.5	60
	chrI	225598	1	0.5	139
	chrI	225599	0	1.5	151
	chrI	225604	1	0.5	151
	chrI	225608	1	1.0	102
	chrI	225612	1	0.5	151
	chrI	225616	0	0.5	115
	chrI	225620	1	0.5	151
	chrI	225621	0	0.5	151
	chrI	225625	0	0.5	106
	chrI	225630	0	0.5	113
	chrI	225649	0	0.5	119
	chrI	225656	1	0.5	151
	chrI	225663	1	0.5	151
	chrI	225668	1	0.5	150
	chrI	225675	0	0.5	151
	chrI	225675	1	1.0	112
	chrI	225686	1	0.5	151
	chrI	225695	0	1.0	133
	chrI	225702	0	0.5	91
	chrI	225720	0	0.5	116
	chrI	225732	1	0.5	106
	chrI	225732	1	0.5	115
	chrI	225743	1	0.5	113
	chrI	225754	0	1.0	141
	chrI	225762	0	0.5	84
	chrI	225768	1	0.5	151
	chrI	225769	1	0.5	119
	chrI	225774	1	1.5	151
	chrI	225781	1	0.5	151
	chrI	225794	1	0.5	92
	chrI	225796	0	0.5	151
	chrI	225797	0	0.5	151
	chrI	225809	0	0.5	151
	chrI	225810	0	1.0	151
	chrI	225810	0	0.5	64
	chrI	225827	1	1.0	133
	chrI	225828	0	0.5	151
	chrI	225832	0	0.5	151
	chrI	225836	1	0.5	116
	chrI	225847	0	0.5	56
	chrI	225847	1	0.5	84
	chrI	225865	1	1.0	151
	chrI	225874	1	0.5	64
	chrI	225894	1	1.0	141
	chrI	225896	0	0.5	107
	chrI	225904	1	0.5	56
	chrI	225921	1	0.5	151
	chrI	225928	0	0.5	126
	chrI	225957	0	0.5	151
	chrI	225962	1	0.5	151
	chrI	225963	1	0.5	151
	chrI	225965	1	0.5	151
	chrI	225977	0	0.5	151
	chrI	225989	1	1.0	151
	chrI	225990	0	0.5	138
	chrI	226005	1	0.5	151
	chrI	226005	1	0.5	107
	chrI	226022	0	0.5	151
	chrI	226053	1	0.5	126
	chrI	226056	1	0.5	151
	chrI	226093	0	0.5	53
	chrI	226111	0	0.5	151
	chrI	226117	0	0.5	151
	chrI	226125	1	0.5	151
	chrI	226127	1	0.5	138
	chrI	226138	0	0.5	146
	chrI	226148	1	0.5	53
	chrI	226151	0	0.5	145
	chrI	226160	0	0.5	151
	chrI	226164	0	1.0	132
	chrI	226173	0	0.5	151
	chrI	226177	0	0.5	97
	chrI	226197	0	0.5	66
	chrI	226201	0	0.5	122
	chrI	226210	0	0.5	136
	chrI	226218	1	0.5	151
	chrI	226263	1	0.5	66
	chrI	226272	0	0.5	150
	chrI	226274	0	0.5	148
	chrI	226274	0	0.5	151
	chrI	226275	1	0.5	97
	chrI	226276	0	0.5	138
	chrI	226283	1	0.5	146
	chrI	226295	1	1.0	132
	chrI	226295	1	0.5	145
	chrI	226305	0	0.5	115
	chrI	226305	1	0.5	151
	chrI	226320	0	0.5	151
	chrI	226323	1	0.5	151
	chrI	226324	1	0.5	151
	chrI	226324	1	0.5	122
	chrI	226341	1	0.5	151
	chrI	226344	1	0.5	151
	chrI	226345	1	0.5	136
	chrI	226348	0	0.5	151
	chrI	226358	0	0.5	97
	chrI	226382	0	0.5	93
	chrI	226413	1	0.5	138
	chrI	226421	1	0.5	148
	chrI	226422	1	0.5	115
	chrI	226430	0	1.0	141
	chrI	226443	0	0.5	58
	chrI	226452	1	0.5	151
	chrI	226456	1	0.5	97
	chrI	226457	0	0.5	115
	chrI	226476	1	0.5	93
	chrI	226479	1	0.5	151
	chrI	226484	0	0.5	151
	chrI	226500	1	0.5	151
	chrI	226502	0	0.5	136
	chrI	226504	1	0.5	58
	chrI	226514	1	0.5	151
	chrI	226519	0	0.5	151
	chrI	226528	0	0.5	142
	chrI	226570	1	1.0	141
	chrI	226574	1	0.5	115
	chrI	226587	0	0.5	151
	chrI	226602	0	0.5	119
	chrI	226604	0	0.5	151
	chrI	226637	0	1.0	151
	chrI	226637	1	0.5	136
	chrI	226638	0	1.0	138
	chrI	226639	0	0.5	115
	chrI	226641	0	0.5	151
	chrI	226643	0	0.5	57
	chrI	226669	1	0.5	142
	chrI	226671	1	0.5	151
	chrI	226674	0	0.5	151
	chrI	226677	1	0.5	151
	chrI	226697	0	0.5	151
	chrI	226701	1	0.5	57
	chrI	226703	0	1.0	83
	chrI	226723	1	0.5	119
	chrI	226754	1	0.5	115
	chrI	226763	1	0.5	151
	chrI	226764	1	0.5	151
	chrI	226765	0	0.5	125
	chrI	226765	0	0.5	126
	chrI	226787	1	0.5	83
	chrI	226787	1	0.5	84
	chrI	226789	0	0.5	106
	chrI	226797	1	0.5	138
	chrI	226801	0	0.5	60
	chrI	226816	0	0.5	99
	chrI	226816	1	1.0	151
	chrI	226825	1	0.5	138
	chrI	226825	1	0.5	151
	chrI	226837	1	0.5	151
	chrI	226838	0	0.5	151
	chrI	226843	0	0.5	67
	chrI	226860	0	1.0	151
	chrI	226862	1	0.5	60
	chrI	226882	1	0.5	151
	chrI	226891	1	0.5	125
	chrI	226891	1	0.5	126
	chrI	226896	1	0.5	106
	chrI	226906	0	0.5	86
	chrI	226911	1	0.5	67
	chrI	226912	0	0.5	81
	chrI	226979	0	0.5	151
	chrI	226980	0	0.5	148
	chrI	226980	0	1.5	151
	chrI	226986	0	0.5	122
	chrI	226987	0	1.0	133
	chrI	226988	0	0.5	150
	chrI	226988	0	1.5	151
	chrI	226993	1	0.5	81
	chrI	226993	1	0.5	86
	chrI	226994	0	0.5	151
	chrI	226995	0	1.5	151
	chrI	227002	0	0.5	151
	chrI	227004	0	0.5	147
	chrI	227016	1	0.5	151
	chrI	227050	0	0.5	138
	chrI	227052	0	0.5	123
	chrI	227060	0	0.5	82
	chrI	227062	0	0.5	151
	chrI	227108	0	0.5	151
	chrI	227113	1	0.5	122
	chrI	227119	1	1.0	133
	chrI	227121	0	0.5	151
	chrI	227121	1	1.0	151
	chrI	227127	0	1.0	151
	chrI	227127	1	0.5	148
	chrI	227132	0	0.5	106
	chrI	227136	1	0.5	151
	chrI	227137	1	0.5	150
	chrI	227143	1	1.0	151
	chrI	227145	1	0.5	82
	chrI	227146	1	0.5	151
	chrI	227147	0	0.5	133
	chrI	227150	0	1.0	151
	chrI	227153	1	2.0	151
	chrI	227154	0	1.0	151
	chrI	227155	0	0.5	151
	chrI	227156	0	0.5	138
	chrI	227156	0	0.5	151
	chrI	227157	0	1.5	151
	chrI	227158	0	0.5	151
	chrI	227161	1	0.5	151
	chrI	227164	0	0.5	151
	chrI	227164	1	1.0	151
	chrI	227166	0	0.5	144
	chrI	227175	0	0.5	151
	chrI	227175	1	0.5	151
	chrI	227176	0	1.0	151
	chrI	227176	0	0.5	120
	chrI	227176	1	0.5	123
	chrI	227181	0	0.5	86
	chrI	227184	0	0.5	122
	chrI	227184	0	0.5	123
	chrI	227185	0	0.5	151
	chrI	227187	1	0.5	138
	chrI	227192	0	0.5	87
	chrI	227218	1	0.5	151
	chrI	227239	1	0.5	106
	chrI	227261	0	0.5	151
	chrI	227269	0	0.5	151
	chrI	227269	1	0.5	86
	chrI	227279	1	0.5	133
	chrI	227280	1	0.5	87
	chrI	227290	1	0.5	151
	chrI	227293	1	0.5	138
	chrI	227298	1	0.5	151
	chrI	227299	1	0.5	120
	chrI	227306	0	0.5	102
	chrI	227307	1	0.5	151
	chrI	227308	1	1.0	151
	chrI	227308	1	0.5	122
	chrI	227308	1	0.5	123
	chrI	227309	1	0.5	144
	chrI	227309	1	0.5	151
	chrI	227310	1	0.5	151
	chrI	227311	0	0.5	108
	chrI	227311	0	0.5	127
	chrI	227313	1	1.0	151
	chrI	227314	0	0.5	125
	chrI	227322	1	0.5	151
	chrI	227323	0	0.5	131
	chrI	227323	0	0.5	127
	chrI	227327	0	0.5	113
	chrI	227329	0	0.5	104
	chrI	227329	0	0.5	108
	chrI	227329	1	0.5	151
	chrI	227330	0	0.5	60
	chrI	227330	1	0.5	151
	chrI	227334	0	0.5	69
	chrI	227334	0	0.5	106
	chrI	227337	0	0.5	146
	chrI	227337	1	1.5	151
	chrI	227346	1	0.5	143
	chrI	227346	1	0.5	150
	chrI	227346	1	0.5	151
	chrI	227347	0	1.0	110
	chrI	227354	0	1.0	103
	chrI	227364	0	1.0	151
	chrI	227365	0	0.5	75
	chrI	227372	0	0.5	64
	chrI	227393	1	0.5	60
	chrI	227401	0	0.5	51
	chrI	227406	1	0.5	69
	chrI	227407	1	0.5	151
	chrI	227408	1	0.5	102
	chrI	227415	0	0.5	95
	chrI	227419	1	0.5	108
	chrI	227432	1	0.5	102
	chrI	227437	1	0.5	151
	chrI	227437	1	0.5	64
	chrI	227438	1	0.5	108
	chrI	227439	1	0.5	106
	chrI	227439	1	0.5	125
	chrI	227439	1	0.5	127
	chrI	227440	1	0.5	113
	chrI	227441	0	0.5	151
	chrI	227441	1	0.5	75
	chrI	227442	0	1.0	146
	chrI	227442	0	0.5	150
	chrI	227442	0	1.5	151
	chrI	227447	1	1.0	151
	chrI	227452	1	0.5	51
	chrI	227453	1	0.5	131
	chrI	227453	1	0.5	127
	chrI	227455	1	0.5	151
	chrI	227458	1	1.0	103
	chrI	227458	1	1.0	110
	chrI	227461	0	0.5	151
	chrI	227468	0	1.0	151
	chrI	227469	0	0.5	119
	chrI	227482	1	0.5	146
	chrI	227484	0	0.5	133
	chrI	227511	1	0.5	95
	chrI	227529	0	0.5	50
	chrI	227535	0	0.5	93
	chrI	227544	0	0.5	149
	chrI	227581	1	0.5	50
	chrI	227587	1	1.0	146
	chrI	227591	1	0.5	150
	chrI	227591	1	0.5	119
	chrI	227596	1	2.0	151
	chrI	227603	0	0.5	90
	chrI	227608	1	0.5	151
	chrI	227614	0	1.0	151
	chrI	227616	1	0.5	133
	chrI	227617	0	1.0	138
	chrI	227630	0	1.0	150
	chrI	227630	0	0.5	151
	chrI	227630	1	1.5	151
	chrI	227631	1	0.5	93
	chrI	227632	0	0.5	151
	chrI	227664	0	1.0	107
	chrI	227667	0	1.5	141
	chrI	227678	0	1.0	89
	chrI	227678	1	0.5	151
	chrI	227681	0	0.5	102
	chrI	227694	1	0.5	90
	chrI	227705	0	1.0	74
	chrI	227718	0	0.5	102
	chrI	227722	0	0.5	92
	chrI	227725	0	0.5	92
	chrI	227742	0	0.5	111
	chrI	227742	0	1.0	114
	chrI	227754	1	1.0	138
	chrI	227758	0	0.5	91
	chrI	227759	0	0.5	86
	chrI	227760	0	0.5	133
	chrI	227768	1	1.0	89
	chrI	227772	1	0.5	151
	chrI	227773	0	0.5	151
	chrI	227773	1	1.0	107
	chrI	227774	0	0.5	151
	chrI	227774	0	0.5	95
	chrI	227779	1	1.0	150
	chrI	227781	0	0.5	151
	chrI	227782	1	1.0	74
	chrI	227784	1	0.5	102
	chrI	227785	0	1.5	151
	chrI	227790	1	0.5	150
	chrI	227791	0	1.0	151
	chrI	227791	1	1.5	151
	chrI	227792	0	0.5	135
	chrI	227792	0	0.5	98
	chrI	227796	0	0.5	151
	chrI	227801	0	0.5	116
	chrI	227804	0	0.5	151
	chrI	227807	1	1.5	141
	chrI	227815	1	0.5	92
	chrI	227818	1	0.5	92
	chrI	227824	1	0.5	102
	chrI	227847	1	0.5	86
	chrI	227850	1	0.5	91
	chrI	227857	1	0.5	111
	chrI	227857	1	1.0	114
	chrI	227870	0	0.5	44
	chrI	227874	1	0.5	95
	chrI	227875	0	0.5	151
	chrI	227890	1	0.5	98
	chrI	227892	1	0.5	133
	chrI	227915	1	0.5	44
	chrI	227918	1	0.5	116
	chrI	227926	1	0.5	135
	chrI	227926	1	0.5	151
	chrI	227931	1	0.5	151
	chrI	227940	0	0.5	151
	chrI	227944	0	0.5	151
	chrI	227945	1	1.5	151
	chrI	227952	1	1.0	151
	chrI	227956	0	0.5	151
	chrI	227956	1	0.5	151
	chrI	227960	0	1.0	151
	chrI	227965	1	0.5	151
	chrI	227971	0	0.5	138
	chrI	227978	0	0.5	139
	chrI	228059	1	0.5	151
	chrI	228081	0	0.5	96
	chrI	228104	1	0.5	151
	chrI	228106	1	0.5	151
	chrI	228108	1	0.5	138
	chrI	228116	1	0.5	139
	chrI	228116	1	1.5	151
	chrI	228119	0	1.5	151
	chrI	228122	0	0.5	67
	chrI	228137	0	0.5	49
	chrI	228137	0	0.5	75
	chrI	228152	1	0.5	151
	chrI	228153	0	0.5	151
	chrI	228180	1	0.5	96
	chrI	228183	0	0.5	104
	chrI	228183	0	2.0	106
	chrI	228187	1	0.5	49
	chrI	228190	0	0.5	82
	chrI	228191	1	0.5	67
	chrI	228213	1	0.5	75
	chrI	228236	0	1.0	86
	chrI	228253	0	0.5	151
	chrI	228254	0	0.5	151
	chrI	228260	0	0.5	151
	chrI	228273	1	1.5	151
	chrI	228273	1	0.5	82
	chrI	228282	0	0.5	151
	chrI	228290	1	2.5	106
	chrI	228323	1	0.5	151
	chrI	228324	1	1.0	86
	chrI	228328	0	1.0	50
	chrI	228332	0	0.5	151
	chrI	228381	1	1.0	50
	chrI	228385	0	1.0	151
	chrI	228386	0	1.5	151
	chrI	228404	1	0.5	151
	chrI	228408	1	0.5	151
	chrI	228410	1	0.5	151
	chrI	228433	0	0.5	151
	chrI	228435	1	0.5	151
	chrI	228445	0	1.0	137
	chrI	228452	0	0.5	115
	chrI	228499	0	0.5	82
	chrI	228501	1	0.5	151
	chrI	228502	0	0.5	107
	chrI	228526	0	0.5	124
	chrI	228548	0	1.0	151
	chrI	228557	0	0.5	113
	chrI	228568	1	0.5	115
	chrI	228581	1	1.0	137
	chrI	228582	1	0.5	82
	chrI	228588	0	0.5	151
	chrI	228599	0	0.5	151
	chrI	228604	0	0.5	143
	chrI	228610	1	0.5	107
	chrI	228611	0	1.0	151
	chrI	228620	1	0.5	151
	chrI	228626	0	2.0	151
	chrI	228653	1	0.5	124
	chrI	228662	0	0.5	151
	chrI	228666	0	0.5	72
	chrI	228666	1	1.0	151
	chrI	228673	1	0.5	113
	chrI	228687	1	1.5	151
	chrI	228739	1	0.5	72
	chrI	228740	1	1.0	151
	chrI	228741	0	0.5	140
	chrI	228746	1	0.5	143
	chrI	228750	0	0.5	151
	chrI	228754	0	1.0	151
	chrI	228754	0	1.0	90
	chrI	228761	1	0.5	151
	chrI	228763	0	1.0	142
	chrI	228768	0	0.5	101
	chrI	228774	0	0.5	136
	chrI	228781	1	0.5	151
	chrI	228782	1	0.5	151
	chrI	228793	0	0.5	147
	chrI	228830	1	0.5	151
	chrI	228845	1	1.0	90
	chrI	228870	1	0.5	101
	chrI	228880	0	0.5	98
	chrI	228880	1	0.5	140
	chrI	228888	1	0.5	151
	chrI	228899	1	1.0	151
	chrI	228900	1	0.5	151
	chrI	228904	1	1.0	142
	chrI	228907	0	1.0	151
	chrI	228908	1	1.0	151
	chrI	228909	1	0.5	136
	chrI	228920	0	1.0	151
	chrI	228936	0	0.5	151
	chrI	228937	0	0.5	151
	chrI	228939	1	0.5	147
	chrI	228941	0	0.5	127
	chrI	228943	1	1.0	151
	chrI	228955	0	0.5	151
	chrI	228977	0	0.5	133
	chrI	228982	1	0.5	98
	chrI	228984	0	0.5	94
	chrI	229057	1	1.0	151
	chrI	229069	1	0.5	127
	chrI	229079	1	0.5	94
	chrI	229091	0	0.5	151
	chrI	229091	1	1.0	151
	chrI	229101	0	1.0	151
	chrI	229109	1	0.5	133
	chrI	229116	1	1.0	151
	chrI	229222	0	0.5	151
	chrI	229230	0	0.5	151
	chrI	229246	1	0.5	151
	chrI	229253	0	0.5	68
	chrI	229266	0	2.0	151
	chrI	229269	0	0.5	151
	chrI	229277	1	1.0	151
	chrI	229279	1	0.5	151
	chrI	229286	0	1.0	151
	chrI	229322	1	0.5	68
	chrI	229339	0	0.5	105
	chrI	229344	0	0.5	60
	chrI	229380	1	0.5	151
	chrI	229381	0	0.5	97
	chrI	229391	0	0.5	65
	chrI	229396	0	2.0	151
	chrI	229403	1	0.5	151
	chrI	229405	0	0.5	76
	chrI	229406	1	0.5	60
	chrI	229410	0	0.5	82
	chrI	229410	0	1.0	87
	chrI	229411	0	0.5	90
	chrI	229412	0	0.5	78
	chrI	229412	0	1.0	89
	chrI	229413	0	1.0	79
	chrI	229413	0	1.0	80
	chrI	229413	0	0.5	86
	chrI	229413	0	0.5	87
	chrI	229413	0	0.5	88
	chrI	229413	0	0.5	92
	chrI	229419	1	0.5	151
	chrI	229421	1	2.0	151
	chrI	229422	0	0.5	151
	chrI	229422	0	0.5	94
	chrI	229428	0	0.5	64
	chrI	229432	0	0.5	65
	chrI	229432	0	0.5	69
	chrI	229432	0	1.0	70
	chrI	229439	1	1.0	151
	chrI	229446	0	0.5	56
	chrI	229446	0	0.5	57
	chrI	229446	1	0.5	105
	chrI	229457	1	0.5	65
	chrI	229471	0	1.0	151
	chrI	229473	0	1.0	119
	chrI	229479	1	0.5	97
	chrI	229483	1	0.5	76
	chrI	229491	1	0.5	78
	chrI	229493	0	0.5	108
	chrI	229493	1	0.5	64
	chrI	229493	1	0.5	82
	chrI	229494	0	1.0	151
	chrI	229494	1	1.0	79
	chrI	229494	1	0.5	80
	chrI	229495	1	0.5	80
	chrI	229499	1	0.5	65
	chrI	229499	1	1.0	87
	chrI	229500	1	0.5	86
	chrI	229502	1	0.5	87
	chrI	229502	1	1.0	89
	chrI	229502	1	0.5	90
	chrI	229503	0	0.5	151
	chrI	229503	1	0.5	69
	chrI	229503	1	1.0	70
	chrI	229503	1	0.5	88
	chrI	229504	0	0.5	148
	chrI	229504	1	0.5	56
	chrI	229504	1	0.5	57
	chrI	229505	0	2.0	151
	chrI	229507	1	0.5	92
	chrI	229508	0	0.5	106
	chrI	229513	0	0.5	139
	chrI	229518	0	0.5	125
	chrI	229518	1	0.5	94
	chrI	229535	0	1.5	148
	chrI	229566	1	2.0	151
	chrI	229583	0	0.5	109
	chrI	229593	1	1.0	119
	chrI	229594	0	0.5	81
	chrI	229594	0	0.5	82
	chrI	229598	0	1.0	110
	chrI	229602	1	0.5	108
	chrI	229615	1	0.5	106
	chrI	229616	0	0.5	40
	chrI	229628	0	2.0	58
	chrI	229629	0	0.5	57
	chrI	229630	1	1.0	151
	chrI	229631	0	0.5	113
	chrI	229631	0	0.5	115
	chrI	229644	1	0.5	125
	chrI	229646	0	0.5	102
	chrI	229651	1	0.5	139
	chrI	229658	1	0.5	40
	chrI	229677	1	0.5	81
	chrI	229677	1	0.5	82
	chrI	229682	1	1.5	148
	chrI	229687	1	3.5	151
	chrI	229687	1	2.0	58
	chrI	229688	1	0.5	151
	chrI	229688	1	0.5	57
	chrI	229689	0	1.5	151
	chrI	229693	1	0.5	109
	chrI	229695	0	0.5	76
	chrI	229699	1	0.5	151
	chrI	229712	1	1.0	110
	chrI	229715	0	0.5	109
	chrI	229728	0	0.5	149
	chrI	229738	0	0.5	83
	chrI	229747	1	0.5	113
	chrI	229747	1	0.5	115
	chrI	229748	0	0.5	151
	chrI	229749	1	0.5	102
	chrI	229750	0	0.5	151
	chrI	229773	1	0.5	76
	chrI	229813	0	0.5	151
	chrI	229822	1	0.5	83
	chrI	229824	1	0.5	110
	chrI	229847	1	1.5	151
	chrI	229862	0	0.5	104
	chrI	229862	0	0.5	106
	chrI	229876	1	0.5	149
	chrI	229899	0	0.5	150
	chrI	229904	0	0.5	151
	chrI	229909	0	0.5	89
	chrI	229956	1	0.5	151
	chrI	229967	1	0.5	104
	chrI	229967	1	0.5	106
	chrI	230000	1	0.5	89
	chrI	230007	1	0.5	151
	chrI	230012	0	0.5	151
	chrI	230021	0	0.5	151
	chrI	230033	0	0.5	67
	chrI	230038	0	1.0	112
	chrI	230047	1	0.5	151
	chrI	230054	1	0.5	151
	chrI	230090	1	0.5	151
	chrI	230099	1	0.5	67
	chrI	230105	0	0.5	68
	chrI	230133	0	0.5	30
	chrI	230135	0	0.5	24
	chrI	230141	0	0.5	39
	chrI	230144	0	0.5	36
	chrI	230151	1	1.0	112
	chrI	230163	1	0.5	30
	chrI	230167	1	0.5	53
	chrI	230174	1	0.5	68
	chrI	230175	1	0.5	36
	chrI	230175	1	0.5	39
	chrI	230179	1	0.5	24
	chrI	230182	0	0.5	31
	chrI	230212	1	0.5	78
	chrI	230214	1	0.5	31
